product_clean,meddra_pt,a,prr,n_methods,pct_serious,has_cusum_alarm,risk_score,risk_percentile,risk_tier
KRATOM,Death,178,19.6869131562603,4,1,TRUE,0.720930239710095,100,Critical (top 5%)
KRATOM,Toxicity To Various Agents,102,126.071042155762,4,1,TRUE,0.704439318417529,99.966788442378,Critical (top 5%)
PRESERVISION AREDS 2 FORMULA SOFT GELS,Death,51,4.71910266996972,4,1,TRUE,0.683910555520096,99.9335768847559,Critical (top 5%)
KRATOM,Accidental Death,37,4435.9702970297,4,1,TRUE,0.674406313589604,99.9003653271338,Critical (top 5%)
KRATOM,Pulmonary Oedema,29,144.868399339934,4,1,TRUE,0.667191020630582,99.8671537695118,Critical (top 5%)
KRATOM,Brain Oedema,17,97.0546911834041,4,1,TRUE,0.651373236141469,99.8339422118897,Critical (top 5%)
KRATOM,Overdose,32,19.3763376337634,4,0.9375,TRUE,0.651356495108538,99.8007306542677,Critical (top 5%)
KRATOM,Toxicologic Test Abnormal,14,279.745874587459,4,1,TRUE,0.645622967082668,99.7675190966456,Critical (top 5%)
KRATOM,Pulmonary Congestion,13,48.7057549504951,4,1,TRUE,0.643428130211335,99.7010959814016,Critical (top 5%)
KRATOM,Unresponsive To Stimuli,13,19.9818481848185,4,1,TRUE,0.643428130211335,99.7010959814016,Critical (top 5%)
VITAMIN B6,Neuropathy Peripheral,19,127.991028295376,4,0.947368421052632,TRUE,0.638877903666128,99.6678844237795,Critical (top 5%)
BALANCE OF NATURE WHOLE PRODUCE FRUITS,Hospitalisation,11,18.2336956521739,4,1,TRUE,0.638480532080261,99.5350381932913,Critical (top 5%)
BALANCE OF NATURE WHOLE PRODUCE VEGGIES,Hospitalisation,11,19.1941504576659,4,1,TRUE,0.638480532080261,99.5350381932913,Critical (top 5%)
BENEFIBER WITH WHEAT DEXTRIN (NCH) (WHEAT DEXTRIN) POWDER,Death,11,3.60001746501958,4,1,TRUE,0.638480532080261,99.5350381932913,Critical (top 5%)
KRATOM,Cardiomegaly,11,52.7520792079208,4,1,TRUE,0.638480532080261,99.5350381932913,Critical (top 5%)
GUNDRY MD TOTAL RESTORE,Hospitalisation,9,29.7682926829268,4,1,TRUE,0.632537319378627,99.4686150780472,Critical (top 5%)
KRATOM,Obesity,9,41.500761614623,4,1,TRUE,0.632537319378627,99.4686150780472,Critical (top 5%)
NUTRAFOL WOMENS BALANCE HAIR GROWTH NUTRACEUTICAL,Hospitalisation,21,14.6869834710744,4,0.904761904761905,TRUE,0.629060094992433,99.4354035204251,Critical (top 5%)
NEW VITALITY SUPER BETA PROSTATE,Dysuria,8,80.3506172839506,4,1,TRUE,0.629048969313672,99.368980405181,Critical (top 5%)
VITAMIN B6,Hypervitaminosis,8,103.291005291005,4,1,TRUE,0.629048969313672,99.368980405181,Critical (top 5%)
FLORASTOR (SACCHAROMYCES BOULARDII LYOPHILISED),Fungaemia,15,1627.4,4,0.933333333333333,TRUE,0.627666311324831,99.3025572899369,Critical (top 5%)
OXYELITE PRO,Jaundice,15,16.1814159292035,4,0.933333333333333,TRUE,0.627666311324831,99.3025572899369,Critical (top 5%)
KRATOM,Contusion,7,4.79564356435644,4,1,TRUE,0.625094204185235,99.2693457323148,Critical (top 5%)
OXYELITE PRO (REVISED FORMULA),Liver Injury,6,150.258461538462,4,1,TRUE,0.620528762897433,99.2361341746928,Critical (top 5%)
VITAMIN B6,Paraesthesia,13,29.3801805973605,4,0.923076923076923,TRUE,0.620351207134412,99.2029226170708,Critical (top 5%)
KRATOM,Drug Screen Positive,22,29.9727722772277,4,0.863636363636364,TRUE,0.618100204068603,99.1697110594487,Critical (top 5%)
OXYELITE PRO,Blood Bilirubin Increased,17,29.4360795454545,4,0.882352941176471,TRUE,0.61607911849441,99.1364995018266,Critical (top 5%)
KRATOM,Convulsion,25,3.70950151945888,4,0.84,TRUE,0.614795303271035,99.1032879442046,Critical (top 5%)
AG1 WHOLE FOOD POUCH 360G NON SPECIFIC,Hospitalisation,11,7.5102672568355,4,0.909090909090909,TRUE,0.611207804807533,99.0368648289605,Critical (top 5%)
PLEXUS SLIM,Heart Rate Increased,11,3.82583443925967,4,0.909090909090909,TRUE,0.611207804807533,99.0368648289605,Critical (top 5%)
VITAMIN B6,Hypoaesthesia,10,22.6001389210465,4,0.9,TRUE,0.605657754843637,99.0036532713384,Critical (top 5%)
OXYELITE PRO,Aspartate Aminotransferase Increased,9,11.8221982758621,4,0.888888888888889,TRUE,0.599203986045294,98.9704417137164,Critical (top 5%)
HYDROXYCUT,Blood Bilirubin Increased,13,10.3932091464617,4,0.846153846153846,TRUE,0.597274284057489,98.9372301560943,Critical (top 5%)
PLEXUS PROBIO5,Abdominal Pain Upper,8,4.60369348333687,4,0.875,TRUE,0.591548969313672,98.8043839256061,Critical (top 5%)
TRIVEREX,Chest Pain,8,5.9005291005291,4,0.875,TRUE,0.591548969313672,98.8043839256061,Critical (top 5%)
VITAMIN B6,Arthralgia,8,25.1815543373106,4,0.875,TRUE,0.591548969313672,98.8043839256061,Critical (top 5%)
VITAMIN B6,Muscle Twitching,8,111.554285714286,4,0.875,TRUE,0.591548969313672,98.8043839256061,Critical (top 5%)
OXYELITE PRO,Alanine Aminotransferase Increased,11,14.3258547008547,4,0.818181818181818,TRUE,0.583935077534806,98.7711723679841,Critical (top 5%)
HYDROXYCUT HARDCORE CAPSULES,Anxiety,28,9.37091266378546,4,0.714285714285714,TRUE,0.580437444265815,98.737960810362,Critical (top 5%)
HYDROXYCUT HARDCORE CAPSULES,Injury,37,73.5695391272401,4,0.675675675675676,TRUE,0.577109016292306,98.70474925274,Critical (top 5%)
HYDROXYCUT REGULAR RAPID RELEASE CAPLETS,Depression,13,5.35579862762416,4,0.769230769230769,TRUE,0.574197360980566,98.6715376951179,Critical (top 5%)
HYDROXYCUT,Jaundice,21,10.6921193861218,4,0.714285714285714,TRUE,0.571917237849576,98.6383261374959,Critical (top 5%)
HYDROXYCUT REGULAR RAPID RELEASE CAPLETS,Hypertension,23,4.73123240272737,4,0.695652173913044,TRUE,0.569021463643028,98.6051145798738,Critical (top 5%)
HYDROXYCUT REGULAR RAPID RELEASE CAPLETS,Jaundice,25,6.66227202812569,4,0.68,TRUE,0.566795303271035,98.5719030222518,Critical (top 5%)
ALL DAY ENERGY GREENS FRUITY,Gastric Disorder,12,23.4142473871782,4,0.75,TRUE,0.566057525794866,98.5386914646297,Critical (top 5%)
GARCINIA CAMBOGIA,Alanine Aminotransferase Increased,9,33.3820668693009,4,0.777777777777778,TRUE,0.56587065271196,98.4390567917635,Critical (top 5%)
GARCINIA CAMBOGIA,Aspartate Aminotransferase Increased,9,33.8137315270936,4,0.777777777777778,TRUE,0.56587065271196,98.4390567917635,Critical (top 5%)
HYDROXYCUT,Hepatocellular Injury,9,25.1130030959752,4,0.777777777777778,TRUE,0.56587065271196,98.4390567917635,Critical (top 5%)
KRATOM,Dependence,103,35.8976226110983,4,0.533980582524272,TRUE,0.564922439314759,98.4058452341415,Critical (top 5%)
OXYELITE PRO,Fatigue,17,6.04169096209913,4,0.705882352941177,TRUE,0.563137942023822,98.3726336765194,Critical (top 5%)
OXYELITE PRO,Malaise,14,4.46987951807229,4,0.714285714285714,TRUE,0.559908681368382,98.3394221188974,Critical (top 5%)
ALL DAY ENERGY GREENS,Abdominal Pain Upper,39,5.13161225417018,4,0.58974358974359,TRUE,0.552888526513039,98.3062105612753,Critical (top 5%)
HYDROXYCUT HARDCORE CAPSULES,Pain,35,7.11139615400659,4,0.6,TRUE,0.552760515510066,98.2729990036533,Critical (top 5%)
ALL DAY ENERGY GREENS,Flatulence,13,7.20455166757791,4,0.692307692307692,TRUE,0.551120437903643,98.2397874460312,Critical (top 5%)
ALL DAY ENERGY GREENS FRUITY,Diarrhoea,22,3.0337935933392,4,0.636363636363636,TRUE,0.549918385886785,98.2065758884092,Critical (top 5%)
HYDROXYCUT,Asthenia,15,3.34315624613609,4,0.666666666666667,TRUE,0.547666311324831,98.1733643307871,Critical (top 5%)
HYDROXYCUT HARDCORE CAPSULES,Emotional Distress,41,71.9094411637621,4,0.560975609756098,TRUE,0.545739278361674,98.1401527731651,Critical (top 5%)
SUPER BETA PROSTATE,Urinary Retention,66,21.9521739130435,4,0.5,TRUE,0.541546614356321,98.106941215543,Critical (top 5%)
OXYELITE PRO,Chromaturia,12,16.9305555555556,4,0.666666666666667,TRUE,0.541057525794866,98.073729657921,Critical (top 5%)
ALL DAY ENERGY GREENS,Diverticulitis,7,6.51624382964068,4,0.714285714285714,TRUE,0.539379918470949,98.0073065426769,Critical (top 5%)
NAC MARKETING AGELESS MALE TABLET,Cerebrovascular Accident,7,18.4209930454472,4,0.714285714285714,TRUE,0.539379918470949,98.0073065426769,Critical (top 5%)
HYDROXYCUT,Chromaturia,14,9.26650346797226,4,0.642857142857143,TRUE,0.538480109939811,97.9408834274328,Critical (top 5%)
OXYELITE PRO,Hepatic Enzyme Increased,14,15.2103386809269,4,0.642857142857143,TRUE,0.538480109939811,97.9408834274328,Critical (top 5%)
PLEXUS SLIM,Diarrhoea,20,3.31463386439825,4,0.6,TRUE,0.53618651774107,97.9076718698107,Critical (top 5%)
HYDROXYCUT REGULAR RAPID RELEASE CAPLETS,Injury,85,90.4439375329005,4,0.447058823529412,TRUE,0.533157194525123,97.8744603121886,Critical (top 5%)
HYDROXYCUT HARDCORE CAPSULES,Hepatitis,9,17.3389629395246,4,0.666666666666667,TRUE,0.532537319378627,97.8412487545666,Critical (top 5%)
PRESERVISION AREDS 2,Death,48,2.35336195439819,3,1,TRUE,0.532115051589732,97.8080371969445,Critical (top 5%)
HYDROXYCUT REGULAR RAPID RELEASE CAPLETS,Pain,73,6.02504355400697,4,0.452054794520548,TRUE,0.530148559723493,97.7748256393225,Critical (top 5%)
ALL DAY ENERGY GREENS,Abdominal Distension,11,4.02995391705069,4,0.636363636363636,TRUE,0.529389622989352,97.7416140817004,Critical (top 5%)
ALL DAY ENERGY GREENS,Gastric Disorder,19,23.2244498040398,4,0.578947368421053,TRUE,0.528351587876654,97.7084025240784,Critical (top 5%)
BURN,Nausea,13,6.74885145482389,4,0.615384615384615,TRUE,0.52804351482672,97.6751909664563,Critical (top 5%)
HYDROXYCUT REGULAR RAPID RELEASE CAPLETS,Emotional Distress,115,123.252032520325,4,0.4,TRUE,0.527992122793946,97.6419794088343,Critical (top 5%)
ALL DAY ENERGY GREENS,Gastrointestinal Disorder,15,10.4912023460411,4,0.6,TRUE,0.527666311324831,97.5755562935902,Critical (top 5%)
HYDROXYCUT HARDCORE CAPSULES,Jaundice,15,9.87144497736945,4,0.6,TRUE,0.527666311324831,97.5755562935902,Critical (top 5%)
SUPER BETA PROSTATE,Prostatomegaly,26,24.9826086956522,4,0.538461538461538,TRUE,0.52549535464723,97.5423447359681,Critical (top 5%)
HYDROXYCUT,Fatigue,29,4.84662772609739,4,0.517241379310345,TRUE,0.522363434423686,97.5091331783461,Critical (top 5%)
"ALL DAY ENERGY GREENS, FRUITY",Blood Pressure Increased,6,7.94289433010657,4,0.666666666666667,TRUE,0.520528762897433,97.475921620724,Critical (top 5%)
HYDROXYCUT REGULAR RAPID RELEASE CAPLETS,Anxiety,54,7.3610430482185,4,0.444444444444444,TRUE,0.51893673498802,97.442710063102,Critical (top 5%)
ALL DAY ENERGY GREENS FRUITY,Flatulence,12,10.9398492020431,4,0.583333333333333,TRUE,0.516057525794866,97.4094985054799,Critical (top 5%)
BURN,Diarrhoea,10,6.4797706275884,4,0.6,TRUE,0.515657754843637,97.3762869478579,Critical (top 5%)
HYDROXYCUT REGULAR RAPID RELEASE CAPLETS,Hepatitis,19,15.3559909369586,4,0.526315789473684,TRUE,0.512562114192444,97.3430753902358,Critical (top 5%)
HYDROXYCUT REGULAR RAPID RELEASE CAPLETS,Convulsion,32,5.90871167138638,4,0.46875,TRUE,0.510731495108538,97.3098638326138,Critical (top 5%)
HYDROXYCUT HARDCORE CAPSULES,Rhabdomyolysis,27,46.2638688570725,4,0.481481481481482,TRUE,0.509519083201699,97.2766522749917,Critical (top 5%)
NUTRAFOL WOMENS BALANCE HAIR GROWTH NUTRACEUTICAL,Emergency Care,22,94.6652542372881,4,0.5,TRUE,0.509009294977694,97.2434407173697,Critical (top 5%)
SUPER BETA PROSTATE,Urinary Tract Infection,28,4.20380434782609,4,0.464285714285714,TRUE,0.505437444265815,97.2102291597476,Critical (top 5%)
BURN,Vomiting,11,6.17554512834667,4,0.545454545454545,TRUE,0.502116895716624,97.1438060445035,Critical (top 5%)
"PRESERVISION AREDS 2 FORMULA SOFT GELS (CAPSULE, SOFT)",Fall,11,8.12770543059223,4,0.545454545454545,TRUE,0.502116895716624,97.1438060445035,Critical (top 5%)
OXYELITE PRO,Hepatitis,9,28.4222797927461,4,0.555555555555556,TRUE,0.499203986045294,97.0773829292594,Critical (top 5%)
SUSTAIN,Nausea,9,7.00242223355431,4,0.555555555555556,TRUE,0.499203986045294,97.0773829292594,Critical (top 5%)
SUPER BETA PROSTATE,Cerebrovascular Accident,43,2.85604087357243,4,0.395348837209302,TRUE,0.49746183435214,97.0441713716373,Critical (top 5%)
HYDROXYCUT REGULAR RAPID RELEASE CAPLETS,Renal Failure,40,18.8410750349542,4,0.4,TRUE,0.496715280638503,97.0109598140153,Critical (top 5%)
5 HOUR ENERGY,Death,14,8.04590874811463,4,1,FALSE,0.495622967082668,96.9113251411491,Critical (top 5%)
5-HOUR ENERGY,Death,14,9.27496197305519,4,1,FALSE,0.495622967082668,96.9113251411491,Critical (top 5%)
ALL DAY ENERGY GREENS FRUITY,Gastrointestinal Disorder,14,16.0985958702065,4,0.5,TRUE,0.495622967082668,96.9113251411491,Critical (top 5%)
HYDROXYCUT REGULAR RAPID RELEASE CAPLETS,Renal Disorder,22,13.7875155022737,4,0.454545454545455,TRUE,0.49537293134133,96.8781135835271,Critical (top 5%)
KRATOM,Cardiac Arrest,13,10.5309740433503,4,1,FALSE,0.493428130211335,96.844902025905,Critical (top 5%)
NUTRAFOL WOMENS BALANCE HAIR GROWTH NUTRACEUTICAL,Hepatic Enzyme Increased,12,10.8223801065719,4,0.5,TRUE,0.491057525794866,96.7784789106609,Critical (top 5%)
SUPER BETA PROSTATE P3 ADVANCED,Haemorrhage,12,4.11231771641328,4,0.5,TRUE,0.491057525794866,96.7784789106609,Critical (top 5%)
CENTRUM,Death,12,5.63936385542169,4,1,FALSE,0.491057525794866,96.7452673530389,Critical (top 5%)
BENEFIBER W WHEAT DEXTRIN (NCH) (WHEAT DEXTRIN) POWDER,Flatulence,10,8.61937195931004,4,0.5,TRUE,0.485657754843637,96.7120557954168,Critical (top 5%)
HERBALIFE CELL-U-LOSS,Fatigue,10,4.49615618605166,4,1,FALSE,0.485657754843637,96.6456326801727,Critical (top 5%)
HYDROXYCUT,Aspartate Aminotransferase Increased,10,6.147171384184,4,1,FALSE,0.485657754843637,96.6456326801727,Critical (top 5%)
PLEXUS BOOST,Heart Rate Increased,9,13.3764233087743,4,1,FALSE,0.482537319378627,96.6124211225507,Critical (top 5%)
HYDROXYCUT REGULAR RAPID RELEASE CAPLETS,Rhabdomyolysis,66,54.8402302000548,4,0.303030303030303,TRUE,0.482455705265412,96.5792095649286,Critical (top 5%)
HYDROXYCUT,Hepatic Enzyme Increased,13,6.58359867640632,4,0.461538461538462,TRUE,0.481889668672874,96.5459980073065,Critical (top 5%)
HYDROXYCUT,Abdominal Pain,19,3.20549298557597,4,0.421052631578947,TRUE,0.480983166824022,96.5127864496845,Critical (top 5%)
HYDROXYCUT HARDCORE CAPSULES,Liver Function Test Abnormal,49,39.4359241267638,4,0.326530612244898,TRUE,0.480684911422566,96.4795748920624,Critical (top 5%)
HYDROXYCUT REGULAR RAPID RELEASE CAPLETS,Liver Injury,33,16.3784580127681,4,0.363636363636364,TRUE,0.480108760549797,96.4463633344404,Critical (top 5%)
ALL DAY ENERGY GREENS FRUITY,Abdominal Distension,8,4.8112958368818,4,0.5,TRUE,0.479048969313672,96.3467286615742,Critical (top 5%)
GUNDRY MD MCT WELLNESS WATERMELON LEMONADE,Hospitalisation,8,40.6595191006558,4,1,FALSE,0.479048969313672,96.3467286615742,Critical (top 5%)
HYDROXYCUT REGULAR RAPID RELEASE CAPLETS,Obesity,8,43.8229448961156,4,0.5,TRUE,0.479048969313672,96.3467286615742,Critical (top 5%)
SUPER BETA PROSTATE P3 ADVANCED,Urinary Retention,23,26.6983709931687,4,0.391304347826087,TRUE,0.477717115816942,96.3135171039522,Critical (top 5%)
HYDROXYCUT HARDCORE CAPSULES,Liver Injury,20,23.9115387447534,4,0.4,TRUE,0.47618651774107,96.2803055463301,Critical (top 5%)
ESTER-C 24 HOUR IMMUNE SUPPORT,Choking,7,4.32070033499779,4,1,FALSE,0.475094204185235,95.8817668548655,Critical (top 5%)
GUNDRY MD BIO COMPLETE 3,Hospitalisation,7,15.3905405405405,4,1,FALSE,0.475094204185235,95.8817668548655,Critical (top 5%)
HERBALIFE CELL-U-LOSS,Anxiety,7,4.787691401649,4,1,FALSE,0.475094204185235,95.8817668548655,Critical (top 5%)
HYDROXYCUT,Renal Failure,7,5.74149350321048,4,1,FALSE,0.475094204185235,95.8817668548655,Critical (top 5%)
ISAGENIX ISAFLUSH,Dehydration,7,8.22994626635503,4,1,FALSE,0.475094204185235,95.8817668548655,Critical (top 5%)
ISAGENIX NATURAL ACCELERATOR,Dehydration,7,5.85843714609287,4,1,FALSE,0.475094204185235,95.8817668548655,Critical (top 5%)
KRATOM,Brain Injury,7,29.9727722772277,4,1,FALSE,0.475094204185235,95.8817668548655,Critical (top 5%)
KRATOM,Hepatic Steatosis,7,8.39237623762376,4,1,FALSE,0.475094204185235,95.8817668548655,Critical (top 5%)
KRATOM,Hepatomegaly,7,10.1112966718359,4,1,FALSE,0.475094204185235,95.8817668548655,Critical (top 5%)
OSTEO BI-FLEX TRIPLE STRENGTH,Choking,7,5.10649137222679,4,1,FALSE,0.475094204185235,95.8817668548655,Critical (top 5%)
PREVAGEN,Cerebrovascular Accident,7,8.7203707959856,4,1,FALSE,0.475094204185235,95.8817668548655,Critical (top 5%)
ALL DAY ENERGY GREENS FRUITY,Hospitalisation,7,4.07903611576178,3,1,TRUE,0.475094204185235,95.8817668548655,Critical (top 5%)
BALANCE OF NATURE WHOLE PRODUCE FRUITS 90 CAPSULES,Hospitalisation,6,17.1860587924661,4,1,FALSE,0.470528762897433,95.4168050481568,Critical (top 5%)
BALANCE OF NATURE WHOLE PRODUCE VEGGIES 90 CAPSULES,Hospitalisation,6,14.6387764282501,4,1,FALSE,0.470528762897433,95.4168050481568,Critical (top 5%)
HERBALIFE AMINOGEN,Abdominal Pain,6,6.62633484162896,4,1,FALSE,0.470528762897433,95.4168050481568,Critical (top 5%)
HYDROXYCUT,Rhabdomyolysis,6,7.17514374170721,4,1,FALSE,0.470528762897433,95.4168050481568,Critical (top 5%)
KRATOM,Cardiac Hypertrophy,6,719.346534653465,4,1,FALSE,0.470528762897433,95.4168050481568,Critical (top 5%)
KRATOM,Delusion,6,14.9863861386139,4,1,FALSE,0.470528762897433,95.4168050481568,Critical (top 5%)
KRATOM,Excoriation,6,65.3951395139514,4,1,FALSE,0.470528762897433,95.4168050481568,Critical (top 5%)
MITRAGYNINE,Death,6,29.1592356687898,4,1,FALSE,0.470528762897433,95.4168050481568,Critical (top 5%)
PLEXUS SLIM,Jaundice,6,5.42063903921714,4,1,FALSE,0.470528762897433,95.4168050481568,Critical (top 5%)
POWER V8 MALE ENHANCEMENT,Hypoglycaemia,6,543.595547309833,4,1,FALSE,0.470528762897433,95.4168050481568,Critical (top 5%)
ROUNDHOUSE PROVISIONS MORNING KICK,Hospitalisation,6,28.2394447657606,4,1,FALSE,0.470528762897433,95.4168050481568,Critical (top 5%)
TRUVY VY BOOST,Dizziness,6,10.2048066875653,4,1,FALSE,0.470528762897433,95.4168050481568,Critical (top 5%)
VITAMIN B6,Anxiety,6,7.38444080191653,4,1,FALSE,0.470528762897433,95.4168050481568,Critical (top 5%)
BENEFIBER WITH WHEAT DEXTRIN (NCH) WHEAT DEXTRIN POWDER,Abdominal Pain Upper,6,4.39089559623949,3,1,TRUE,0.470528762897433,95.4168050481568,Critical (top 5%)
HYDROXYCUT REGULAR RAPID RELEASE CAPLETS,Hepatic Steatosis,18,29.9128528363935,4,0.388888888888889,TRUE,0.469732748942727,95.3835934905347,Critical (top 5%)
SUPER BETA PROSTATE,Dysuria,22,5.73048716605553,4,0.363636363636364,TRUE,0.468100204068603,95.3503819329127,Critical (top 5%)
HYDROXYCUT REGULAR RAPID RELEASE CAPLETS,Cardio-Respiratory Distress,15,100.842572062084,4,0.4,TRUE,0.467666311324831,95.2839588176685,Critical (top 5%)
HYDROXYCUT REGULAR RAPID RELEASE CAPLETS,Hepatic Failure,15,14.2213883677298,4,0.4,TRUE,0.467666311324831,95.2839588176685,Critical (top 5%)
REUMOFAN PLUS,Arthralgia,12,21.5054743184657,4,0.416666666666667,TRUE,0.466057525794866,95.2175357024244,Critical (top 5%)
REUMOFAN PLUS,Fatigue,12,5.48889722430608,4,0.416666666666667,TRUE,0.466057525794866,95.2175357024244,Critical (top 5%)
HYDROXYCUT HARDCORE CAPSULES,Cardio-Respiratory Distress,9,119.514994547437,4,0.444444444444444,TRUE,0.46587065271196,95.1511125871803,Critical (top 5%)
NUTRAFOL WOMENS BALANCE HAIR GROWTH NUTRACEUTICAL,Aspartate Aminotransferase Increased,9,9.84859913793104,4,0.444444444444444,TRUE,0.46587065271196,95.1511125871803,Critical (top 5%)
ALL DAY ENERGY GREENS,Vomiting,29,2.10425484318375,3,0.827586206896552,TRUE,0.465466882699548,95.1179010295583,Critical (top 5%)
AZO BLADDER CONTROL,Hypertensive Crisis,5,271.462736373749,4,1,FALSE,0.465128991946204,94.4868814347393,High (80-95th)
BENEFIBER UNKNOWN (NCH),Death,5,10.7889154070538,4,1,FALSE,0.465128991946204,94.4868814347393,High (80-95th)
CELLUCOR SUPER HD,Dyspnoea,5,7.76870943108057,4,1,FALSE,0.465128991946204,94.4868814347393,High (80-95th)
CORTISLIM,Hospitalisation,5,21.9339622641509,4,1,FALSE,0.465128991946204,94.4868814347393,High (80-95th)
ENFAMIL D-VI-SOL,Choking,5,8.02283555117464,4,1,FALSE,0.465128991946204,94.4868814347393,High (80-95th)
HYDROXYCUT,Hepatic Necrosis,5,49.0713853599516,4,1,FALSE,0.465128991946204,94.4868814347393,High (80-95th)
HYDROXYCUT CAPSULES,Injury,5,74.3150684931507,4,1,FALSE,0.465128991946204,94.4868814347393,High (80-95th)
IONIX SUPREME,Urticaria,5,7.1232816741091,4,1,FALSE,0.465128991946204,94.4868814347393,High (80-95th)
ISAGENIX NATURAL ACCELERATOR,Diverticulitis,5,13.0565371024735,4,1,FALSE,0.465128991946204,94.4868814347393,High (80-95th)
KRATOM,Arteriosclerosis Coronary Artery,5,54.4959495949595,4,1,FALSE,0.465128991946204,94.4868814347393,High (80-95th)
KRATOM,Foaming At Mouth,5,19.3372724369211,4,1,FALSE,0.465128991946204,94.4868814347393,High (80-95th)
KRATOM,Hepatic Congestion,5,599.455445544554,4,1,FALSE,0.465128991946204,94.4868814347393,High (80-95th)
LIVING ESSENTIALS 5 HOUR ENERGY,Death,5,27.7491760427321,4,1,FALSE,0.465128991946204,94.4868814347393,High (80-95th)
MODERE BURN,Pyrexia,5,6.70627062706271,4,1,FALSE,0.465128991946204,94.4868814347393,High (80-95th)
NO XPLODE,Rhabdomyolysis,5,27.5941422594142,4,1,FALSE,0.465128991946204,94.4868814347393,High (80-95th)
NUTRAFOL WOMEN HAIR GROWTH NUTRACEUTICAL,Hospitalisation,5,7.47304582210243,4,1,FALSE,0.465128991946204,94.4868814347393,High (80-95th)
OXYELITE PRO,International Normalised Ratio Increased,5,18.8117283950617,4,1,FALSE,0.465128991946204,94.4868814347393,High (80-95th)
PLEXUS SLIM,Chromaturia,5,5.90631512625406,4,1,FALSE,0.465128991946204,94.4868814347393,High (80-95th)
TRIVEREX MALE ENHANCEMENT,Hypertension,5,12.2651892054877,4,1,FALSE,0.465128991946204,94.4868814347393,High (80-95th)
HYDROXYCUT REGULAR RAPID RELEASE CAPLETS,Fear,23,17.5348252451597,4,0.347826086956522,TRUE,0.464673637556072,94.4536698771172,High (80-95th)
HYDROXYCUT REGULAR RAPID RELEASE CAPLETS,Nervousness,24,12.9078492239468,4,0.333333333333333,TRUE,0.461586288692299,94.4204583194952,High (80-95th)
HYDROXYCUT REGULAR RAPID RELEASE CAPLETS,Liver Function Test Abnormal,98,35.0954940057875,4,0.193877551020408,TRUE,0.461417755952652,94.3872467618731,High (80-95th)
HYDROXYCUT,Alanine Aminotransferase Increased,11,6.68964612385665,4,0.909090909090909,FALSE,0.461207804807533,94.320823646629,High (80-95th)
PLEXUS BIO CLEANSE,Abdominal Pain Upper,11,5.54637896825397,4,0.909090909090909,FALSE,0.461207804807533,94.320823646629,High (80-95th)
"CENTRUM SILVER WOMEN'S 50+ (MULTIMINERALS, MULTIVITAMINS) TABLET",Dysphagia,264,9.52127910238429,4,0.0871212121212121,TRUE,0.45874050378755,94.287612089007,High (80-95th)
ALL DAY ENERGY GREENS,Gastrointestinal Haemorrhage,4,7.42072752230611,4,1,FALSE,0.458520206416239,92.9591497841249,High (80-95th)
ALL DAY ENERGY GREENS?,Gastric Disorder,4,31.5788452207666,4,1,FALSE,0.458520206416239,92.9591497841249,High (80-95th)
BIOGUARD DAILY IMMUNE SUPPORT,Abdominal Pain Upper,4,24.1403855659911,4,1,FALSE,0.458520206416239,92.9591497841249,High (80-95th)
CALCIUM CARBONATE,Blood Calcium Increased,4,76.8500590318772,4,1,FALSE,0.458520206416239,92.9591497841249,High (80-95th)
"CENTRUM (MULTIMINERALS, MULTIVITAMINS) UNKNOWN",Death,4,6.20858505564388,4,1,FALSE,0.458520206416239,92.9591497841249,High (80-95th)
DESIGNS FOR HEALTH GI MICROB-X,Hepatic Enzyme Increased,4,48.8696522391794,4,1,FALSE,0.458520206416239,92.9591497841249,High (80-95th)
DS 01 DAILY PROBIOTIC PLUS PREBIOTIC SUPPLEMENT,Hospitalisation,4,43.8169582772544,4,1,FALSE,0.458520206416239,92.9591497841249,High (80-95th)
DS 01 DAILY SYNBIOTIC SUPPLEMENT,Hospitalisation,4,37.5566237262065,4,1,FALSE,0.458520206416239,92.9591497841249,High (80-95th)
ESTER-C 24 HOUR IMMUNE SUPPORT 1000MG COATED TABLETS,Dyspnoea,4,7.98871211811378,4,1,FALSE,0.458520206416239,92.9591497841249,High (80-95th)
FERROUS SULFATE,Death,4,9.13176844664734,4,1,FALSE,0.458520206416239,92.9591497841249,High (80-95th)
FLORASTOR (SACCHAROMYCES BOULARDII LYOPHILISED),Death,4,8.62427133015368,4,1,FALSE,0.458520206416239,92.9591497841249,High (80-95th)
GARCINIA CAMBOGIA,Blood Bilirubin Increased,4,19.1045009784736,4,1,FALSE,0.458520206416239,92.9591497841249,High (80-95th)
GARCINIA CAMBOGIA,Jaundice,4,12.1061507936508,4,1,FALSE,0.458520206416239,92.9591497841249,High (80-95th)
HERBALIFE CELL ACTIVATOR,Heart Rate Irregular,4,7.53803339517625,4,1,FALSE,0.458520206416239,92.9591497841249,High (80-95th)
HERBALIFE FLORAFIBER,Jaundice,4,11.2986111111111,4,1,FALSE,0.458520206416239,92.9591497841249,High (80-95th)
HERBALIFE FLORAFIBER,Syncope,4,11.6422182468694,4,1,FALSE,0.458520206416239,92.9591497841249,High (80-95th)
HERBALIFE TOTAL CONTROL,Pyrexia,4,6.32138923086892,4,1,FALSE,0.458520206416239,92.9591497841249,High (80-95th)
HYDROXYCUT,Hepatitis Acute,4,15.5952895938476,4,1,FALSE,0.458520206416239,92.9591497841249,High (80-95th)
HYDROXYCUT HARDCORE CAPSULES,Muscular Weakness,4,6.32892642520708,4,1,FALSE,0.458520206416239,92.9591497841249,High (80-95th)
HYDROXYCUT HARDCORE CAPSULES,Renal Failure Acute,4,12.8215319821006,4,1,FALSE,0.458520206416239,92.9591497841249,High (80-95th)
HYDROXYCUT REGULAR RAPID RELEASE CAPLETS,Acute Hepatic Failure,4,8.82999635966509,4,1,FALSE,0.458520206416239,92.9591497841249,High (80-95th)
IC-5,Abdominal Pain,4,6.0388397550869,4,1,FALSE,0.458520206416239,92.9591497841249,High (80-95th)
ISAGENIX CLEANSE FOR LIFE,Dehydration,4,12.9658743858717,4,1,FALSE,0.458520206416239,92.9591497841249,High (80-95th)
ISAGENIX ISAFLUSH,Diverticulitis,4,14.6218160023974,4,1,FALSE,0.458520206416239,92.9591497841249,High (80-95th)
KRATOM,Atelectasis,4,119.891089108911,4,1,FALSE,0.458520206416239,92.9591497841249,High (80-95th)
KRATOM,Lung Disorder,4,13.7018387553041,4,1,FALSE,0.458520206416239,92.9591497841249,High (80-95th)
LIFE EXTENSION VITAMIN B3 NIACIN,Anaphylactic Reaction,4,43.9891891891892,4,1,FALSE,0.458520206416239,92.9591497841249,High (80-95th)
MAGNESIUM OXIDE,Death,4,17.2517223105458,4,1,FALSE,0.458520206416239,92.9591497841249,High (80-95th)
MITRAGYNA SPECIOSA,Death,4,31.0556438791733,4,1,FALSE,0.458520206416239,92.9591497841249,High (80-95th)
NAC MARKETING AGELESS MALE SOFTGEL,Myocardial Infarction,4,18.5501519756839,4,1,FALSE,0.458520206416239,92.9591497841249,High (80-95th)
NATURAL ACCELERATOR,Cholelithiasis,4,31.6785714285714,4,1,FALSE,0.458520206416239,92.9591497841249,High (80-95th)
NO XPLODE,Blood Creatine Phosphokinase Increased,4,39.0814814814815,4,1,FALSE,0.458520206416239,92.9591497841249,High (80-95th)
NO XPLODE,Blood Creatinine Increased,4,32.7701863354037,4,1,FALSE,0.458520206416239,92.9591497841249,High (80-95th)
NUTRAFOL MEN HAIR GROWTH NUTRACEUTICAL,Hospitalisation,4,10.950201884253,4,1,FALSE,0.458520206416239,92.9591497841249,High (80-95th)
PLEXUS ACCELERATOR +,Heart Rate Increased,4,26.0801068090788,4,1,FALSE,0.458520206416239,92.9591497841249,High (80-95th)
PLEXUS BOOST,Chest Pain,4,6.6887716654107,4,1,FALSE,0.458520206416239,92.9591497841249,High (80-95th)
TRUCONTROL,Heart Rate Increased,4,11.8531375166889,4,1,FALSE,0.458520206416239,92.9591497841249,High (80-95th)
TRUVISION HEALTH TRUCONTROL,Adverse Event,4,170.450261780105,4,1,FALSE,0.458520206416239,92.9591497841249,High (80-95th)
UNSPECIFIED HYDROXYCUT,Emotional Distress,4,71.3092369477912,4,1,FALSE,0.458520206416239,92.9591497841249,High (80-95th)
UQORA DEFEND PART 2,Hospitalisation,4,29.209510991476,4,1,FALSE,0.458520206416239,92.9591497841249,High (80-95th)
HYDROXYCUT,Liver Function Test Abnormal,17,9.79441011435471,4,0.352941176470588,TRUE,0.457255589082645,92.9259382265028,High (80-95th)
BENEFIBER W WHEAT DEXTRIN (NCH) (WHEAT DEXTRIN) POWDER,Constipation,10,4.39763875475002,4,0.4,TRUE,0.455657754843637,92.7598804383926,High (80-95th)
BENEFIBER WITH WHEAT DEXTRIN (NCH) (WHEAT DEXTRIN) POWDER,Diverticulitis,10,14.7273441750801,4,0.4,TRUE,0.455657754843637,92.7598804383926,High (80-95th)
EXTENZE PLUS,Nausea,10,4.97985207855139,4,0.4,TRUE,0.455657754843637,92.7598804383926,High (80-95th)
HYDROXYCUT,Hepatic Function Abnormal,10,35.1375351960147,4,0.4,TRUE,0.455657754843637,92.7598804383926,High (80-95th)
HYDROXYCUT REGULAR DRINK MIX SACHETS,Injury,10,108.631508678238,4,0.4,TRUE,0.455657754843637,92.7598804383926,High (80-95th)
HYDROXYCUT REGULAR RAPID RELEASE CAPLETS,Hepatocellular Injury,32,59.9098487187404,4,0.28125,TRUE,0.454481495108538,92.7266688807705,High (80-95th)
"CENTRUM SILVER WOMEN'S 50+ (MULTIMINERALS, MULTIVITAMINS) TABLET",Choking,475,6.52366031689514,4,0.0147368421052632,TRUE,0.454421052631579,92.6934573231484,High (80-95th)
BENEFIBER W WHEAT DEXTRIN (NCH) (WHEAT DEXTRIN) POWDER,Overdose,7,12.8517541545766,4,0.428571428571429,TRUE,0.453665632756664,92.5938226502823,High (80-95th)
REUMOFAN PLUS,Chills,7,12.2928427419355,4,0.428571428571429,TRUE,0.453665632756664,92.5938226502823,High (80-95th)
TOTAL BODY FORMULA TROPICAL ORANGE,Hypotrichosis,7,305.1875,4,0.428571428571429,TRUE,0.453665632756664,92.5938226502823,High (80-95th)
AG1 WHOLE FOOD POUCH 360G NON SPECIFIC,Pharyngeal Swelling,3,22.1693450576107,4,1,FALSE,0.45,87.2467618731318,High (80-95th)
ALIVE LIQUID VITAMIN,Flushing,3,136.036211699164,4,1,FALSE,0.45,87.2467618731318,High (80-95th)
ALL DAY ENERGY GREENS,Blood Potassium Increased,3,8.52980364656381,4,1,FALSE,0.45,87.2467618731318,High (80-95th)
ALL DAY ENERGY GREENS FRUITY,Diarrhoea Haemorrhagic,3,17.72105709783,4,1,FALSE,0.45,87.2467618731318,High (80-95th)
ALL DAY ENERGY GREENS?,Intestinal Obstruction,3,25.7045813586098,4,1,FALSE,0.45,87.2467618731318,High (80-95th)
ALPHA CRS+,Abdominal Pain,3,14.3376394597769,4,1,FALSE,0.45,87.2467618731318,High (80-95th)
ARTRI AJO KING,Adrenal Insufficiency,3,571.96875,4,1,FALSE,0.45,87.2467618731318,High (80-95th)
ARTRI KING,Gait Disturbance,3,8.29778911564626,4,1,FALSE,0.45,87.2467618731318,High (80-95th)
ARTRI KING,Gastrointestinal Haemorrhage,3,21.0366484622018,4,1,FALSE,0.45,87.2467618731318,High (80-95th)
BALANCE OF NATURE WHOLE PRODUCE FRUITS 90 CAPSULES,Atrial Fibrillation,3,14.2767596022616,4,1,FALSE,0.45,87.2467618731318,High (80-95th)
BELLY TRIM XP,Muscle Spasms,3,9.29809523809524,4,1,FALSE,0.45,87.2467618731318,High (80-95th)
BENEFIBER WITH WHEAT DEXTRIN (NCH) WHEAT DEXTRIN POWDER,Intestinal Obstruction,3,21.0284360189573,4,1,FALSE,0.45,87.2467618731318,High (80-95th)
BIOGUARD DAILY IMMUNE SUPPORT,Abdominal Distension,3,50.7299168975069,4,1,FALSE,0.45,87.2467618731318,High (80-95th)
BIOGUARD DAILY IMMUNE SUPPORT,Flatulence,3,75.9896265560166,4,1,FALSE,0.45,87.2467618731318,High (80-95th)
BIOGUARD DAILY IMMUNE SUPPORT,Headache,3,15.4413996627319,4,1,FALSE,0.45,87.2467618731318,High (80-95th)
BIOGUARD DAILY IMMUNE SUPPORT,Throat Irritation,3,46.9576923076923,4,1,FALSE,0.45,87.2467618731318,High (80-95th)
CALCIUM CARBONATE,Blood Bicarbonate Increased,3,1394.82857142857,4,1,FALSE,0.45,87.2467618731318,High (80-95th)
CALCIUM CARBONATE,Blood Creatinine Increased,3,43.0502645502646,4,1,FALSE,0.45,87.2467618731318,High (80-95th)
CALCIUM CARBONATE,Milk-Alkali Syndrome,3,697.414285714286,4,1,FALSE,0.45,87.2467618731318,High (80-95th)
CELLUCOR SUPER HD,Myocardial Infarction,3,24.6995447647951,4,1,FALSE,0.45,87.2467618731318,High (80-95th)
CERTIFIED ORGANIC JUICE CLEANSE GREENS POWDER,Gastric Disorder,3,45.4900621118012,4,1,FALSE,0.45,87.2467618731318,High (80-95th)
CLARITY,Hospitalisation,3,65.6411290322581,4,1,FALSE,0.45,87.2467618731318,High (80-95th)
CLEANSE FOR LIFE LIQUID,Pancreatitis,3,92.0201005025126,4,1,FALSE,0.45,87.2467618731318,High (80-95th)
CREATINE,Chromaturia,3,33.2176870748299,4,1,FALSE,0.45,87.2467618731318,High (80-95th)
DESIGNS FOR HEALTH GI MICROB-X,Jaundice,3,36.2711067095816,4,1,FALSE,0.45,87.2467618731318,High (80-95th)
DOCTOR'S BEST RED YEAST RICE,Pain,3,19.6707841031149,4,1,FALSE,0.45,87.2467618731318,High (80-95th)
ENFAMIL D-VI-SOL,Respiratory Arrest,3,268.816513761468,4,1,FALSE,0.45,87.2467618731318,High (80-95th)
ESTER C 24 HOUR IMMUNE SUPPORT,Choking,3,8.02052882246674,4,1,FALSE,0.45,87.2467618731318,High (80-95th)
ESTER-C 1000MG COATED TABLETS,Choking,3,8.02052882246674,4,1,FALSE,0.45,87.2467618731318,High (80-95th)
ESTER-C 24 HOUR IMMUNE SUPPORT,Foreign Body,3,8.28512443438914,4,1,FALSE,0.45,87.2467618731318,High (80-95th)
ESTER-C 24 HOUR IMMUNE SUPPORT,Oropharyngeal Pain,3,22.0073617788462,4,1,FALSE,0.45,87.2467618731318,High (80-95th)
EVINATURE CURQD-2,Abdominal Pain,3,28.6770405167352,4,1,FALSE,0.45,87.2467618731318,High (80-95th)
EVINATURE CURQD-2,Intestinal Obstruction,3,231.454976303318,4,1,FALSE,0.45,87.2467618731318,High (80-95th)
EVINATURE CURQD-4,Abdominal Pain,3,28.6770405167352,4,1,FALSE,0.45,87.2467618731318,High (80-95th)
EVINATURE CURQD-4,Intestinal Obstruction,3,231.454976303318,4,1,FALSE,0.45,87.2467618731318,High (80-95th)
EXTENZE PLUS,Pyrexia,3,11.5538461538462,4,1,FALSE,0.45,87.2467618731318,High (80-95th)
FERROUS SULFATE (NCH) (FERROUS SULFATE) UNKNOWN,Death,3,38.7903097696585,4,1,FALSE,0.45,87.2467618731318,High (80-95th)
FLINSTONES GUMMIES,Overdose,3,129.079295154185,4,1,FALSE,0.45,87.2467618731318,High (80-95th)
FLINTSTONES COMPLETE CHEWABLE,Overdose,3,22.2441136260064,4,1,FALSE,0.45,87.2467618731318,High (80-95th)
FLORASTOR,Fungal Infection,3,54.9332082551595,4,1,FALSE,0.45,87.2467618731318,High (80-95th)
GARCINIA CAMBOGIA,Biopsy Liver Abnormal,3,163.433035714286,4,1,FALSE,0.45,87.2467618731318,High (80-95th)
GARCINIA CAMBOGIA,Pancreatitis,3,26.2806891600861,4,1,FALSE,0.45,87.2467618731318,High (80-95th)
GREEN TEA FAT BURNER,Hepatic Failure,3,43.5892857142857,4,1,FALSE,0.45,87.2467618731318,High (80-95th)
GUNDRY MD ACTIVE ADVANTAGE,Hospitalisation,3,65.6411290322581,4,1,FALSE,0.45,87.2467618731318,High (80-95th)
GUNDRY MD MCT WELLNESS BLUEBERRY LEMONADE,Hospitalisation,3,65.6411290322581,4,1,FALSE,0.45,87.2467618731318,High (80-95th)
HERBALIFE CELL ACTIVATOR,Gallbladder Disorder,3,16.7431318681319,4,1,FALSE,0.45,87.2467618731318,High (80-95th)
HERBALIFE CELL ACTIVATOR,Gastritis,3,10.4268605645851,4,1,FALSE,0.45,87.2467618731318,High (80-95th)
HERBALIFE CELL-U-LOSS,Feeling Jittery,3,13.663025210084,4,1,FALSE,0.45,87.2467618731318,High (80-95th)
HERBALIFE CELL-U-LOSS,Gastritis,3,13.9084687767323,4,1,FALSE,0.45,87.2467618731318,High (80-95th)
HERBALIFE CELL-U-LOSS,Heart Rate Irregular,3,7.51687471104947,4,1,FALSE,0.45,87.2467618731318,High (80-95th)
HERBALIFE CELL-U-LOSS,Hepatitis,3,11.6719310839914,4,1,FALSE,0.45,87.2467618731318,High (80-95th)
HERBALIFE FLORAFIBER,Gallbladder Disorder,3,46.9326923076923,4,1,FALSE,0.45,87.2467618731318,High (80-95th)
HERBALIFE FORMULA 2 MULTIVITAMIN COMPLEX,Abdominal Distension,3,8.81916174876551,4,1,FALSE,0.45,87.2467618731318,High (80-95th)
HERBALIFE HERBAL ALOE CONCENTRATE,Syncope,3,7.47015306122449,4,1,FALSE,0.45,87.2467618731318,High (80-95th)
HERBALIFE HERBAL ALOE CONCENTRATE MANGO,Abdominal Pain Upper,3,9.04743083003953,4,1,FALSE,0.45,87.2467618731318,High (80-95th)
HERBALIFE HERBAL TEA CONCENTRATE RASPBERRY,Anxiety,3,21.493838028169,4,1,FALSE,0.45,87.2467618731318,High (80-95th)
HERBALIFE JOINT SUPPORT,Jaundice,3,36.2711067095816,4,1,FALSE,0.45,87.2467618731318,High (80-95th)
HERBALIFE MULTIVITAMIN,Jaundice,3,36.2711067095816,4,1,FALSE,0.45,87.2467618731318,High (80-95th)
HERBALIFE MULTIVITAMIN COMPLEX FORMULA 2,Gastritis,3,25.786896794646,4,1,FALSE,0.45,87.2467618731318,High (80-95th)
HERBALIFE MULTIVITAMIN COMPLEX FORMULA 2,Hepatomegaly,3,49.4989858012171,4,1,FALSE,0.45,87.2467618731318,High (80-95th)
HERBALIFE SKIN COLLAGEN BEAUTY BOOSTER,Abdominal Pain Upper,3,9.04743083003953,4,1,FALSE,0.45,87.2467618731318,High (80-95th)
HERBALIFE THERMO-BOND,Jaundice,3,9.06387719732607,4,1,FALSE,0.45,87.2467618731318,High (80-95th)
HERBALIFE TOTAL CONTROL,Heart Rate Irregular,3,7.7636479388827,4,1,FALSE,0.45,87.2467618731318,High (80-95th)
HERBALIFE TOTAL CONTROL,Poisoning,3,21.2297983461483,4,1,FALSE,0.45,87.2467618731318,High (80-95th)
HERBALIFE XTRA-CAL,Fatigue,3,10.5910931174089,4,1,FALSE,0.45,87.2467618731318,High (80-95th)
HERBALIFE XTRA-CAL,Jaundice,3,31.736568457539,4,1,FALSE,0.45,87.2467618731318,High (80-95th)
HYDROXYCUT,Cardiac Enzymes Increased,3,53.3651315789474,4,1,FALSE,0.45,87.2467618731318,High (80-95th)
HYDROXYCUT,Prothrombin Time Prolonged,3,42.6921052631579,4,1,FALSE,0.45,87.2467618731318,High (80-95th)
HYDROXYCUT CAFFEINE FREE CAPLETS,Depression,3,28.3542392566783,4,1,FALSE,0.45,87.2467618731318,High (80-95th)
HYDROXYCUT HARDCORE CAPSULES,Activities Of Daily Living Impaired,3,8.38701716122367,4,1,FALSE,0.45,87.2467618731318,High (80-95th)
HYDROXYCUT HARDCORE CAPSULES,Blood Creatine Phosphokinase Increased,3,8.20200942972609,4,1,FALSE,0.45,87.2467618731318,High (80-95th)
HYDROXYCUT HARDCORE CAPSULES,Gallbladder Operation,3,111.547328244275,4,1,FALSE,0.45,87.2467618731318,High (80-95th)
HYDROXYCUT HARDCORE LIQUID CAPSULES,Injury,3,94.6987718164189,4,1,FALSE,0.45,87.2467618731318,High (80-95th)
HYDROXYCUT MAX LIQUID CAPS,Activities Of Daily Living Impaired,3,33.3609022556391,4,1,FALSE,0.45,87.2467618731318,High (80-95th)
HYDROXYCUT NATURAL CAPLETS,Jaundice,3,14.9321031705577,4,1,FALSE,0.45,87.2467618731318,High (80-95th)
HYDROXYCUT REGULAR DRINK MIX SACHETS,Stress,3,49.4620060790274,4,1,FALSE,0.45,87.2467618731318,High (80-95th)
HYDROXYCUT REGULAR RAPID RELEASE,Injury,3,44.185520361991,4,1,FALSE,0.45,87.2467618731318,High (80-95th)
HYDROXYCUT REGULAR RAPID RELEASE,Jaundice,3,16.9237435008666,4,1,FALSE,0.45,87.2467618731318,High (80-95th)
HYDROXYCUT REGULAR RAPID RELEASE CAPLETS,Autoimmune Hepatitis,3,14.790243902439,4,1,FALSE,0.45,87.2467618731318,High (80-95th)
HYDROXYCUT REGULAR RAPID RELEASE CAPLETS,Faeces Pale,3,8.3718361711919,4,1,FALSE,0.45,87.2467618731318,High (80-95th)
HYDROXYCUT REGULAR RAPID RELEASE CAPLETS,Hernia,3,10.3187748156551,4,1,FALSE,0.45,87.2467618731318,High (80-95th)
HYDROXYCUT REGULAR RAPID RELEASE CAPLETS,Physical Disability,3,110.926829268293,4,1,FALSE,0.45,87.2467618731318,High (80-95th)
IONIX SUPREME ALIX TECHNOLOGIES,Diarrhoea,3,9.31373172282263,4,1,FALSE,0.45,87.2467618731318,High (80-95th)
IONIX SUPREME POWDER,Dehydration,3,33.0338218714769,4,1,FALSE,0.45,87.2467618731318,High (80-95th)
ISAFLUSH ARIZONA NUTRITIONAL SUPPLEMENTS,Abdominal Distension,3,9.6594776414721,4,1,FALSE,0.45,87.2467618731318,High (80-95th)
ISAFLUSH ARIZONA NUTRITIONAL SUPPLEMENTS,Dehydration,3,7.8626187791915,4,1,FALSE,0.45,87.2467618731318,High (80-95th)
ISAGENIX CLEANSE FOR LIFE POWDER,Pruritus,3,16.5989123045547,4,1,FALSE,0.45,87.2467618731318,High (80-95th)
ISAGENIX IONIX SUPREME LIQUID,Dehydration,3,18.3506200676437,4,1,FALSE,0.45,87.2467618731318,High (80-95th)
ISAGENIX IONIX SUPREME-LIQUID,Headache,3,8.82311491206938,4,1,FALSE,0.45,87.2467618731318,High (80-95th)
ISAGENIX NATURAL ACCELERATOR,Blood Sodium Decreased,3,26.710843373494,4,1,FALSE,0.45,87.2467618731318,High (80-95th)
ISAGENIX NATURAL ACCELERATOR ARIZONA NUTRITIONAL SUPPLEMENTS,Dehydration,3,11.0090191657272,4,1,FALSE,0.45,87.2467618731318,High (80-95th)
JACK3D,Blood Creatinine Increased,3,33.4794238683128,4,1,FALSE,0.45,87.2467618731318,High (80-95th)
JACK3D,Cardiac Arrest,3,34.3270042194093,4,1,FALSE,0.45,87.2467618731318,High (80-95th)
JACK3D,Hyperthermia,3,387.404761904762,4,1,FALSE,0.45,87.2467618731318,High (80-95th)
KRATOM,Arteriosclerosis,3,16.3487848784879,4,1,FALSE,0.45,87.2467618731318,High (80-95th)
KRATOM,Completed Suicide,3,9.22239146991622,4,1,FALSE,0.45,87.2467618731318,High (80-95th)
KRATOM,Hypoxic-Ischaemic Encephalopathy,3,119.891089108911,4,1,FALSE,0.45,87.2467618731318,High (80-95th)
KRATOM,Left Ventricular Hypertrophy,3,89.9183168316832,4,1,FALSE,0.45,87.2467618731318,High (80-95th)
KRATOM,Pulse Absent,3,19.9818481848185,4,1,FALSE,0.45,87.2467618731318,High (80-95th)
LIFE EXTENSION VITAMIN B3 NIACIN,Hospitalisation,3,16.4072580645161,4,1,FALSE,0.45,87.2467618731318,High (80-95th)
LIFE EXTENSION VITAMIN B3 NIACIN,Pruritus,3,8.29843643779742,4,1,FALSE,0.45,87.2467618731318,High (80-95th)
MAGNESIUM OXIDE,Toxicity To Various Agents,3,83.0459183673469,4,1,FALSE,0.45,87.2467618731318,High (80-95th)
MELATONIN,Overdose,3,10.9268274471739,4,1,FALSE,0.45,87.2467618731318,High (80-95th)
METABOLIFE,Hospitalisation,3,21.877688172043,4,1,FALSE,0.45,87.2467618731318,High (80-95th)
MIRACLE MINERAL SOLUTION,Diarrhoea,3,9.31373172282263,4,1,FALSE,0.45,87.2467618731318,High (80-95th)
MIRACLE MINERAL SOLUTION,Vomiting,3,8.06967777471771,4,1,FALSE,0.45,87.2467618731318,High (80-95th)
MITRAGYNINE,Toxicity To Various Agents,3,93.4285714285714,4,1,FALSE,0.45,87.2467618731318,High (80-95th)
MITRAGYNINE,Unresponsive To Stimuli,3,208.090909090909,4,1,FALSE,0.45,87.2467618731318,High (80-95th)
MOVE FREE,Jaundice,3,42.317157712305,4,1,FALSE,0.45,87.2467618731318,High (80-95th)
MOVE FREE,Pruritus,3,16.5989123045547,4,1,FALSE,0.45,87.2467618731318,High (80-95th)
N.O.-XPLODE,Dizziness,3,10.1951983298539,4,1,FALSE,0.45,87.2467618731318,High (80-95th)
NAC MARKETING AGELESS MALE PERFORMANCE,Cerebrovascular Accident,3,21.1997105643994,4,1,FALSE,0.45,87.2467618731318,High (80-95th)
NATURAL ACCELERATOR,Hyponatraemia,3,57.8478260869565,4,1,FALSE,0.45,87.2467618731318,High (80-95th)
NATURAL ACCELERATOR,Pancreatitis,3,13.3718592964824,4,1,FALSE,0.45,87.2467618731318,High (80-95th)
NATURAL ACCELERATOR,Sepsis,3,25.8349514563107,4,1,FALSE,0.45,87.2467618731318,High (80-95th)
NATURE MADE SUPER B-COMPLEX WITH VITAMIN C & FOLIC ACID TABLET,Asthenia,3,9.47013188518231,4,1,FALSE,0.45,87.2467618731318,High (80-95th)
NEW VITALITY SUPER BETA PROSTATE,Renal Failure,3,15.4520417853751,4,1,FALSE,0.45,87.2467618731318,High (80-95th)
NO XPLODE,Body Temperature Increased,3,13.0164473684211,4,1,FALSE,0.45,87.2467618731318,High (80-95th)
NO XPLODE,Colitis Ischaemic,3,263.8,4,1,FALSE,0.45,87.2467618731318,High (80-95th)
NOW ASHWAGANDHA,Blood Bilirubin Increased,3,50.0327868852459,4,1,FALSE,0.45,87.2467618731318,High (80-95th)
NOW ASHWAGANDHA,Pruritus,3,12.4486743711761,4,1,FALSE,0.45,87.2467618731318,High (80-95th)
OSTEO BI-FLEX TRIPLE STRENGTH,Foreign Body,3,9.79191176470588,4,1,FALSE,0.45,87.2467618731318,High (80-95th)
OXY ELITE PRO,Abdominal Pain,3,8.60187903699354,4,1,FALSE,0.45,87.2467618731318,High (80-95th)
OXYELITE PRO,Hepatic Necrosis,3,58.9838709677419,4,1,FALSE,0.45,87.2467618731318,High (80-95th)
OXYELITE PRO (REVISED FORMULA),Hepatic Failure,3,145.339285714286,4,1,FALSE,0.45,87.2467618731318,High (80-95th)
OXYELITE PRO ENERGY SUPPLEMENT,Liver Function Test Abnormal,3,96.1358267716535,4,1,FALSE,0.45,87.2467618731318,High (80-95th)
PHENIBUT,Dependence,3,32.9932432432432,4,1,FALSE,0.45,87.2467618731318,High (80-95th)
PLEXUS ACCELERATOR+,Chest Discomfort,3,24.7868020304569,4,1,FALSE,0.45,87.2467618731318,High (80-95th)
PLEXUS ACCELERATOR+,Heart Rate Increased,3,9.77251501000667,4,1,FALSE,0.45,87.2467618731318,High (80-95th)
PLEXUS BIOCLEANSE,Pyrexia,3,11.5538461538462,4,1,FALSE,0.45,87.2467618731318,High (80-95th)
PLEXUS EDGE,Heart Rate Increased,3,19.5470313542362,4,1,FALSE,0.45,87.2467618731318,High (80-95th)
PLEXUS PROBIO 5,Pyrexia,3,8.75147928994083,4,1,FALSE,0.45,87.2467618731318,High (80-95th)
PLEXUS SLIM,Acne,3,18.3026282853567,4,1,FALSE,0.45,87.2467618731318,High (80-95th)
PLEXUS WORLDWIDE INC. PLEXUS BOOST,Palpitations,3,40.4950248756219,4,1,FALSE,0.45,87.2467618731318,High (80-95th)
"PRESERVISION AREDS 2 FORMULA SOFT GELS (CAPSULE, SOFT)",Hip Fracture,3,28.0103567318757,4,1,FALSE,0.45,87.2467618731318,High (80-95th)
PROSVENT ULTRA BLEND,Urinary Tract Infection,3,24.6280477551707,4,1,FALSE,0.45,87.2467618731318,High (80-95th)
PROTANDIM US,Pneumonia,3,8.90540540540541,4,1,FALSE,0.45,87.2467618731318,High (80-95th)
PURE GARCINIA CAMBOGIA EXTRACT,Chest Pain,3,27.5805722891566,4,1,FALSE,0.45,87.2467618731318,High (80-95th)
RED BULL ENERGY DRINK,Convulsion,3,16.044578313253,4,1,FALSE,0.45,87.2467618731318,High (80-95th)
REMIFEMIN TABLET (CIMICIFUGA),Hospitalisation,3,24.6129032258065,4,1,FALSE,0.45,87.2467618731318,High (80-95th)
REPLENEX EXTRA STRENGTH,Hypersensitivity,3,13.1453566621804,4,1,FALSE,0.45,87.2467618731318,High (80-95th)
RITUAL ESSENTIAL PRENATAL MULTIVITAMIN,Chest Pain,3,27.5805722891566,4,1,FALSE,0.45,87.2467618731318,High (80-95th)
ROUNDHOUSE PROVISIONS MORNING KICK STRAWBERRY LEMONADE,Hospitalisation,3,32.8185483870968,4,1,FALSE,0.45,87.2467618731318,High (80-95th)
SLIMQUICK,Abdominal Pain,3,28.6770405167352,4,1,FALSE,0.45,87.2467618731318,High (80-95th)
STACKER 2,Intensive Care,3,813.666666666667,4,1,FALSE,0.45,87.2467618731318,High (80-95th)
SUPER BETA PROSTATE,Scrotal Swelling,3,25.9434782608696,4,1,FALSE,0.45,87.2467618731318,High (80-95th)
TRIBULUS TERRESTRIS,Insomnia,3,56.7872093023256,4,1,FALSE,0.45,87.2467618731318,High (80-95th)
TRIVEREX,Thrombosis,3,12.5102564102564,4,1,FALSE,0.45,87.2467618731318,High (80-95th)
TRIVEREX MALE ENHANCEMENT SUPPLEMENT,Hypertension,3,22.0257104194858,4,1,FALSE,0.45,87.2467618731318,High (80-95th)
TRUVISION HEALTH TRUFIX,Adverse Event,3,127.171875,4,1,FALSE,0.45,87.2467618731318,High (80-95th)
TRUVY TRU,Syncope,3,11.8875,4,1,FALSE,0.45,87.2467618731318,High (80-95th)
TRUVY VY BOOST,Syncope,3,26.1589285714286,4,1,FALSE,0.45,87.2467618731318,High (80-95th)
UNSPECIFIED HYDROXYCUT,Hypertension,3,18.020297699594,4,1,FALSE,0.45,87.2467618731318,High (80-95th)
UQORA DEFEND PART 2,Urinary Tract Infection,3,52.0031948881789,4,1,FALSE,0.45,87.2467618731318,High (80-95th)
UQORA FLUSH,Loss Of Consciousness,3,9.09086395233366,4,1,FALSE,0.45,87.2467618731318,High (80-95th)
UQORA PROMOTE PART 3,Hospitalisation,3,24.6129032258065,4,1,FALSE,0.45,87.2467618731318,High (80-95th)
UQORA PROMOTE PART 3,Urinary Tract Infection,3,58.5047923322684,4,1,FALSE,0.45,87.2467618731318,High (80-95th)
VITAMIN B6,Burning Sensation,3,7.3390977443609,4,1,FALSE,0.45,87.2467618731318,High (80-95th)
VITAMIN B6,Temperature Intolerance,3,348.607142857143,4,1,FALSE,0.45,87.2467618731318,High (80-95th)
VITAMIN B6,Visual Impairment,3,13.7156908665105,4,1,FALSE,0.45,87.2467618731318,High (80-95th)
VITAMIN B6,Vitamin B6 Increased,3,44.5030395136778,4,1,FALSE,0.45,87.2467618731318,High (80-95th)
CITRACAL MAXIMUM,Choking,278,5.53906179276882,4,0.0503597122302158,TRUE,0.449242410550609,87.2135503155098,High (80-95th)
HERBALIFE CELL-U-LOSS,Abdominal Pain,9,4.10615371664281,4,0.888888888888889,FALSE,0.449203986045294,87.1471272002657,High (80-95th)
HYDROXYCUT,Blood Alkaline Phosphatase Increased,9,13.4111325434004,4,0.888888888888889,FALSE,0.449203986045294,87.1471272002657,High (80-95th)
SUPER BETA PROSTATE,Blood Urine Present,268,37.7462115847614,4,0.0522388059701493,TRUE,0.448721154912872,87.1139156426436,High (80-95th)
AG1 WHOLE FOOD POUCH 360G NON SPECIFIC,Hepatic Enzyme Increased,11,9.8006324486364,4,0.363636363636364,TRUE,0.44757144117117,86.9810694121554,High (80-95th)
HYDROXYCUT HARDCORE CAPSULES,Myalgia,11,11.5865968903402,4,0.363636363636364,TRUE,0.44757144117117,86.9810694121554,High (80-95th)
HYDROXYCUT REGULAR RAPID RELEASE CAPLETS,Cardiac Disorder,11,5.66873459675363,4,0.363636363636364,TRUE,0.44757144117117,86.9810694121554,High (80-95th)
REUMOFAN PLUS,Muscle Spasms,11,13.9134425889431,4,0.363636363636364,TRUE,0.44757144117117,86.9810694121554,High (80-95th)
"PRESERVISION AREDS 2 FORMULA SOFT GELS (CAPSULE, SOFT)",Dysphagia,31,4.02678399897539,4,0.258064516129032,TRUE,0.446585556863352,86.9478578545334,High (80-95th)
HYDROXYCUT REGULAR RAPID RELEASE CAPLETS,Myalgia,26,11.3771106941839,4,0.269230769230769,TRUE,0.444726123877999,86.9146462969113,High (80-95th)
"PRESERVISION AREDS 2 FORMULA SOFT GELS (CAPSULE, SOFT)",Foreign Body,16,3.65985358931709,4,0.3125,TRUE,0.443327732211105,86.8814347392893,High (80-95th)
ALL DAY ENERGY GREENS?,Abdominal Pain Upper,8,7.1635022838589,4,0.375,TRUE,0.441548969313672,86.7485885088011,High (80-95th)
HERBALIFE CELL ACTIVATOR,Jaundice,8,8.11788211788212,4,0.875,FALSE,0.441548969313672,86.7485885088011,High (80-95th)
HYDROXYCUT REGULAR RAPID RELEASE CAPLETS,Renal Impairment,8,11.3771106941839,4,0.375,TRUE,0.441548969313672,86.7485885088011,High (80-95th)
NATURAL ACCELERATOR ARIZONA NUTRITIONAL SUPPLEMENTS,Urticaria,8,9.94934515619426,4,0.875,FALSE,0.441548969313672,86.7485885088011,High (80-95th)
OXYELITE PRO,Nausea,19,2.96025051124744,3,0.789473684210526,TRUE,0.441509482613496,86.715376951179,High (80-95th)
HYDROXYCUT,Convulsion,12,4.16001025706776,4,0.833333333333333,FALSE,0.441057525794866,86.6157422783129,High (80-95th)
HYDROXYCUT CAFFEINE-FREE CAPLETS,Liver Function Test Abnormal,12,29.3386773547094,4,0.333333333333333,TRUE,0.441057525794866,86.6157422783129,High (80-95th)
KRATOM,Seizure,12,10.0607906944541,4,0.833333333333333,FALSE,0.441057525794866,86.6157422783129,High (80-95th)
"CALTRATE 600 + VITAMIN D (CALCIUM CARBONATE, CHOLECALCIFEROL) TABLET",Dysphagia,17,3.90276142667433,4,0.294117647058824,TRUE,0.439608530259116,86.5825307206908,High (80-95th)
"CENTRUM SILVER (MULTIMINERALS, MULTIVITAMINS) TABLET",Dysphagia,59,5.48753998377692,4,0.169491525423729,TRUE,0.439073522619073,86.5493191630688,High (80-95th)
HERBALIFE CELL ACTIVATOR,Abdominal Pain,15,5.14868632254794,4,0.8,FALSE,0.437666311324831,86.5161076054467,High (80-95th)
HYDROXYCUT REGULAR RAPID RELEASE CAPLETS,Discomfort,13,8.50766242175696,4,0.307692307692308,TRUE,0.435735822519027,86.4496844902026,High (80-95th)
REUMOFAN PLUS,Dizziness,13,3.57110515408182,4,0.307692307692308,TRUE,0.435735822519027,86.4496844902026,High (80-95th)
"CENTRUM SILVER ADULTS 50+ (MULTIMINERALS, MULTIVITAMINS) TABLET",Dysphagia,44,8.26282323018228,4,0.181818181818182,TRUE,0.434083512420581,86.4164729325805,High (80-95th)
SUPER BETA PROSTATE,Haemorrhage,92,7.86166007905138,4,0.108695652173913,TRUE,0.433992032916155,86.3832613749585,High (80-95th)
CENTRUM SILVER WOMENS 50+ MULTIMINERALS MULTIVITAMIN,Foreign Body Trauma,9,5.22091224897687,4,0.333333333333333,TRUE,0.432537319378627,86.2504151444703,High (80-95th)
HYDROXYCUT HARDCORE CAPSULES,Hepatocellular Injury,9,32.8080377189044,4,0.333333333333333,TRUE,0.432537319378627,86.2504151444703,High (80-95th)
TOTAL BODY FORMULA,Muscle Spasms,9,30.6126672240803,4,0.333333333333333,TRUE,0.432537319378627,86.2504151444703,High (80-95th)
TRIPLE ACTION VIRILITY,Cerebrovascular Accident,9,6.46861313868613,4,0.333333333333333,TRUE,0.432537319378627,86.2504151444703,High (80-95th)
HERBALIFE TOTAL CONTROL,Asthenia,7,4.3561012948906,4,0.857142857142857,FALSE,0.432237061328092,86.051145798738,High (80-95th)
HERBALIFE TOTAL CONTROL,Jaundice,7,9.76891826166567,4,0.857142857142857,FALSE,0.432237061328092,86.051145798738,High (80-95th)
HYDROXYCUT,International Normalised Ratio Increased,7,12.4518640350877,4,0.857142857142857,FALSE,0.432237061328092,86.051145798738,High (80-95th)
HYDROXYCUT HARDCORE CAPSULES,Depression,7,7.13087943114086,4,0.857142857142857,FALSE,0.432237061328092,86.051145798738,High (80-95th)
ISAGENIX NATURAL ACCELERATOR,Constipation,7,5.53854389721627,4,0.857142857142857,FALSE,0.432237061328092,86.051145798738,High (80-95th)
NATURAL ACCELERATOR,Urticaria,7,4.90055248618785,4,0.857142857142857,FALSE,0.432237061328092,86.051145798738,High (80-95th)
TRIPLE ACTION VIRILITY,Haemorrhage,14,11.8025114155251,4,0.285714285714286,TRUE,0.431337252796954,86.0179342411159,High (80-95th)
CENTRUM SILVER MEN'S 50+,Foreign Body,21,5.68780167715817,4,0.238095238095238,TRUE,0.429060094992433,85.9847226834939,High (80-95th)
HYDROXYCUT REGULAR RAPID RELEASE CAPLETS,Myocardial Infarction,22,5.08414634146341,4,0.227272727272727,TRUE,0.427191113159512,85.9182995682498,High (80-95th)
REUMOFAN PLUS,Weight Increased,22,69.5113356652416,4,0.227272727272727,TRUE,0.427191113159512,85.9182995682498,High (80-95th)
HYDROXYCUT MAX LIQUID CAPS,Pain,10,7.97304582210243,4,0.8,FALSE,0.425657754843637,85.7854533377615,High (80-95th)
REUMOFAN PLUS,Body Temperature Increased,10,26.4896274573694,4,0.3,TRUE,0.425657754843637,85.7854533377615,High (80-95th)
TOTAL BODY FORMULA,Fatigue,10,12.325657728627,4,0.3,TRUE,0.425657754843637,85.7854533377615,High (80-95th)
OXYELITE PRO,Abdominal Pain,10,3.59375,3,0.8,TRUE,0.425657754843637,85.7854533377615,High (80-95th)
CITRACAL PETITES,Choking,162,5.41858416216402,4,0.0246913580246914,TRUE,0.425548128440721,85.7522417801395,High (80-95th)
CENTRUM SILVER WOMEN'S 50+,Dysphagia,34,3.03327399196139,4,0.176470588235294,TRUE,0.42484317550949,85.7190302225174,High (80-95th)
"CENTRUM SILVER MEN'S 50+ (MULTIMINERALS, MULTIVITAMINS) TABLET",Dysphagia,24,4.77351583638389,4,0.208333333333333,TRUE,0.424086288692299,85.6858186648954,High (80-95th)
SUPER BETA PROSTATE,Rectal Haemorrhage,27,3.93083003952569,4,0.185185185185185,TRUE,0.42063019431281,85.6526071072733,High (80-95th)
AG1 WHOLE FOOD POUCH 360G NON SPECIFIC,Anaphylactic Reaction,6,8.19301882563873,4,0.833333333333333,FALSE,0.420528762897433,85.1876453005646,High (80-95th)
BENEFIBER WITH WHEAT DEXTRIN (NCH) (WHEAT DEXTRIN) POWDER,Therapeutic Response Unexpected,6,72.2506178942165,4,0.333333333333333,TRUE,0.420528762897433,85.1876453005646,High (80-95th)
CLEANSE FOR LIFE,Nausea,6,5.74153846153846,4,0.833333333333333,FALSE,0.420528762897433,85.1876453005646,High (80-95th)
HERBALIFE FLORAFIBER,Abdominal Pain,6,5.74235294117647,4,0.833333333333333,FALSE,0.420528762897433,85.1876453005646,High (80-95th)
HYDROXYCUT CAPSULES,Pain,6,10.5056481979559,4,0.833333333333333,FALSE,0.420528762897433,85.1876453005646,High (80-95th)
HYDROXYCUT HARDCORE CAPSULES,Chromaturia,6,5.09348530795775,4,0.833333333333333,FALSE,0.420528762897433,85.1876453005646,High (80-95th)
HYDROXYCUT HARDCORE CAPSULES,Quality Of Life Decreased,6,223.09465648855,4,0.833333333333333,FALSE,0.420528762897433,85.1876453005646,High (80-95th)
HYDROXYCUT MAX LIQUID CAPS,Anxiety,6,7.83230361871139,4,0.833333333333333,FALSE,0.420528762897433,85.1876453005646,High (80-95th)
JACK3D,Blood Creatine Phosphokinase Increased,6,81.5588972431078,4,0.833333333333333,FALSE,0.420528762897433,85.1876453005646,High (80-95th)
JACK3D,Loss Of Consciousness,6,10.8041168658699,4,0.833333333333333,FALSE,0.420528762897433,85.1876453005646,High (80-95th)
KRATOM,Scar,6,19.4417982338774,4,0.833333333333333,FALSE,0.420528762897433,85.1876453005646,High (80-95th)
OXYELITE PRO,Hepatitis Acute,6,51.5070422535211,4,0.833333333333333,FALSE,0.420528762897433,85.1876453005646,High (80-95th)
REUMOFAN PLUS,Immobile,6,393.370967741936,4,0.333333333333333,TRUE,0.420528762897433,85.1876453005646,High (80-95th)
TRUFIX,Heart Rate Increased,6,17.8034759358289,4,0.833333333333333,FALSE,0.420528762897433,85.1876453005646,High (80-95th)
PRESERVISION AREDS 2,Visual Impairment,46,10.4501546581912,4,0.130434782608696,TRUE,0.419985009149157,85.1544337429426,High (80-95th)
CITRACAL MAXIMUM (CHOLECALCIFEROL + CALCIUM CITRATE) FILM-COATED TABLET,Dysphagia,20,3.71800251783466,4,0.2,TRUE,0.41618651774107,85.1212221853205,High (80-95th)
HYDROXYCUT REGULAR DRINK MIX SACHETS,Emotional Distress,12,115.753408417309,4,0.25,TRUE,0.416057525794866,85.0880106276984,High (80-95th)
HERBALIFE CELL ACTIVATOR,Asthenia,9,4.07159559069146,4,0.777777777777778,FALSE,0.41587065271196,84.9219528395882,High (80-95th)
HERBALIFE TOTAL CONTROL,Abdominal Pain,9,4.24095559183516,4,0.777777777777778,FALSE,0.41587065271196,84.9219528395882,High (80-95th)
HYDROXYCUT MAX LIQUID CAPS,Injury,9,61.9116279069768,4,0.777777777777778,FALSE,0.41587065271196,84.9219528395882,High (80-95th)
PLEXUS PROBIO 5,Diarrhoea,9,4.23917197452229,4,0.777777777777778,FALSE,0.41587065271196,84.9219528395882,High (80-95th)
TRUVY TRU,Dizziness,9,6.96338912133891,4,0.777777777777778,FALSE,0.41587065271196,84.9219528395882,High (80-95th)
"CENTRUM SILVER WOMEN'S 50+ (MULTIMINERALS, MULTIVITAMINS) TABLET",Foreign Body Trauma,139,11.4807451820128,4,0.00719424460431655,TRUE,0.415764007365406,84.8887412819661,High (80-95th)
"CENTRUM SILVER WOMEN'S 50+ (MULTIMINERALS, MULTIVITAMINS) TABLET",Throat Irritation,72,7.81205063291139,4,0.0694444444444445,TRUE,0.414956941404259,84.8555297243441,High (80-95th)
CENTRUM SILVER WOMEN'S 50+,Foreign Body,39,6.22550243005385,4,0.128205128205128,TRUE,0.414426988051501,84.822318166722,High (80-95th)
"CENTRUM SILVER ADULTS 50+ (MULTIMINERALS, MULTIVITAMINS) TABLET",Choking,64,4.70338420703384,4,0.078125,TRUE,0.414072758005971,84.7891066091,High (80-95th)
CENTRUM SILVER WOMEN'S 50+ MULTIMINERALS MULTIVITAMINS TABLET,Dysphagia,56,8.73805305765479,4,0.0892857142857143,TRUE,0.413466207163248,84.7558950514779,High (80-95th)
SUPER BETA PROSTATE,Haematochezia,86,6.6760596362501,4,0.0465116279069768,TRUE,0.413339434458876,84.7226834938559,High (80-95th)
ONE A DAY WOMEN'S,Choking,83,3.01133576167886,4,0.0481927710843374,TRUE,0.412792184894581,84.6894719362338,High (80-95th)
CENTRUM SILVER WOMEN 50+,Dysphagia,23,5.9648069354324,4,0.173913043478261,TRUE,0.412499724512594,84.6562603786118,High (80-95th)
CITRACAL PETITES (CHOLECALCIFEROL + CALCIUM CITRATE) FILM-COATED TABLET,Choking,95,6.89207699087639,4,0.0315789473684211,TRUE,0.411807372885695,84.6230488209897,High (80-95th)
CENTRUM SILVER WOMEN'S 50+,Choking,105,3.7066179621063,4,0.0190476190476191,TRUE,0.411012120602978,84.5566257057456,High (80-95th)
CENTRUM SILVER WOMEN'S 50+ MULTIMINERALS MULTIVITAMINS TABLET,Choking,105,6.42273170817473,4,0.0190476190476191,TRUE,0.411012120602978,84.5566257057456,High (80-95th)
"ALL DAY ENERGY GREENS, FRUITY",Diarrhoea,7,5.72459713893263,4,0.285714285714286,TRUE,0.410808489899521,84.4569910328795,High (80-95th)
BENEFIBER WITH WHEAT DEXTRIN (NCH) (WHEAT DEXTRIN) POWDER,Overdose,7,12.8517541545766,4,0.285714285714286,TRUE,0.410808489899521,84.4569910328795,High (80-95th)
TOTAL BODY FORMULA TROPICAL ORANGE,Diarrhoea,7,10.8787396562699,4,0.285714285714286,TRUE,0.410808489899521,84.4569910328795,High (80-95th)
"CENTRUM SILVER ULTRA WOMEN'S (MULTIMINERALS, MULTIVITAMINS) TABLET",Choking,125,6.41381371126099,4,0,TRUE,0.410461614595866,84.4237794752574,High (80-95th)
CITRACAL MAXIMUM,Foreign Body,87,7.89832535885167,4,0.0344827586206897,TRUE,0.410073167595416,84.3905679176353,High (80-95th)
TOTAL BODY FORMULA,Arthralgia,14,67.9970152223659,4,0.214285714285714,TRUE,0.409908681368382,84.3573563600133,High (80-95th)
SUPER BETA PROSTATE P3 ADVANCED,Blood Urine Present,59,22.9617688513037,4,0.0677966101694915,TRUE,0.408565048042802,84.3241448023912,High (80-95th)
PRESERVISION AREDS 2 FORMULA,Foreign Body,15,4.71471423042188,4,0.2,TRUE,0.407666311324831,84.2577216871471,High (80-95th)
TOTAL BODY FORMULA,Diarrhoea,15,10.1586387725091,4,0.2,TRUE,0.407666311324831,84.2577216871471,High (80-95th)
"CENTRUM SILVER WOMEN'S 50+ MULTIMINERALS, MULTIVITAMINS TABLET",Dysphagia,33,8.38176277543366,4,0.121212121212121,TRUE,0.407381487822524,84.2245101295251,High (80-95th)
CENTRUM SILVER ULTRA WOMENS MULTIMINERALS MULTIVITAMINS TABLET,Choking,111,7.41103384762129,4,0,TRUE,0.406943632968231,84.191298571903,High (80-95th)
PRESERVISION AREDS 2,Macular Degeneration,100,30.2134244145453,4,0.01,TRUE,0.406852829065901,84.158087014281,High (80-95th)
HYDROXYCUT REGULAR RAPID RELEASE CAPLETS,Multiple Injuries,16,124.549422336329,4,0.1875,TRUE,0.405827732211105,84.1248754566589,High (80-95th)
AG1 WHOLE FOOD POUCH 360G NON SPECIFIC,Colitis,5,19.1795860549304,4,0.8,FALSE,0.405128991946204,83.4606443042179,High (80-95th)
CHOLECALCIFEROL,Hypercalcaemia,5,553.639455782313,4,0.8,FALSE,0.405128991946204,83.4606443042179,High (80-95th)
FIBERZON,Anxiety,5,43.0643738977072,4,0.8,FALSE,0.405128991946204,83.4606443042179,High (80-95th)
FIBERZON,Dry Mouth,5,237.063106796117,4,0.8,FALSE,0.405128991946204,83.4606443042179,High (80-95th)
FIBERZON,Hallucination,5,154.053627760252,4,0.8,FALSE,0.405128991946204,83.4606443042179,High (80-95th)
HERBALIFE 21-DAY HERBAL CLEANSING PROGRAM AM TABLETS,Abdominal Pain,5,10.2515327118502,4,0.8,FALSE,0.405128991946204,83.4606443042179,High (80-95th)
HERBALIFE 21-DAY HERBAL CLEANSING PROGRAM PM TABLETS,Abdominal Pain,5,11.0403382625605,4,0.8,FALSE,0.405128991946204,83.4606443042179,High (80-95th)
HYDROXYCUT CAPSULES,Anxiety,5,14.3518518518519,4,0.8,FALSE,0.405128991946204,83.4606443042179,High (80-95th)
HYDROXYCUT CAPSULES,Emotional Distress,5,65.625,4,0.8,FALSE,0.405128991946204,83.4606443042179,High (80-95th)
HYDROXYCUT NATURAL CAPLETS,Hepatic Steatosis,5,140.781430219147,4,0.8,FALSE,0.405128991946204,83.4606443042179,High (80-95th)
HYDROXYCUT RAPID RELEASE CAPLETS,Liver Function Test Abnormal,5,28.3788653801442,4,0.8,FALSE,0.405128991946204,83.4606443042179,High (80-95th)
MODERE TRIM,Nausea,5,10.3655119714722,4,0.8,FALSE,0.405128991946204,83.4606443042179,High (80-95th)
NATURAL ACCELERATOR ARIZONA NUTRITIONAL SUPPLEMENTS,Dehydration,5,8.89538910151267,4,0.8,FALSE,0.405128991946204,83.4606443042179,High (80-95th)
NATURAL ACCELERATOR ARIZONA NUTRITIONAL SUPPLEMENTS,Rash,5,6.01866923152807,4,0.8,FALSE,0.405128991946204,83.4606443042179,High (80-95th)
NUTRAFOL WOMENS BALANCE HAIR GROWTH NUTRACEUTICAL,Diverticulitis,5,8.9708480565371,4,0.8,FALSE,0.405128991946204,83.4606443042179,High (80-95th)
OMEGAPLEX,Hypoaesthesia,5,6.32429208588321,4,0.8,FALSE,0.405128991946204,83.4606443042179,High (80-95th)
OXYELITE PRO,Liver Function Test Abnormal,5,6.02272727272727,4,0.8,FALSE,0.405128991946204,83.4606443042179,High (80-95th)
OXYELITE PRO,Liver Injury,5,9.34815950920245,4,0.8,FALSE,0.405128991946204,83.4606443042179,High (80-95th)
UMARY,Arthralgia,5,11.3957399103139,4,0.8,FALSE,0.405128991946204,83.4606443042179,High (80-95th)
VITAMIN B6,Tinnitus,5,51.265756302521,4,0.8,FALSE,0.405128991946204,83.4606443042179,High (80-95th)
HERBALIFE SNACK DEFENSE,Vomiting,8,4.14222071364929,4,0.75,FALSE,0.404048969313672,83.3610096313517,High (80-95th)
HYDROXYCUT REGULAR RAPID RELEASE CAPLETS,Renal Failure Acute,8,10.5644599303136,4,0.75,FALSE,0.404048969313672,83.3610096313517,High (80-95th)
KRATOM,Drug Abuse,8,53.2849284928493,4,0.75,FALSE,0.404048969313672,83.3610096313517,High (80-95th)
CENTRUM SILVER WOMENS 50+ MULTIMINERALS MULTIVITAMIN,Choking,70,7.17468438510272,4,0.0285714285714286,TRUE,0.401860706978927,83.3277980737297,High (80-95th)
"CENTRUM SILVER (MULTIMINERALS, MULTIVITAMINS) TABLET",Choking,80,2.90104395096205,4,0.0125,TRUE,0.400994043535936,83.2945865161076,High (80-95th)
CENTRUM SILVER WOMENS 50+ MULTIMINERALS MULTIVITAMIN,Dysphagia,48,12.5804402160768,4,0.0625,TRUE,0.400865051589732,83.2613749584856,High (80-95th)
CITRACAL MAXIMUM (CHOLECALCIFEROL + CALCIUM CITRATE) FILM-COATED TABLET,Choking,66,4.85197477597079,4,0.0303030303030303,TRUE,0.40063752344723,83.2281634008635,High (80-95th)
CITRACAL SLOW RELEASE 1200,Choking,36,4.67680146588827,4,0.0833333333333333,TRUE,0.398594845173493,83.1949518432415,High (80-95th)
PRESERVISION AREDS 2,Blindness,29,11.6627901135336,4,0.103448275862069,TRUE,0.398225503389203,83.1617402856194,High (80-95th)
5 HOUR ENERGY,Myocardial Infarction,15,16.628329848168,4,0.666666666666667,FALSE,0.397666311324831,83.1285287279974,High (80-95th)
CITRACAL MAXIMUM,Foreign Body In Throat,65,23.530427631579,4,0.0153846153846154,TRUE,0.395709826151551,83.0953171703753,High (80-95th)
HYDROXYCUT MAX LIQUID CAPS,Emotional Distress,10,60.8641975308642,4,0.7,FALSE,0.395657754843637,82.9956824975091,High (80-95th)
KRATOM,Irritability,10,8.21171843211718,4,0.7,FALSE,0.395657754843637,82.9956824975091,High (80-95th)
PLEXUS SLIM,Hepatic Enzyme Increased,10,9.1783091696479,4,0.7,FALSE,0.395657754843637,82.9956824975091,High (80-95th)
"ONE A DAY MEN'S HEALTH FORMULA (MULTIVITAMINS, MINERALS, LYCOPENE) FILM-COATED TABLET",Choking,64,5.7509400575094,4,0.015625,TRUE,0.395322758005971,82.9624709398871,High (80-95th)
ONE A DAY WOMEN'S 50+ HEALTHY ADVANTAGE (MULTIVITAMINS + MINERALS) FILM-COATED TABLET,Choking,47,6.01971720036236,4,0.0425531914893617,TRUE,0.394257475596996,82.929259382265,High (80-95th)
RITUAL ESSENTIAL FOR WOMEN PRENATAL MULTIVITAMIN,Gastrointestinal Disorder,11,40.5786092214664,4,0.181818181818182,TRUE,0.393025986625715,82.896047824643,High (80-95th)
SUPER BETA PROSTATE,Renal Failure,23,3.00453172205438,3,0.608695652173913,TRUE,0.392934507121289,82.8628362670209,High (80-95th)
"CENTRUM SILVER WOMEN'S 50+ MULTIMINERALS, MULTIVITAMINS TABLET",Choking,54,5.38357071878105,4,0.0185185185185185,TRUE,0.391158957210243,82.8296247093989,High (80-95th)
SUPER BETA PROSTATE P3 ADVANCED,Myocardial Infarction,12,3.70741258741259,4,0.166666666666667,TRUE,0.391057525794866,82.7632015941548,High (80-95th)
ALL DAY ENERGY GREENS FRUITY,Abdominal Pain Upper,12,2.56801422956147,3,0.666666666666667,TRUE,0.391057525794866,82.7632015941548,High (80-95th)
ONE A DAY WOMEN'S (MULTIVITAMINS + MINERALS) FILM-COATED TABLET,Choking,53,4.91804991691934,4,0.0188679245283019,TRUE,0.390710178886948,82.7299900365327,High (80-95th)
CITRACAL PETITES,Foreign Body,52,7.86730802160681,4,0.0192307692307692,TRUE,0.390254886775432,82.6967784789107,High (80-95th)
CITRACAL MAXIMUM (CHOLECALCIFEROL + CALCIUM CITRATE) FILM-COATED TABLET,Foreign Body,13,4.26592592592593,4,0.153846153846154,TRUE,0.389581976365181,82.6635669212886,High (80-95th)
SUPER BETA PROSTATE,Urinary Hesitation,7,14.4130434782609,4,0.714285714285714,FALSE,0.389379918470949,82.5971438060445,High (80-95th)
SUSTAIN,Diarrhoea,7,6.79837683004456,4,0.714285714285714,FALSE,0.389379918470949,82.5971438060445,High (80-95th)
PRESERVISION AREDS 2,Condition Aggravated,50,10.9816321211539,4,0.02,TRUE,0.389324066168468,82.5639322484225,High (80-95th)
HYDROXYCUT MAX LIQUID CAPS,Liver Function Test Abnormal,15,44.7278225806452,4,0.133333333333333,TRUE,0.387666311324831,82.4975091331784,High (80-95th)
TOTAL BODY FORMULA,Hypotrichosis,15,306.126672240803,4,0.133333333333333,TRUE,0.387666311324831,82.4975091331784,High (80-95th)
"CENTRUM SILVER (MULTIMINERALS, MULTIVITAMINS) TABLET",Coeliac Disease,28,14.0653840590192,4,0.0714285714285714,TRUE,0.387580301408672,82.4642975755563,High (80-95th)
CITRACAL MAXIMUM PLUS,Choking,27,5.05193351099523,4,0.0740740740740741,TRUE,0.387296860979476,82.4310860179342,High (80-95th)
"PRESERVISION AREDS 2 SOFT GELS (CAPSULE, SOFT)",Age-Related Macular Degeneration,25,277.1875,4,0.08,TRUE,0.386795303271035,82.3978744603122,High (80-95th)
CITRACAL PETITES (CHOLECALCIFEROL + CALCIUM CITRATE) FILM-COATED TABLET,Dysphagia,24,4.38911907764367,4,0.0833333333333333,TRUE,0.386586288692299,82.3646629026901,High (80-95th)
KRATOM,Depression,18,6.09615707333445,4,0.611111111111111,FALSE,0.386399415609393,82.298239787446,High (80-95th)
PRESERVISION AREDS 2 FORMULA SOFT GELS,Visual Impairment,18,6.9551724137931,4,0.111111111111111,TRUE,0.386399415609393,82.298239787446,High (80-95th)
"CENTRUM SILVER WOMEN'S 50+ (MULTIMINERALS, MULTIVITAMINS) TABLET",Oropharyngeal Pain,20,3.11692929292929,4,0.1,TRUE,0.38618651774107,82.265028229824,High (80-95th)
"CENTRUM SILVER WOMENS 50+ (MULTIMINERALS, MULTIVITAMINS) TABLET",Choking,54,6.05763497846969,4,0,TRUE,0.385603401654687,82.2318166722019,High (80-95th)
BALANCE OF NATURE WHOLE PRODUCE VEGGIES 90 CAPSULES,Atrial Fibrillation,4,16.2506866416979,4,0.75,FALSE,0.383520206416239,80.9033543673198,High (80-95th)
ESTER-C 24 HOUR IMMUNE SUPPORT 1000MG COATED TABLETS,Oropharyngeal Pain,4,54.6077718758736,4,0.75,FALSE,0.383520206416239,80.9033543673198,High (80-95th)
FIBERZON,Mental Impairment,4,507.376623376623,4,0.75,FALSE,0.383520206416239,80.9033543673198,High (80-95th)
FIBERZON,Tachycardia,4,109.741573033708,4,0.75,FALSE,0.383520206416239,80.9033543673198,High (80-95th)
GARCINIA CAMBOGIA,Blood Alkaline Phosphatase Increased,4,35.5772594752187,4,0.75,FALSE,0.383520206416239,80.9033543673198,High (80-95th)
GARCINIA CAMBOGIA,Chromaturia,4,15.848051948052,4,0.75,FALSE,0.383520206416239,80.9033543673198,High (80-95th)
GARCINIA CAMBOGIA,Drug-Induced Liver Injury,4,66.4108843537415,4,0.75,FALSE,0.383520206416239,80.9033543673198,High (80-95th)
GNC PRO PERFORMANCE AMP AMPLIFIED WHEYBOLIC EXTREME 60,Vomiting,4,7.68720975993703,4,0.75,FALSE,0.383520206416239,80.9033543673198,High (80-95th)
HERBALIFE ACTIVE FIBER COMPLEX,Abdominal Pain,4,9.56286721504113,4,0.75,FALSE,0.383520206416239,80.9033543673198,High (80-95th)
HERBALIFE FORMULA 2 MULTIVITAMIN COMPLEX,Jaundice,4,14.7394323671498,4,0.75,FALSE,0.383520206416239,80.9033543673198,High (80-95th)
HERBALIFE SNACK DEFENSE,Liver Function Test Abnormal,4,14.8123198300713,4,0.75,FALSE,0.383520206416239,80.9033543673198,High (80-95th)
HYDROXYCUT CAFFEINE FREE CAPLETS,Injury,4,63.4103896103896,4,0.75,FALSE,0.383520206416239,80.9033543673198,High (80-95th)
HYDROXYCUT HARDCORE,Jaundice,4,6.77638888888889,4,0.75,FALSE,0.383520206416239,80.9033543673198,High (80-95th)
HYDROXYCUT HARDCORE CAPSULES,Obesity,4,47.9773454814085,4,0.75,FALSE,0.383520206416239,80.9033543673198,High (80-95th)
HYDROXYCUT RAPID RELEASE CAPLETS,Emotional Distress,4,46.1356012284432,4,0.75,FALSE,0.383520206416239,80.9033543673198,High (80-95th)
HYDROXYCUT RAPID RELEASE CAPLETS,Rhabdomyolysis,4,47.8656862745098,4,0.75,FALSE,0.383520206416239,80.9033543673198,High (80-95th)
HYDROXYCUT REGULAR RAPID RELEASE CAPLETS,Quality Of Life Decreased,4,49.3008130081301,4,0.75,FALSE,0.383520206416239,80.9033543673198,High (80-95th)
HYDROXYCUT WITH EPHEDRA,Renal Failure,4,19.9232653061225,4,0.75,FALSE,0.383520206416239,80.9033543673198,High (80-95th)
JACK3D,Chest Discomfort,4,12.2568738229755,4,0.75,FALSE,0.383520206416239,80.9033543673198,High (80-95th)
JACK3D,Tachycardia,4,20.3133583021223,4,0.75,FALSE,0.383520206416239,80.9033543673198,High (80-95th)
KRATOM,Opiates Positive,4,479.564356435644,4,0.75,FALSE,0.383520206416239,80.9033543673198,High (80-95th)
LACTAID FAST ACT CAPLETS,Gastrointestinal Disorder,4,18.7832611832612,4,0.75,FALSE,0.383520206416239,80.9033543673198,High (80-95th)
LEPTIBURN,Liver Function Test Abnormal,4,7.12776682007451,4,0.75,FALSE,0.383520206416239,80.9033543673198,High (80-95th)
MELATONIN,Mental Status Changes,4,44.0958192090396,4,0.75,FALSE,0.383520206416239,80.9033543673198,High (80-95th)
MODERE TRIM,Vomiting,4,8.96859504132231,4,0.75,FALSE,0.383520206416239,80.9033543673198,High (80-95th)
NATURAL ACCELERATOR,Diverticulitis,4,12.4929577464789,4,0.75,FALSE,0.383520206416239,80.9033543673198,High (80-95th)
NATURAL ACCELERATOR ARIZONA NUTRITIONAL SUPPLEMENTS,Oropharyngeal Swelling,4,36.615903975994,4,0.75,FALSE,0.383520206416239,80.9033543673198,High (80-95th)
NO XPLODE,Paraesthesia,4,8.42811501597444,4,0.75,FALSE,0.383520206416239,80.9033543673198,High (80-95th)
NO XPLODE,Renal Failure,4,15.0742857142857,4,0.75,FALSE,0.383520206416239,80.9033543673198,High (80-95th)
NOW ASHWAGANDHA,Diarrhoea,4,7.76343402225755,4,0.75,FALSE,0.383520206416239,80.9033543673198,High (80-95th)
NUGENIX FREE TESTOSTERONE BOOSTER,Cerebrovascular Accident,4,12.863768115942,4,0.75,FALSE,0.383520206416239,80.9033543673198,High (80-95th)
NUTRIDIET,Abdominal Pain Upper,4,6.43598615916955,4,0.75,FALSE,0.383520206416239,80.9033543673198,High (80-95th)
PLEXUS PROBIO5,Hepatic Enzyme Increased,4,8.13910432824618,4,0.75,FALSE,0.383520206416239,80.9033543673198,High (80-95th)
"PRESERVISION AREDS 2 FORMULA SOFT GELS (CAPSULE, SOFT)",Vertigo,4,6.48660892738175,4,0.75,FALSE,0.383520206416239,80.9033543673198,High (80-95th)
TOTAL BODY FORMULA TROPICAL ORANGE,Nail Discolouration,4,781.28,4,0.75,FALSE,0.383520206416239,80.9033543673198,High (80-95th)
TRIVEREX,Syncope,4,6.9824686940966,4,0.75,FALSE,0.383520206416239,80.9033543673198,High (80-95th)
TRUVY TRU,Asthenia,4,6.89130434782609,4,0.75,FALSE,0.383520206416239,80.9033543673198,High (80-95th)
ULTIMATE POWER MEAL,Blood Calcium Increased,4,230.616292798111,4,0.75,FALSE,0.383520206416239,80.9033543673198,High (80-95th)
ULTIMATE POWER MEAL,Decreased Appetite,4,45.9712873617322,4,0.75,FALSE,0.383520206416239,80.9033543673198,High (80-95th)
ULTIMATE POWER MEAL,Hypervitaminosis D,4,1744.03571428571,4,0.75,FALSE,0.383520206416239,80.9033543673198,High (80-95th)
"CENTRUM SILVER ULTRA WOMEN'S (MULTIMINERALS, MULTIVITAMINS) TABLET",Dysphagia,50,6.50594584191999,4,0,TRUE,0.383324066168468,80.8701428096978,High (80-95th)
"CENTRUM SILVER WOMEN'S 50+ (MULTIMINERALS, MULTIVITAMINS) TABLET",Retching,38,4.902127090301,4,0.0263157894736842,TRUE,0.383090877089876,80.8369312520757,High (80-95th)
SUPER BETA VIRILITY BOOST,Cerebrovascular Accident,9,4.29352863371381,4,0.666666666666667,FALSE,0.382537319378627,80.8037196944537,High (80-95th)
PRESERVISION AREDS 2,Age-Related Macular Degeneration,37,32.3861250820031,4,0.027027027027027,TRUE,0.382514421697712,80.7705081368316,High (80-95th)
"CENTRUM SILVER ULTRA WOMEN'S (MULTIMINERALS, MULTIVITAMINS) TABLET",Foreign Body Trauma,36,10.6288459089172,4,0.0277777777777778,TRUE,0.381928178506826,80.7372965792096,High (80-95th)
CITRACAL PETITES,Dysphagia,35,2.93164816602317,4,0.0285714285714286,TRUE,0.381331944081494,80.7040850215875,High (80-95th)
SUPER BETA PROSTATE,Myocardial Infarction,34,2.34097202990861,3,0.529411764705882,TRUE,0.380725528450666,80.6708734639655,High (80-95th)
TRIVEREX,Dyspnoea,11,3.07911646586345,3,0.636363636363636,TRUE,0.379389622989352,80.6376619063434,High (80-95th)
PRESERVISION AREDS 2 FORMULA SOFT GELS,Macular Degeneration,42,18.4562091503268,4,0,TRUE,0.378160286461295,80.6044503487214,High (80-95th)
AG1 WHOLE FOOD POUCH 360G NON SPECIFIC,Diarrhoea,13,2.08308897012413,3,0.615384615384615,TRUE,0.37804351482672,80.5712387910993,High (80-95th)
KRATOM,Withdrawal Syndrome,28,28.2096680256261,4,0.535714285714286,FALSE,0.376866015694386,80.5380272334773,High (80-95th)
CENTRUM SILVER ULTRA WOMEN'S MULTIMINERALS MULTIVITAMINS TABLET,Choking,40,6.86152634613492,4,0,TRUE,0.376715280638503,80.5048156758552,High (80-95th)
"CENTRUM SILVER WOMEN'S 50+(MULTIMINERALS, MULTIVITAMINS) TABLET",Choking,27,5.71724736408209,4,0.037037037037037,TRUE,0.376185749868365,80.4716041182332,High (80-95th)
CENTRUM SILVER ULTRA WOMEN'S,Choking,39,6.5493969932265,4,0,TRUE,0.375965449589962,80.371969445367,High (80-95th)
CENTRUM SILVER ULTRA WOMENS MULTIMINERALS MULTIVITAMINS TABLET,Dysphagia,39,6.5878963135558,4,0,TRUE,0.375965449589962,80.371969445367,High (80-95th)
"CENTRUM SILVER WOMENS 50+ (MULTIMINERALS, MULTIVITAMINS) TABLET",Dysphagia,39,11.1742808798646,4,0,TRUE,0.375965449589962,80.371969445367,High (80-95th)
CENTRUM SILVER ULTRA WOMENS MULTIMINERAL MULTIVITAMINS TABLET,Choking,24,7.15051637002857,4,0.0416666666666667,TRUE,0.374086288692299,80.2723347725008,High (80-95th)
ONE A DAY WOMEN'S 50 PLUS HEALTHY ADVANTAGE,Choking,24,3.01433750823995,4,0.0416666666666667,TRUE,0.374086288692299,80.2723347725008,High (80-95th)
ONE A DAY WOMEN'S 50+ MINIGELS COMPLETE MULTIVITAMIN,Foreign Body,24,26.5093353248693,4,0.0416666666666667,TRUE,0.374086288692299,80.2723347725008,High (80-95th)
CENTRUM SILVER MULTIMINERALS MULTIVITAMINS TABLET,Choking,36,4.46067472817803,4,0,TRUE,0.373594845173493,80.2391232148788,High (80-95th)
CITRACAL MAXIMUM,Throat Irritation,22,3.34891762915831,4,0.0454545454545455,TRUE,0.372645658614057,80.2059116572567,High (80-95th)
"CENTRUM SILVER (MULTIMINERALS, MULTIVITAMINS) TABLET",Foreign Body Trauma,20,4.14080632316806,4,0.05,TRUE,0.37118651774107,80.1394885420126,High (80-95th)
"CENTRUM SILVER WOMEN'S 50+ (MULTIMINERALS, MULTIVITAMINS) TABLET",Coeliac Disease,20,3.49067873303167,4,0.05,TRUE,0.37118651774107,80.1394885420126,High (80-95th)
PRESERVISION AREDS 2,Cataract,33,15.4659426865322,4,0,TRUE,0.371017851458888,80.1062769843906,High (80-95th)
ALL DAY ENERGY GREENS FRUITY,Diverticulitis,6,9.17473168894747,4,0.666666666666667,FALSE,0.370528762897433,79.9070076386583,Moderate (50-80th)
HERBALIFE CELL ACTIVATOR,Liver Function Test Abnormal,6,6.8961810466761,4,0.666666666666667,FALSE,0.370528762897433,79.9070076386583,Moderate (50-80th)
HERBALIFE CELL-U-LOSS,Hepatic Enzyme Increased,6,8.1641978408235,4,0.666666666666667,FALSE,0.370528762897433,79.9070076386583,Moderate (50-80th)
NATUREMADE SUPER B COMPLEX TABLET,Staphylococcal Infection,6,301.37037037037,4,0.166666666666667,TRUE,0.370528762897433,79.9070076386583,Moderate (50-80th)
PLEXUS PROBIO 5,Abdominal Pain,6,5.22,4,0.666666666666667,FALSE,0.370528762897433,79.9070076386583,Moderate (50-80th)
VITAMIN B6,Insomnia,6,9.76262710451742,4,0.666666666666667,FALSE,0.370528762897433,79.9070076386583,Moderate (50-80th)
CENTRUM SILVER WOMEN'S 50+ (MULTIMINERALS MULTIVITAMINS) TABLET,Choking,19,6.36357648608595,4,0.0526315789473684,TRUE,0.370456851034549,79.8405845234142,Moderate (50-80th)
VITAPEARL,Abortion Spontaneous,19,169.5,4,0.0526315789473684,TRUE,0.370456851034549,79.8405845234142,Moderate (50-80th)
CITRACAL MAXIMUM,Retching,18,3.37404190086868,4,0.0555555555555556,TRUE,0.369732748942727,79.8073729657921,Moderate (50-80th)
CITRACAL,Choking,31,4.62081798016462,4,0,TRUE,0.369166202024642,79.740949850548,Moderate (50-80th)
ONE A DAY WOMEN'S,Foreign Body,31,5.073886666936,4,0,TRUE,0.369166202024642,79.740949850548,Moderate (50-80th)
ARBONNE ESSENTIALS DIGESTION PLUS,Dyspnoea,16,4.00410391102721,4,0.0625,TRUE,0.368327732211105,79.6413151776818,Moderate (50-80th)
"CENTRUM SILVER WOMEN'S 50+(MULTIMINERALS, MULTIVITAMINS) TABLET",Dysphagia,16,8.60838312790775,4,0.0625,TRUE,0.368327732211105,79.6413151776818,Moderate (50-80th)
TRIPLE ACTION VIRILITY,Blood Urine Present,16,14.0918306499702,4,0.0625,TRUE,0.368327732211105,79.6413151776818,Moderate (50-80th)
"PRESERVISION AREDS 2 SOFT GELS (CAPSULE, SOFT)",Visual Impairment,7,20.6279069767442,4,0.142857142857143,TRUE,0.367951347042378,79.5748920624377,Moderate (50-80th)
SLOW FE BROWN (NCH) (FERROUS SULFATE) TABLET,Constipation,7,11.0845824411135,4,0.142857142857143,TRUE,0.367951347042378,79.5748920624377,Moderate (50-80th)
ARBONNE ESSENTIALS HERBAL DETOX TEA,Hypersensitivity,15,8.05290603650285,4,0.0666666666666667,TRUE,0.367666311324831,79.5416805048157,Moderate (50-80th)
"CENTRUM ULTRA WOMEN'S (MULTIMINERALS, MULTIVITAMINS) TABLET",Choking,29,7.07422068283028,4,0,TRUE,0.367191020630582,79.5084689471936,Moderate (50-80th)
CITRACAL SLOW RELEASE 1200,Foreign Body,14,8.16485329634855,4,0.0714285714285714,TRUE,0.367051538511239,79.3756227167054,Moderate (50-80th)
ONE A DAY WOMEN'S 50+ MINIGELS COMPLETE MULTIVITAMIN,Choking,14,3.40671273445212,4,0.0714285714285714,TRUE,0.367051538511239,79.3756227167054,Moderate (50-80th)
ONE A DAY WOMENS (MULTIVITAMINS + MINERALS) FILM-COATED TABLET,Choking,14,4.49759789404409,4,0.0714285714285714,TRUE,0.367051538511239,79.3756227167054,Moderate (50-80th)
SUPER BETA PROSTATE,Prostate Cancer,14,7.12173913043478,4,0.0714285714285714,TRUE,0.367051538511239,79.3756227167054,Moderate (50-80th)
"CENTRUM SILVER (MULTIMINERALS, MULTIVITAMINS) CHEWABLE TABLET",Dysgeusia,8,61.7444655281468,4,0.625,FALSE,0.366548969313672,79.2427764862172,Moderate (50-80th)
CENTRUM SILVER WOMENS 50+ MULTIMINERALS MULTIVITAMIN,Throat Irritation,8,6.37138423846468,4,0.125,TRUE,0.366548969313672,79.2427764862172,Moderate (50-80th)
HYDROXYCUT HARDCORE CAPSULES,Renal Failure,8,8.59709658915413,4,0.625,FALSE,0.366548969313672,79.2427764862172,Moderate (50-80th)
REUMOFAN PLUS,Swelling,8,7.59220203120744,4,0.625,FALSE,0.366548969313672,79.2427764862172,Moderate (50-80th)
AG1 WHOLE FOOD POUCH 360G NON SPECIFIC,Alanine Aminotransferase Increased,13,14.0183841422946,4,0.0769230769230769,TRUE,0.366505053288258,79.0435071404849,Moderate (50-80th)
ARBONNE ESSENTIALS HERBAL DETOX TEA,Dyspnoea,13,4.44111758281762,4,0.0769230769230769,TRUE,0.366505053288258,79.0435071404849,Moderate (50-80th)
CITRACAL PETITES CHOLECALCIFEROL + CALCIUM CITRATE FILM-COATED TABLET,Choking,13,6.52566211547952,4,0.0769230769230769,TRUE,0.366505053288258,79.0435071404849,Moderate (50-80th)
HYDROXYCUT REGULAR RAPID RELEASE CAPLETS,Hepatic Function Abnormal,13,24.650406504065,4,0.0769230769230769,TRUE,0.366505053288258,79.0435071404849,Moderate (50-80th)
ONE A DAY WOMEN'S MINIGELS COMPLETE MULTIVITAMIN,Choking,13,4.34972857377858,4,0.0769230769230769,TRUE,0.366505053288258,79.0435071404849,Moderate (50-80th)
SUPER BETA VIRILITY BOOST,Haematochezia,13,6.74318738681155,4,0.0769230769230769,TRUE,0.366505053288258,79.0435071404849,Moderate (50-80th)
"ONE A DAY MEN'S HEALTH FORMULA (MULTIVITAMINS, MINERALS, LYCOPENE) FILM-COATED TABLET",Foreign Body Trauma,28,14.5135566188198,4,0,TRUE,0.366151729980101,78.9770840252408,Moderate (50-80th)
SUPER BETA VIRILITY BOOST,Blood Urine Present,28,16.727580579856,4,0,TRUE,0.366151729980101,78.9770840252408,Moderate (50-80th)
SUPER BETA PROSTATE,Cystitis,12,6.91826086956522,4,0.583333333333333,FALSE,0.366057525794866,78.9438724676187,Moderate (50-80th)
CENTRUM SILVER ULTRA WOMENS MULTIMINERALS MULTIVITAMINS,Choking,12,8.03092105263158,4,0.0833333333333333,TRUE,0.366057525794866,78.8442377947526,Moderate (50-80th)
CENTRUM SILVER WOMEN'S 50+ (MULTIMINERALS MULTIVITAMINS) TABLET,Dysphagia,12,10.2082810539523,4,0.0833333333333333,TRUE,0.366057525794866,78.8442377947526,Moderate (50-80th)
GRIPE WATER ORIGINAL,Choking,12,8.03092105263158,4,0.0833333333333333,TRUE,0.366057525794866,78.8442377947526,Moderate (50-80th)
CENTRUM SILVER ULTRA WOMEN'S TABLET,Choking,9,6.56764754233109,4,0.111111111111111,TRUE,0.36587065271196,78.7446031218864,Moderate (50-80th)
CENTRUM SILVER ULTRA WOMENS MULTIMINERALS MULTIVITAMINS TABLET,Oropharyngeal Pain,9,7.10266960409512,4,0.111111111111111,TRUE,0.36587065271196,78.7446031218864,Moderate (50-80th)
CITRACAL MAXIMUM FILM-COATED TABLET,Choking,9,7.22456024987671,4,0.111111111111111,TRUE,0.36587065271196,78.7446031218864,Moderate (50-80th)
"CENTRUM SILVER WOMEN'S 50+ MULTIMINERALS, MULTIVITAMINS TABLET",Foreign Body Trauma,11,6.23502127362768,4,0.0909090909090909,TRUE,0.365753259352988,78.6449684490203,Moderate (50-80th)
CITRACAL MAXIMUM (CHOLECALCIFEROL + CALCIUM CITRATE) FILM-COATED TABLET,Foreign Body Trauma,11,4.58851224105461,4,0.0909090909090909,TRUE,0.365753259352988,78.6449684490203,Moderate (50-80th)
SUPER BETA PROSTATE,Haematuria,11,6.69902020820576,4,0.0909090909090909,TRUE,0.365753259352988,78.6449684490203,Moderate (50-80th)
CITRACAL,Dysphagia,10,3.77536332822584,4,0.1,TRUE,0.365657754843637,78.5121222185321,Moderate (50-80th)
KRATOM,Psychotic Disorder,10,13.6239873987399,4,0.6,FALSE,0.365657754843637,78.5121222185321,Moderate (50-80th)
TRIPLE ACTION VIRILITY,Haematochezia,10,7.77777777777778,4,0.1,TRUE,0.365657754843637,78.5121222185321,Moderate (50-80th)
HYDROXYCUT HARDCORE,Nausea,10,2.48865085437388,3,0.6,TRUE,0.365657754843637,78.5121222185321,Moderate (50-80th)
CENTRUM SILVER ULTRA WOMENS MULTIMINERALS MULTIVITAMINS TABLET,Foreign Body Trauma,26,9.91645137551474,4,0,TRUE,0.363956893108768,78.47891066091,Moderate (50-80th)
CALTRATE 600 + VITAMIN D,Choking,25,3.86612316313981,4,0,TRUE,0.362795303271035,78.4124875456659,Moderate (50-80th)
CITRACAL MAXIMUM BAYER,Choking,25,4.78760978596153,4,0,TRUE,0.362795303271035,78.4124875456659,Moderate (50-80th)
PRESERVISION AREDS 2 FORMULA SOFT GELS,Neovascular Age-Related Macular Degeneration,24,116.927536231884,4,0,TRUE,0.361586288692299,78.3792759880438,Moderate (50-80th)
ARBONNE ESSENTIALS DIGESTION PLUS,Hypersensitivity,23,9.07029683761236,4,0,TRUE,0.360325811469115,78.2132181999336,Moderate (50-80th)
CENTRUM SILVER WOMEN'S 50 PLUS MULTIMINERALS MULTIVITAMINS TABLET,Choking,23,7.11511210819169,4,0,TRUE,0.360325811469115,78.2132181999336,Moderate (50-80th)
CENTRUM SILVER WOMEN'S 50+ MULTIMINERALS MULTIVITAMINS TABLET,Foreign Body Trauma,23,8.02191908342284,4,0,TRUE,0.360325811469115,78.2132181999336,Moderate (50-80th)
"CENTRUM WOMEN UNDER 50 (MULTIMINERALS, MULTIVITAMINS) TABLET",Choking,23,6.60661911823553,4,0,TRUE,0.360325811469115,78.2132181999336,Moderate (50-80th)
PRESERVISION AREDS 2 FORMULA SOFT GELS,Condition Aggravated,23,8.64858314690529,4,0,TRUE,0.360325811469115,78.2132181999336,Moderate (50-80th)
CENTRUM SILVER ADULTS 50+ MULTIMINERALS MULTIVITAMIN,Choking,22,5.52808896210873,4,0,TRUE,0.359009294977694,78.0803719694454,Moderate (50-80th)
CENTRUM ULTRA WOMENS MULTIMINERALS MULTIVITAMINS TABLET,Choking,22,6.8046381954125,4,0,TRUE,0.359009294977694,78.0803719694454,Moderate (50-80th)
CITRACAL PETITES,Foreign Body In Throat,22,12.0210265924552,4,0,TRUE,0.359009294977694,78.0803719694454,Moderate (50-80th)
CITRACAL PETITES (CHOLECALCIFEROL +CALCIUM CITRATE) FILM-COATED TABLET,Choking,22,7.0769686985173,4,0,TRUE,0.359009294977694,78.0803719694454,Moderate (50-80th)
SUPER BETA PROSTATE,Infection,15,4.56751377832211,4,0.533333333333333,FALSE,0.357666311324831,78.0471604118233,Moderate (50-80th)
"CENTRUM SILVER WOMEN'S 50 + (MULTIMINERALS, MULTIVITAMINS) TABLET",Choking,21,6.7541755888651,4,0,TRUE,0.357631523563862,78.0139488542013,Moderate (50-80th)
ONE A DAY ESSENTIAL (MULTIVITAMINS) TABLET,Choking,20,5.02388010540185,4,0,TRUE,0.35618651774107,77.9143141813351,Moderate (50-80th)
PRESERVISION AREDS 2 FORMULA SOFT GELS,Blindness,20,14.274593064402,4,0,TRUE,0.35618651774107,77.9143141813351,Moderate (50-80th)
PRESERVISION AREDS 2 FORMULA SOFT GELS,Cataract,20,16.0079365079365,4,0,TRUE,0.35618651774107,77.9143141813351,Moderate (50-80th)
ARBONNE ESSENTIALS PROTEIN SHAKE MIX - CHOCOLATE,Hypersensitivity,19,10.4744690465432,4,0,TRUE,0.354667377350338,77.8811026237131,Moderate (50-80th)
CENTRUM SILVER MULTIMINERALS MULTIVITAMINS TABLET,Dysphagia,18,5.66328011611031,4,0,TRUE,0.35306608227606,77.7814679508469,Moderate (50-80th)
CITRACAL MAXIMUM (CHOLECALCIFEROL +CALCIUM CITRATE) FILM-COATED TABLET,Choking,18,5.35758972670398,4,0,TRUE,0.35306608227606,77.7814679508469,Moderate (50-80th)
ONE A DAY WOMEN'S 50 PLUS HEALTHY ADVANTAGE,Foreign Body,18,10.1994423791822,4,0,TRUE,0.35306608227606,77.7814679508469,Moderate (50-80th)
HYDROXYCUT,Nausea,29,2.1152760167975,3,0.448275862068966,TRUE,0.351673779251272,77.7482563932249,Moderate (50-80th)
"CENTRUM SILVER MEN'S 50+ (MULTIMINERALS, MULTIVITAMINS) TABLET",Coeliac Disease,17,18.0763390422167,4,0,TRUE,0.351373236141469,77.5821986051146,Moderate (50-80th)
CENTRUM SILVER MULTIMINERALS MULTIVITAMINS,Choking,17,3.59382282867663,4,0,TRUE,0.351373236141469,77.5821986051146,Moderate (50-80th)
CENTRUM SILVER ULTRA WOMEN'S MULTIMINERALS MULTIVITAMINS TABLET,Dysphagia,17,7.39670239517754,4,0,TRUE,0.351373236141469,77.5821986051146,Moderate (50-80th)
CENTRUM SILVER WOMEN 50 PLUS,Foreign Body In Throat,17,86.7305602006689,4,0,TRUE,0.351373236141469,77.5821986051146,Moderate (50-80th)
CITRACAL MAXIMUM CHOLECALCIFEROL CALCIUM CITRATE FILM COATED TABLET,Choking,17,5.0591129401006,4,0,TRUE,0.351373236141469,77.5821986051146,Moderate (50-80th)
5-HTP,Insomnia,3,12.1659468438538,4,0.666666666666667,FALSE,0.35,73.0322152108934,Moderate (50-80th)
ACCELERATE WITH THERMOLIT,Dehydration,3,15.0135287485908,4,0.666666666666667,FALSE,0.35,73.0322152108934,Moderate (50-80th)
ADVOCARE CATALYST,Dehydration,3,33.0338218714769,4,0.666666666666667,FALSE,0.35,73.0322152108934,Moderate (50-80th)
ALIGN,Lactobacillus Infection,3,2616,4,0.666666666666667,FALSE,0.35,73.0322152108934,Moderate (50-80th)
ARBONNE ENERGYFIZZ GINSENG FIZZ STICKS POMEGRANATE FLAVOR,Headache,3,7.72006745362563,4,0.666666666666667,FALSE,0.35,73.0322152108934,Moderate (50-80th)
ARGI-VIVE III,Blood Pressure Increased,3,15.0725308641975,4,0.666666666666667,FALSE,0.35,73.0322152108934,Moderate (50-80th)
ARTRI AJO KING,Cushing's Syndrome,3,326.839285714286,4,0.666666666666667,FALSE,0.35,73.0322152108934,Moderate (50-80th)
ARTRI AJO KING,Cushingoid,3,305.05,4,0.666666666666667,FALSE,0.35,73.0322152108934,Moderate (50-80th)
ARTRI KING,Cushing's Syndrome,3,213.371720116618,4,0.666666666666667,FALSE,0.35,73.0322152108934,Moderate (50-80th)
ARTRI KING,Oedema,3,38.7948582030215,4,0.666666666666667,FALSE,0.35,73.0322152108934,Moderate (50-80th)
BENEFIBER STICK PACKS (WHEAT DEXTRIN) POWDER,Diverticulitis,3,13.5185595567867,4,0.666666666666667,FALSE,0.35,73.0322152108934,Moderate (50-80th)
BENEFIBER SUGAR FREE (NCH) (WHEAT DEXTRIN) CHEWABLE TABLET,Pyrexia,3,16.0493096646943,4,0.666666666666667,FALSE,0.35,73.0322152108934,Moderate (50-80th)
BENEFIBER UNKNOWN (NCH) (UNKNOWN) POWDER,Therapeutic Response Unexpected,3,359.918918918919,4,0.666666666666667,FALSE,0.35,73.0322152108934,Moderate (50-80th)
BEYOND RAW LIT,Paraesthesia,3,21.2392344497608,4,0.666666666666667,FALSE,0.35,73.0322152108934,Moderate (50-80th)
BIOTRUST IC-5,Dehydration,3,9.71344253597719,4,0.666666666666667,FALSE,0.35,73.0322152108934,Moderate (50-80th)
BIOTRUST IC-5,Loss Of Consciousness,3,8.55593200537415,4,0.666666666666667,FALSE,0.35,73.0322152108934,Moderate (50-80th)
BIOTRUST LEPTIBURN,Heart Rate Increased,3,9.77251501000667,4,0.666666666666667,FALSE,0.35,73.0322152108934,Moderate (50-80th)
BP COMPLETE 120,Blood Pressure Increased,3,15.0725308641975,4,0.666666666666667,FALSE,0.35,73.0322152108934,Moderate (50-80th)
BURN,Colitis,3,45.8796992481203,4,0.666666666666667,FALSE,0.35,73.0322152108934,Moderate (50-80th)
BURN,Haematemesis,3,39.8823529411765,4,0.666666666666667,FALSE,0.35,73.0322152108934,Moderate (50-80th)
CALCIUM CARBONATE (CALCIUM CARBONATE) UNKNOWN,Blood Creatinine Increased,3,113.037037037037,4,0.666666666666667,FALSE,0.35,73.0322152108934,Moderate (50-80th)
CALCIUM CARBONATE (CALCIUM CARBONATE) UNKNOWN,Hypercalcaemia,3,359.058823529412,4,0.666666666666667,FALSE,0.35,73.0322152108934,Moderate (50-80th)
CALCIUM CARBONATE (CALCIUM CARBONATE) UNKNOWN,Milk-Alkali Syndrome,3,1831.2,4,0.666666666666667,FALSE,0.35,73.0322152108934,Moderate (50-80th)
CALCIUM CARBONATE (CALCIUM CARBONATE) UNKNOWN,Renal Failure Acute,3,156.512820512821,4,0.666666666666667,FALSE,0.35,73.0322152108934,Moderate (50-80th)
"CALTRATE 600 + VITAMIN D (CALCIUM CARBONATE, CHOLECALCIFEROL) TABLET",Blood Pressure Fluctuation,3,15.800885911841,4,0.666666666666667,FALSE,0.35,73.0322152108934,Moderate (50-80th)
CATALYST,Pyrexia,3,19.2603550295858,4,0.666666666666667,FALSE,0.35,73.0322152108934,Moderate (50-80th)
CENTRUM SILVER,Blood Iron Decreased,3,14.307285546416,4,0.666666666666667,FALSE,0.35,73.0322152108934,Moderate (50-80th)
"CENTRUM SILVER WOMEN'S 50+ (MUL TIMINERALS, MULTIVITAMINS) TABLET",Dysphagia,3,10.17375,4,0.666666666666667,FALSE,0.35,73.0322152108934,Moderate (50-80th)
CHEAT,Dehydration,3,15.0135287485908,4,0.666666666666667,FALSE,0.35,73.0322152108934,Moderate (50-80th)
CREATINE,Blood Creatine Phosphokinase Increased,3,107.713235294118,4,0.666666666666667,FALSE,0.35,73.0322152108934,Moderate (50-80th)
CREATINE,Fatigue,3,8.47252747252747,4,0.666666666666667,FALSE,0.35,73.0322152108934,Moderate (50-80th)
DELTA 8,Anxiety,3,8.59595070422535,4,0.666666666666667,FALSE,0.35,73.0322152108934,Moderate (50-80th)
DELTA 8,Loss Of Consciousness,3,9.69712015888779,4,0.666666666666667,FALSE,0.35,73.0322152108934,Moderate (50-80th)
DHEA,Insomnia,3,18.9267441860465,4,0.666666666666667,FALSE,0.35,73.0322152108934,Moderate (50-80th)
ESTROVEN,Chest Pain,3,8.48476598702502,4,0.666666666666667,FALSE,0.35,73.0322152108934,Moderate (50-80th)
FEEL FREE KRATOM,Dependence,3,82.4932432432433,4,0.666666666666667,FALSE,0.35,73.0322152108934,Moderate (50-80th)
FLOYD NUTRITION SLIM TRIM U,Heart Rate Increased,3,16.288859239493,4,0.666666666666667,FALSE,0.35,73.0322152108934,Moderate (50-80th)
FLOYD NUTRITION SLIM TRIM U,Insomnia,3,28.3918604651163,4,0.666666666666667,FALSE,0.35,73.0322152108934,Moderate (50-80th)
FLUSH,Dehydration,3,13.7621195039459,4,0.666666666666667,FALSE,0.35,73.0322152108934,Moderate (50-80th)
GARCINIA CAMBOGIA,Lipase Increased,3,79.2402597402598,4,0.666666666666667,FALSE,0.35,73.0322152108934,Moderate (50-80th)
GREEN TEA FAT BURNER,Liver Injury,3,22.3262195121951,4,0.666666666666667,FALSE,0.35,73.0322152108934,Moderate (50-80th)
HERBALIFE 21-DAY HERBAL CLEANSING PROGRAM AM TABLETS,Constipation,3,11.1542796222967,4,0.666666666666667,FALSE,0.35,73.0322152108934,Moderate (50-80th)
HERBALIFE 21-DAY HERBAL CLEANSING PROGRAM PM TABLETS,Constipation,3,12.0125471543382,4,0.666666666666667,FALSE,0.35,73.0322152108934,Moderate (50-80th)
HERBALIFE CELL ACTIVATOR,Blood Alkaline Phosphatase Increased,3,8.83901377810007,4,0.666666666666667,FALSE,0.35,73.0322152108934,Moderate (50-80th)
HERBALIFE CELL ACTIVATOR,Haematemesis,3,11.3809523809524,4,0.666666666666667,FALSE,0.35,73.0322152108934,Moderate (50-80th)
HERBALIFE CELL ACTIVATOR,Hepatitis,3,8.75017946877243,4,0.666666666666667,FALSE,0.35,73.0322152108934,Moderate (50-80th)
HERBALIFE CELL ACTIVATOR,International Normalised Ratio Increased,3,10.6175958188153,4,0.666666666666667,FALSE,0.35,73.0322152108934,Moderate (50-80th)
HERBALIFE CELL-U-LOSS,Blood Alkaline Phosphatase Increased,3,11.7904278462654,4,0.666666666666667,FALSE,0.35,73.0322152108934,Moderate (50-80th)
HERBALIFE CELL-U-LOSS,Haematemesis,3,15.1811391223156,4,0.666666666666667,FALSE,0.35,73.0322152108934,Moderate (50-80th)
HERBALIFE FLORAFIBER,Hepatic Enzyme Increased,3,8.53321678321678,4,0.666666666666667,FALSE,0.35,73.0322152108934,Moderate (50-80th)
HERBALIFE FORMULA 2 MULTIVITAMIN COMPLEX,Hepatitis,3,31.9971597116015,4,0.666666666666667,FALSE,0.35,73.0322152108934,Moderate (50-80th)
HERBALIFE HERBALIFELINE,Liver Function Test Abnormal,3,19.2224409448819,4,0.666666666666667,FALSE,0.35,73.0322152108934,Moderate (50-80th)
HERBALIFE PROLESSA DUO,Hepatic Enzyme Increased,3,15.0626285479227,4,0.666666666666667,FALSE,0.35,73.0322152108934,Moderate (50-80th)
HERBALIFE TOTAL CONTROL,Body Temperature Increased,3,7.89133951682485,4,0.666666666666667,FALSE,0.35,73.0322152108934,Moderate (50-80th)
HERBALIFE TOTAL CONTROL,Haematemesis,3,15.6795242687239,4,0.666666666666667,FALSE,0.35,73.0322152108934,Moderate (50-80th)
HYDROXYCUT,Hepatomegaly,3,9.81427707199032,4,0.666666666666667,FALSE,0.35,73.0322152108934,Moderate (50-80th)
HYDROXYCUT,Hyperbilirubinaemia,3,40.6591478696742,4,0.666666666666667,FALSE,0.35,73.0322152108934,Moderate (50-80th)
HYDROXYCUT 24,Emotional Distress,3,73.248,4,0.666666666666667,FALSE,0.35,73.0322152108934,Moderate (50-80th)
HYDROXYCUT CAFFEINE FREE,Dizziness,3,8.49582463465553,4,0.666666666666667,FALSE,0.35,73.0322152108934,Moderate (50-80th)
HYDROXYCUT CAFFEINE FREE CAPLETS,Anxiety,3,9.21013581488934,4,0.666666666666667,FALSE,0.35,73.0322152108934,Moderate (50-80th)
HYDROXYCUT CAFFEINE FREE CAPLETS,Emotional Distress,3,41.8508571428572,4,0.666666666666667,FALSE,0.35,73.0322152108934,Moderate (50-80th)
HYDROXYCUT CAFFEINE FREE CAPLETS,Obesity,3,326.959821428571,4,0.666666666666667,FALSE,0.35,73.0322152108934,Moderate (50-80th)
HYDROXYCUT CAFFEINE FREE CAPLETS,Renal Disorder,3,41.0302521008403,4,0.666666666666667,FALSE,0.35,73.0322152108934,Moderate (50-80th)
HYDROXYCUT CAFFEINE-FREE CAPLETS,Chromaturia,3,8.29931972789116,4,0.666666666666667,FALSE,0.35,73.0322152108934,Moderate (50-80th)
HYDROXYCUT CAFFEINE-FREE CAPLETS,Faeces Pale,3,69.0566037735849,4,0.666666666666667,FALSE,0.35,73.0322152108934,Moderate (50-80th)
HYDROXYCUT CAFFEINE-FREE CAPLETS,Hepatic Failure,3,21.7857142857143,4,0.666666666666667,FALSE,0.35,73.0322152108934,Moderate (50-80th)
HYDROXYCUT CAPSULES,Convulsion,3,11.7650602409639,4,0.666666666666667,FALSE,0.35,73.0322152108934,Moderate (50-80th)
HYDROXYCUT CAPSULES,Discomfort,3,41.3771186440678,4,0.666666666666667,FALSE,0.35,73.0322152108934,Moderate (50-80th)
HYDROXYCUT CAPSULES,Fear,3,45.6308411214953,4,0.666666666666667,FALSE,0.35,73.0322152108934,Moderate (50-80th)
HYDROXYCUT CAPSULES,Hepatic Failure,3,58.125,4,0.666666666666667,FALSE,0.35,73.0322152108934,Moderate (50-80th)
HYDROXYCUT CAPSULES,Nervousness,3,32.9898648648649,4,0.666666666666667,FALSE,0.35,73.0322152108934,Moderate (50-80th)
HYDROXYCUT HARDCORE,Hepatic Failure,3,17.425,4,0.666666666666667,FALSE,0.35,73.0322152108934,Moderate (50-80th)
HYDROXYCUT HARDCORE CAPSULES,Cholelithiasis,3,9.87144497736945,4,0.666666666666667,FALSE,0.35,73.0322152108934,Moderate (50-80th)
HYDROXYCUT HARDCORE ELITE CAPSULES,Erythema,3,16.7448559670782,4,0.666666666666667,FALSE,0.35,73.0322152108934,Moderate (50-80th)
HYDROXYCUT HARDCORE ELITE CAPSULES,Hyperhidrosis,3,15.9360313315927,4,0.666666666666667,FALSE,0.35,73.0322152108934,Moderate (50-80th)
HYDROXYCUT MAX LIQUID CAPS,Hepatic Steatosis,3,42.6634615384615,4,0.666666666666667,FALSE,0.35,73.0322152108934,Moderate (50-80th)
HYDROXYCUT RAPID RELEASE CAPLETS,Hepatic Enzyme Increased,3,15.0626285479227,4,0.666666666666667,FALSE,0.35,73.0322152108934,Moderate (50-80th)
HYDROXYCUT REGULAR DRINK MIX SACHETS,Myocardial Infarction,3,10.5829178408845,4,0.666666666666667,FALSE,0.35,73.0322152108934,Moderate (50-80th)
HYDROXYCUT REGULAR RAPID RELEASE,Emotional Distress,3,39.06,4,0.666666666666667,FALSE,0.35,73.0322152108934,Moderate (50-80th)
HYDROXYCUT REGULAR RAPID RELEASE CAPLETS,Heart Injury,3,16.4336043360434,4,0.666666666666667,FALSE,0.35,73.0322152108934,Moderate (50-80th)
HYDROXYCUT REGULAR RAPID RELEASE CAPLETS,Hepatic Encephalopathy,3,221.853658536585,4,0.666666666666667,FALSE,0.35,73.0322152108934,Moderate (50-80th)
HYDROXYCUT REGULAR RAPID RELEASE CAPLETS,Hyperlipidaemia,3,49.3008130081301,4,0.666666666666667,FALSE,0.35,73.0322152108934,Moderate (50-80th)
HYDROXYCUT REGULAR RAPID RELEASE CAPLETS (NO PREF. NAME),Liver Injury,3,40.6006097560976,4,0.666666666666667,FALSE,0.35,73.0322152108934,Moderate (50-80th)
HYDROXYCUT WITH EPHEDRA,Hepatic Failure,3,31.1301020408163,4,0.666666666666667,FALSE,0.35,73.0322152108934,Moderate (50-80th)
ISAFLUSH,Diverticulitis,3,24.4706766917293,4,0.666666666666667,FALSE,0.35,73.0322152108934,Moderate (50-80th)
LEAN VANILLA,Dehydration,3,16.5152198421646,4,0.666666666666667,FALSE,0.35,73.0322152108934,Moderate (50-80th)
MINOXIDIL,Diarrhoea,3,15.5235219326128,4,0.666666666666667,FALSE,0.35,73.0322152108934,Moderate (50-80th)
MINOXIDIL,Nausea,3,12.4330448065173,4,0.666666666666667,FALSE,0.35,73.0322152108934,Moderate (50-80th)
MNS 3,Hepatic Enzyme Increased,3,9.14310689310689,4,0.666666666666667,FALSE,0.35,73.0322152108934,Moderate (50-80th)
MODERE ACTIVATE 3CT,Abdominal Distension,3,40.5831024930748,4,0.666666666666667,FALSE,0.35,73.0322152108934,Moderate (50-80th)
MODERE ALOE VERA,Dizziness,3,8.49582463465553,4,0.666666666666667,FALSE,0.35,73.0322152108934,Moderate (50-80th)
MODERE LIQUID BIOCELL SKIN,Diarrhoea,3,11.642403051494,4,0.666666666666667,FALSE,0.35,73.0322152108934,Moderate (50-80th)
MODERE TRIM,Diarrhoea,3,7.76128417037508,4,0.666666666666667,FALSE,0.35,73.0322152108934,Moderate (50-80th)
MOVE FREE ADVANCED TRIPLE STRENGTH,Pain,3,19.6707841031149,4,0.666666666666667,FALSE,0.35,73.0322152108934,Moderate (50-80th)
MULTIVITAMIN,Pyrexia,3,18.0562130177515,4,0.666666666666667,FALSE,0.35,73.0322152108934,Moderate (50-80th)
NATURE MADE SUPER B-COMPLEX WITH VITAMIN C & FOLIC ACID TABLET,Constipation,3,13.0138592750533,4,0.666666666666667,FALSE,0.35,73.0322152108934,Moderate (50-80th)
NATURE MADE SUPER B-COMPLEX WITH VITAMIN C & FOLIC ACID TABLET,Muscle Spasms,3,19.3761904761905,4,0.666666666666667,FALSE,0.35,73.0322152108934,Moderate (50-80th)
NATURE MADE SUPER B-COMPLEX WITH VITAMIN C & FOLIC ACID TABLET,Staphylococcal Infection,3,214.157894736842,4,0.666666666666667,FALSE,0.35,73.0322152108934,Moderate (50-80th)
NIACIN,Hypotension,3,33.532967032967,4,0.666666666666667,FALSE,0.35,73.0322152108934,Moderate (50-80th)
NO XPLODE,Alanine Aminotransferase Increased,3,8.31302521008403,4,0.666666666666667,FALSE,0.35,73.0322152108934,Moderate (50-80th)
NUTRAFOL MEN HAIR GROWTH NUTRACEUTICAL,Renal Failure,3,17.3846153846154,4,0.666666666666667,FALSE,0.35,73.0322152108934,Moderate (50-80th)
NUTRAFOL WOMENS BALANCE HAIR GROWTH NUTRACEUTICAL,Cholelithiasis,3,13.4800884955752,4,0.666666666666667,FALSE,0.35,73.0322152108934,Moderate (50-80th)
NUTRIBIOTIC CALCIUM ASCORBATE CRYSTALLINE POWDER,Dysuria,3,263.983783783784,4,0.666666666666667,FALSE,0.35,73.0322152108934,Moderate (50-80th)
NUTRILITE GARLIC HEART CARE FORMULA,Headache,3,8.82311491206938,4,0.666666666666667,FALSE,0.35,73.0322152108934,Moderate (50-80th)
NUTRILITE MILK THISTLE & DANDELION,Dyspnoea,3,10.4828277046365,4,0.666666666666667,FALSE,0.35,73.0322152108934,Moderate (50-80th)
NUTRILITE VITAMIN C PLUS,Headache,3,12.3528667790894,4,0.666666666666667,FALSE,0.35,73.0322152108934,Moderate (50-80th)
OMEGA Q PLUS RESVERATROL,Atrial Fibrillation,3,25.2640565712315,4,0.666666666666667,FALSE,0.35,73.0322152108934,Moderate (50-80th)
OSTEO BI-FLEX,Dysphagia,3,8.72017857142857,4,0.666666666666667,FALSE,0.35,73.0322152108934,Moderate (50-80th)
OSTEO BI-FLEX TRIPLE STRENGTH,Cough,3,18.020297699594,4,0.666666666666667,FALSE,0.35,73.0322152108934,Moderate (50-80th)
OXYELITE PRO,Hepatomegaly,3,21.0172413793103,4,0.666666666666667,FALSE,0.35,73.0322152108934,Moderate (50-80th)
OXYELITE PRO,Serum Ferritin Increased,3,60.95,4,0.666666666666667,FALSE,0.35,73.0322152108934,Moderate (50-80th)
PLEXUS BOOST,Tachycardia,3,18.6470588235294,4,0.666666666666667,FALSE,0.35,73.0322152108934,Moderate (50-80th)
PLEXUS SLIM ACCELERATOR,Nausea,3,9.32459266802444,4,0.666666666666667,FALSE,0.35,73.0322152108934,Moderate (50-80th)
PRESERVISION AREDS 2,Blood Copper Decreased,3,59.5204460966543,4,0.666666666666667,FALSE,0.35,73.0322152108934,Moderate (50-80th)
PRESERVISION AREDS 2,Exposure Via Skin Contact,3,35.7122676579926,4,0.666666666666667,FALSE,0.35,73.0322152108934,Moderate (50-80th)
"PREVAGEN, 10 MG, QUINCY BIOSCIENCE",Transient Ischaemic Attack,3,217.044444444444,4,0.666666666666667,FALSE,0.35,73.0322152108934,Moderate (50-80th)
PURITAN'S PRIDE RED YEAST RICE,Atrial Fibrillation,3,41.0582959641256,4,0.666666666666667,FALSE,0.35,73.0322152108934,Moderate (50-80th)
PURITAN'S PRIDE TURMERIC CURCUMIN,Atrial Fibrillation,3,16.4192825112108,4,0.666666666666667,FALSE,0.35,73.0322152108934,Moderate (50-80th)
PURITANS PRIDE NEURO-PS 100MG RAPID RELEASE SOFTGELS,Confusional State,3,120.883663366337,4,0.666666666666667,FALSE,0.35,73.0322152108934,Moderate (50-80th)
REUMOFAN PLUS,Renal Disorder,3,9.25578747628083,4,0.666666666666667,FALSE,0.35,73.0322152108934,Moderate (50-80th)
SHAKEOLOGY VANILLA,Throat Tightness,3,40.016115815351,4,0.666666666666667,FALSE,0.35,73.0322152108934,Moderate (50-80th)
SKINNY PILL,Hyperhidrosis,3,23.9060052219321,4,0.666666666666667,FALSE,0.35,73.0322152108934,Moderate (50-80th)
SLIM QUICK,Transaminases Increased,3,856.789473684211,4,0.666666666666667,FALSE,0.35,73.0322152108934,Moderate (50-80th)
SLOW FE BROWN (NCH) (FERROUS SULFATE) TABLET,Anaemia,3,22.4090909090909,4,0.666666666666667,FALSE,0.35,73.0322152108934,Moderate (50-80th)
SUPER BETA PROSTATE,Anuria,3,16.2146739130435,4,0.666666666666667,FALSE,0.35,73.0322152108934,Moderate (50-80th)
SUSTAIN,Dehydration,3,10.3207440811725,4,0.666666666666667,FALSE,0.35,73.0322152108934,Moderate (50-80th)
SUSTAIN,Haematemesis,3,59.8333333333333,4,0.666666666666667,FALSE,0.35,73.0322152108934,Moderate (50-80th)
TOTAL BODY FORMULA PEACH NECTAR,Diarrhoea,3,15.5235219326128,4,0.666666666666667,FALSE,0.35,73.0322152108934,Moderate (50-80th)
TOTAL BODY FORMULA PEACH NECTAR,Fatigue,3,28.2458068247542,4,0.666666666666667,FALSE,0.35,73.0322152108934,Moderate (50-80th)
TRUVY TRU,Migraine,3,23.8602150537634,4,0.666666666666667,FALSE,0.35,73.0322152108934,Moderate (50-80th)
TRUVY TRU+,Heart Rate Increased,3,19.5470313542362,4,0.666666666666667,FALSE,0.35,73.0322152108934,Moderate (50-80th)
TURMERIC,Fatigue,3,9.41411220358589,4,0.666666666666667,FALSE,0.35,73.0322152108934,Moderate (50-80th)
ULTIMATE MALE,Blood Pressure Increased,3,9.41975308641975,4,0.666666666666667,FALSE,0.35,73.0322152108934,Moderate (50-80th)
UNSPECIFIED HYDROXYCUT,Liver Injury,3,40.6006097560976,4,0.666666666666667,FALSE,0.35,73.0322152108934,Moderate (50-80th)
UNSPECIFIED HYDROXYCUT,Renal Disorder,3,52.2235294117647,4,0.666666666666667,FALSE,0.35,73.0322152108934,Moderate (50-80th)
UQORA DEFEND,Nephrolithiasis,3,16.0887521968366,4,0.666666666666667,FALSE,0.35,73.0322152108934,Moderate (50-80th)
USP LABS OXYELITE PRO,Liver Function Test Abnormal,3,32.0413385826772,4,0.666666666666667,FALSE,0.35,73.0322152108934,Moderate (50-80th)
ARBONNE ESSENTIALS DAILY FIBER BOOST,Hypersensitivity,16,7.65876628472767,4,0,TRUE,0.349577732211105,72.7333111922949,Moderate (50-80th)
"CENTRUM SILVER WOMEN'S 50 + (MULTIMINERALS, MULTIVITAMINS) TABLET",Dysphagia,16,13.0882279011311,4,0,TRUE,0.349577732211105,72.7333111922949,Moderate (50-80th)
CENTRUM SILVER WOMEN'S 50+ MULTIMINERALS MULTIVITAMINS TABLET,Throat Irritation,16,7.63948985893678,4,0,TRUE,0.349577732211105,72.7333111922949,Moderate (50-80th)
CITRACAL PETITES (CHOLECALCIFEROL + CALCIUM CITRATE) FILM-COATED TABLET,Foreign Body Trauma,16,6.58575483173402,4,0,TRUE,0.349577732211105,72.7333111922949,Moderate (50-80th)
EU NATURAL CONCEPTION FOR HER FERTILITY AID AND MULTI,Abortion Spontaneous,16,169.073593073593,4,0,TRUE,0.349577732211105,72.7333111922949,Moderate (50-80th)
ONE A DAY WOMEN'S 50 PLUS HEALTHY ADVANTAGE,Foreign Body In Throat,16,33.0460704607046,4,0,TRUE,0.349577732211105,72.7333111922949,Moderate (50-80th)
RITUAL SYNBIOTIC PLUS PREBIOTIC PROBIOTIC POSTBIOTIC,Gastrointestinal Disorder,16,95.1849865951743,4,0,TRUE,0.349577732211105,72.7333111922949,Moderate (50-80th)
NUTRAFOL WOMENS BALANCE HAIR GROWTH NUTRACEUTICAL,Nausea,16,2.07509578544061,3,0.5,TRUE,0.349577732211105,72.7333111922949,Moderate (50-80th)
PROTANDIM US,Vomiting,16,2.914317302377,3,0.5,TRUE,0.349577732211105,72.7333111922949,Moderate (50-80th)
5-HOUR ENERGY,Myocardial Infarction,9,11.3953590988138,4,0.555555555555556,FALSE,0.349203986045294,72.6336765194288,Moderate (50-80th)
HYDROXYCUT WITH EPHEDRA,Injury,9,72.9747508305648,4,0.555555555555556,FALSE,0.349203986045294,72.6336765194288,Moderate (50-80th)
TRIPLE ACTION VIRILITY,Blood Pressure Increased,9,2.28637770897833,3,0.555555555555556,TRUE,0.349203986045294,72.6336765194288,Moderate (50-80th)
AG1 WHOLE FOOD POUCH 360G NON SPECIFIC,Aspartate Aminotransferase Increased,15,16.4575924008464,4,0,TRUE,0.347666311324831,72.135503155098,Moderate (50-80th)
ARBONNE ESSENTIALS PROTEIN SHAKE MIX - VANILLA,Hypersensitivity,15,8.46622254606016,4,0,TRUE,0.347666311324831,72.135503155098,Moderate (50-80th)
CENTRUM SILVER MEN 50 PLUS,Foreign Body In Throat,15,98.9594594594595,4,0,TRUE,0.347666311324831,72.135503155098,Moderate (50-80th)
CENTRUM SILVER ULTRA WOMEN'S,Dysphagia,15,6.38505025125628,4,0,TRUE,0.347666311324831,72.135503155098,Moderate (50-80th)
"CENTRUM SILVER ULTRA WOMEN'S (MULTIMINERALS, MULTIVITAMINS) TABLET",Throat Irritation,15,5.97987912735849,4,0,TRUE,0.347666311324831,72.135503155098,Moderate (50-80th)
"CENTRUM ULTRA WOMEN'S (MULTIMINERALS, MULTIVITAMINS) TABLET",Dysphagia,15,9.29020100502513,4,0,TRUE,0.347666311324831,72.135503155098,Moderate (50-80th)
FLINTSTONES COMPLETE MULTIVITAMINS CHEWABLE TABLET,Drug Dependence,15,52.8297595841456,4,0,TRUE,0.347666311324831,72.135503155098,Moderate (50-80th)
PURITY FIRST B50,Blood Cholesterol Increased,15,312.980769230769,4,0,TRUE,0.347666311324831,72.135503155098,Moderate (50-80th)
PURITY FIRST B50,Fatigue,15,28.4362259755387,4,0,TRUE,0.347666311324831,72.135503155098,Moderate (50-80th)
PURITY FIRST B50,Liver Function Test Abnormal,15,98.4375,4,0,TRUE,0.347666311324831,72.135503155098,Moderate (50-80th)
PURITY FIRST B50,Malaise,15,25.5896226415094,4,0,TRUE,0.347666311324831,72.135503155098,Moderate (50-80th)
PURITY FIRST B50,Muscle Spasms,15,79.0048543689321,4,0,TRUE,0.347666311324831,72.135503155098,Moderate (50-80th)
PURITY FIRST B50,Myalgia,15,139.899713467049,4,0,TRUE,0.347666311324831,72.135503155098,Moderate (50-80th)
PURITY FIRST B50,Thyroid Function Test Abnormal,15,1525.78125,4,0,TRUE,0.347666311324831,72.135503155098,Moderate (50-80th)
SUPER BETA PROSTATE,Haematospermia,15,92.6552795031056,4,0,TRUE,0.347666311324831,72.135503155098,Moderate (50-80th)
BURN,Dehydration,7,16.1245753114383,4,0.571428571428571,FALSE,0.346522775613806,71.6705413483892,Moderate (50-80th)
EXTENZE,Blood Pressure Increased,7,6.52331042382589,4,0.571428571428571,FALSE,0.346522775613806,71.6705413483892,Moderate (50-80th)
HYDROXYCUT,Liver Injury,7,6.14906865930258,4,0.571428571428571,FALSE,0.346522775613806,71.6705413483892,Moderate (50-80th)
HYDROXYCUT,Renal Disorder,7,7.93744320961767,4,0.571428571428571,FALSE,0.346522775613806,71.6705413483892,Moderate (50-80th)
HYDROXYCUT CAFFEINE-FREE CAPLETS,Jaundice,7,14.9040139616056,4,0.571428571428571,FALSE,0.346522775613806,71.6705413483892,Moderate (50-80th)
HYDROXYCUT HARDCORE CAPSULES,Hepatic Function Abnormal,7,30.985368956743,4,0.571428571428571,FALSE,0.346522775613806,71.6705413483892,Moderate (50-80th)
HYDROXYCUT NATURAL CAPLETS,Liver Function Test Abnormal,7,39.8880718954248,4,0.571428571428571,FALSE,0.346522775613806,71.6705413483892,Moderate (50-80th)
HYDROXYCUT REGULAR RAPID RELEASE CAPLETS,Blood Cholesterol Increased,7,6.31290898274837,4,0.571428571428571,FALSE,0.346522775613806,71.6705413483892,Moderate (50-80th)
HYDROXYCUT WITH EPHEDRA,Anxiety,7,10.780035335689,4,0.571428571428571,FALSE,0.346522775613806,71.6705413483892,Moderate (50-80th)
KRATOM,Paranoia,7,11.6560781078108,4,0.571428571428571,FALSE,0.346522775613806,71.6705413483892,Moderate (50-80th)
"PRESERVISION AREDS 2 FORMULA SOFT GELS (CAPSULE, SOFT)",Pneumonia,7,9.89356636859831,4,0.571428571428571,FALSE,0.346522775613806,71.6705413483892,Moderate (50-80th)
PURITAN'S PRIDE TURMERIC CURCUMIN,Dizziness,7,5.95365853658537,4,0.571428571428571,FALSE,0.346522775613806,71.6705413483892,Moderate (50-80th)
SUSTAIN,Vomiting,7,5.88930245381858,4,0.571428571428571,FALSE,0.346522775613806,71.6705413483892,Moderate (50-80th)
HYDROXYCUT HARDCORE,Fatigue,7,3.95976811594203,3,0.571428571428571,TRUE,0.346522775613806,71.6705413483892,Moderate (50-80th)
ARBONNE ESSENTIALS PROTEIN SHAKE MIX - CHOCOLATE,Dyspnoea,14,4.9038185472294,4,0,TRUE,0.345622967082668,71.504483560279,Moderate (50-80th)
"CENTRUM SILVER WOMEN'S 50 PLUS (MULTIMINERALS, MULTIVITAMINS) TABLET",Choking,14,8.03323461665021,4,0,TRUE,0.345622967082668,71.504483560279,Moderate (50-80th)
"CENTRUM SILVER WOMEN'S 50+ (MULTIMINERALS, MULTIVITAMINS) TABLET",Fear,14,5.32027586206897,4,0,TRUE,0.345622967082668,71.504483560279,Moderate (50-80th)
PRESERVISION AREDS 2 FORMULA SOFT GELS,Age-Related Macular Degeneration,14,17.2393162393162,4,0,TRUE,0.345622967082668,71.504483560279,Moderate (50-80th)
PROTANDIM US,Diarrhoea,14,2.94290271132376,3,0.5,TRUE,0.345622967082668,71.504483560279,Moderate (50-80th)
5-HOUR ENERGY BERRY,Loss Of Consciousness,5,15.181592039801,4,0.6,FALSE,0.345128991946204,70.6409830621056,Moderate (50-80th)
ALL DAY ENERGY GREENS FRUITY,Computerised Tomogram Abnormal,5,20.9326402611908,4,0.6,FALSE,0.345128991946204,70.6409830621056,Moderate (50-80th)
BALANCE OF NATURE WHOLE PRODUCE FRUITS,Drug Interaction,5,40.1315789473684,4,0.6,FALSE,0.345128991946204,70.6409830621056,Moderate (50-80th)
BALANCE OF NATURE WHOLE PRODUCE VEGGIES,Drug Interaction,5,42.2454986149585,4,0.6,FALSE,0.345128991946204,70.6409830621056,Moderate (50-80th)
DR. SINATRA OMEGA Q PLUS RESVERATROL,Blood Pressure Increased,5,10.4763130792997,4,0.6,FALSE,0.345128991946204,70.6409830621056,Moderate (50-80th)
ESTER-C 24 HOUR IMMUNE SUPPORT 1000MG COATED TABLETS,Foreign Body,5,25.6853566168736,4,0.6,FALSE,0.345128991946204,70.6409830621056,Moderate (50-80th)
EXTENZE PLUS,Chills,5,21.6955555555556,4,0.6,FALSE,0.345128991946204,70.6409830621056,Moderate (50-80th)
FLINSTONES COMPLETE MULTIVITAMINS CHEWABLE TABLET,Overdose,5,77.5015873015873,4,0.6,FALSE,0.345128991946204,70.6409830621056,Moderate (50-80th)
FLORASTOR,Pneumonia,5,27.05044345898,4,0.6,FALSE,0.345128991946204,70.6409830621056,Moderate (50-80th)
HERBALIFE CELL ACTIVATOR,Aspartate Aminotransferase Increased,5,6.20115995115995,4,0.6,FALSE,0.345128991946204,70.6409830621056,Moderate (50-80th)
HYDROXYCUT 24,Injury,5,139.360730593607,4,0.6,FALSE,0.345128991946204,70.6409830621056,Moderate (50-80th)
HYDROXYCUT HARDCORE,Convulsion,5,5.89251207729469,4,0.6,FALSE,0.345128991946204,70.6409830621056,Moderate (50-80th)
HYDROXYCUT MAX LIQUID CAPS,Liver Injury,5,22.6840490797546,4,0.6,FALSE,0.345128991946204,70.6409830621056,Moderate (50-80th)
HYDROXYCUT NATURAL CAPLETS,Anxiety,5,12.6628799668015,4,0.6,FALSE,0.345128991946204,70.6409830621056,Moderate (50-80th)
HYDROXYCUT NATURAL CAPLETS,Pain,5,7.72027197975965,4,0.6,FALSE,0.345128991946204,70.6409830621056,Moderate (50-80th)
JACK3D,Chest Pain,5,6.81707725825373,4,0.6,FALSE,0.345128991946204,70.6409830621056,Moderate (50-80th)
LIFE EXTENSION VITAMIN B3 NIACIN,Flushing,5,56.9887955182073,4,0.6,FALSE,0.345128991946204,70.6409830621056,Moderate (50-80th)
MODERE BURN,Feeling Jittery,5,20.1587301587302,4,0.6,FALSE,0.345128991946204,70.6409830621056,Moderate (50-80th)
NIACIN,Flushing,5,42.7380952380952,4,0.6,FALSE,0.345128991946204,70.6409830621056,Moderate (50-80th)
NUTRAFOL WOMENS BALANCE HAIR GROWTH NUTRACEUTICAL,Liver Disorder,5,22.6674107142857,4,0.6,FALSE,0.345128991946204,70.6409830621056,Moderate (50-80th)
SUPER BETA PROSTATE,Bladder Disorder,5,7.45502248875562,4,0.6,FALSE,0.345128991946204,70.6409830621056,Moderate (50-80th)
SUPER BETA PROSTATE,Polyuria,5,8.64782608695652,4,0.6,FALSE,0.345128991946204,70.6409830621056,Moderate (50-80th)
SYNC,Diarrhoea,5,5.97316010961049,4,0.6,FALSE,0.345128991946204,70.6409830621056,Moderate (50-80th)
TOTAL BODY FORMULA TROPICAL ORANGE,Nausea,5,6.21879775853286,4,0.6,FALSE,0.345128991946204,70.6409830621056,Moderate (50-80th)
TOTAL BODY FORMULA TROPICAL ORANGE,Vomiting,5,6.72774869109948,4,0.6,FALSE,0.345128991946204,70.6409830621056,Moderate (50-80th)
TRIM,Nausea,5,7.77381558838513,4,0.6,FALSE,0.345128991946204,70.6409830621056,Moderate (50-80th)
ARBONNE ESSENTIALS BODY CLEANSE,Hypersensitivity,13,9.86065484607854,4,0,TRUE,0.343428130211335,70.2092328130189,Moderate (50-80th)
ARBONNE ESSENTIALS DAILY FIBER BOOST,Dyspnoea,13,3.95798182998053,4,0,TRUE,0.343428130211335,70.2092328130189,Moderate (50-80th)
ARBONNE ESSENTIALS PROTEIN SHAKE MIX - VANILLA,Dyspnoea,13,4.66905855338691,4,0,TRUE,0.343428130211335,70.2092328130189,Moderate (50-80th)
"CENTRUM SILVER ADULTS 50+(MULTIMINERALS, MULTIVITAMINS) TABLET",Choking,13,3.72803327614974,4,0,TRUE,0.343428130211335,70.2092328130189,Moderate (50-80th)
"CENTRUM SILVER ULTRA WOMEN'S (MULTIMINERAL, MULTIVITAMINS) TABLET",Choking,13,7.45820506192278,4,0,TRUE,0.343428130211335,70.2092328130189,Moderate (50-80th)
CENTRUM SILVER WOMEN'S 50+ MULTIMINERALS MULTIVITAMINS TABLET,Retching,13,7.64178906334858,4,0,TRUE,0.343428130211335,70.2092328130189,Moderate (50-80th)
"CENTRUM WOMEN UNDER 50 (MULTIMINERALS, MULTIVITAMINS) TABLET",Dysphagia,13,9.48230723251644,4,0,TRUE,0.343428130211335,70.2092328130189,Moderate (50-80th)
CITRACAL MAXIMUM (CHOLECALCIFEROL + CALCIUM CITRATE) FILM-COATED TABLET,Throat Irritation,13,7.47922077922078,4,0,TRUE,0.343428130211335,70.2092328130189,Moderate (50-80th)
CITRACAL MAXIMUM BAYER,Foreign Body,13,11.188253968254,4,0,TRUE,0.343428130211335,70.2092328130189,Moderate (50-80th)
CITRACAL MAXIMUM CHOLECALCIFEROL + CALCIUM CITRATE FILM-COATED TABLET,Choking,13,5.49495675362118,4,0,TRUE,0.343428130211335,70.2092328130189,Moderate (50-80th)
FLINTSTONES COMPLETE (MULTIVITAMINS) CHEWABLE TABLET,Drug Dependence,13,52.834902124115,4,0,TRUE,0.343428130211335,70.2092328130189,Moderate (50-80th)
GRIPE WATER NIGHTTIME,Choking,13,7.45820506192278,4,0,TRUE,0.343428130211335,70.2092328130189,Moderate (50-80th)
ONE A DAY WOMEN'S MULTIVITAMINS + MINERALS FILM-COATED TABLET,Choking,13,5.80035093491254,4,0,TRUE,0.343428130211335,70.2092328130189,Moderate (50-80th)
"CENTRUM SILVER ULTRA WOMEN'S (MULTIMINERALS, MULTIVITAMINS) TABLET",Retching,12,5.88788098693759,4,0,TRUE,0.341057525794866,70.0099634672866,Moderate (50-80th)
CENTRUM SILVER ULTRA WOMENS,Choking,12,7.41300607287449,4,0,TRUE,0.341057525794866,70.0099634672866,Moderate (50-80th)
CITRACAL SLOW RELEASE 1200,Foreign Body In Throat,12,25.3107325088645,4,0,TRUE,0.341057525794866,70.0099634672866,Moderate (50-80th)
FLINTSTONES COMPLETE MULTIVITAMINS CHEWABLE TABLET,Dependence,12,23.6094373865699,4,0,TRUE,0.341057525794866,70.0099634672866,Moderate (50-80th)
FLINTSTONES GUMMIES (MULTIVITAMINS),Dependence,12,51.7920424403183,4,0,TRUE,0.341057525794866,70.0099634672866,Moderate (50-80th)
OAD WOMEN'S MINIGELS COMPLETE MULTIVITAMIN,Foreign Body,12,25.5094701092872,4,0,TRUE,0.341057525794866,70.0099634672866,Moderate (50-80th)
ARBONNE ESSENTIALS CHOCOLATE PROTEIN SHAKE MIX,Hypersensitivity,11,11.5136682318132,4,0,TRUE,0.338480532080261,69.7110594486881,Moderate (50-80th)
ARBONNE ESSENTIALS ENERGY FIZZ STICKS - CITRUS,Hypersensitivity,11,9.29854881723409,4,0,TRUE,0.338480532080261,69.7110594486881,Moderate (50-80th)
CENTRUM SILVER ULTRA WOMEN'S,Foreign Body Trauma,11,10.5287193973635,4,0,TRUE,0.338480532080261,69.7110594486881,Moderate (50-80th)
CENTRUM SILVER ULTRA WOMENS MULTIMINERALS MULTIVITAMINS TABLET,Retching,11,7.02817049180328,4,0,TRUE,0.338480532080261,69.7110594486881,Moderate (50-80th)
CENTRUM ULTRA WOMENS MULTIMINERALS MULTIVITAMINS TABLET,Dysphagia,11,8.63381142269102,4,0,TRUE,0.338480532080261,69.7110594486881,Moderate (50-80th)
ONE A DAY WOMEN'S,Retching,11,3.83703677130045,4,0,TRUE,0.338480532080261,69.7110594486881,Moderate (50-80th)
ONE A DAY WOMENS 50 PLUS HEALTHY ADVANTAGE,Choking,11,4.64804957633353,4,0,TRUE,0.338480532080261,69.7110594486881,Moderate (50-80th)
PRESERVISION AREDS 2 FORMULA SOFT GELS,Blindness Unilateral,11,27.3913580246914,4,0,TRUE,0.338480532080261,69.7110594486881,Moderate (50-80th)
"PRESERVISION AREDS 2 SOFT GELS (CAPSULE, SOFT)",Condition Aggravated,11,31.4741935483871,4,0,TRUE,0.338480532080261,69.7110594486881,Moderate (50-80th)
KRATOM,Drug Withdrawal Syndrome,21,33.5695049504951,4,0.428571428571429,FALSE,0.336202952135291,69.6778478910661,Moderate (50-80th)
AGELESS MALE MAX,Cardiac Disorder,10,18.3982487922705,4,0,TRUE,0.335657754843637,69.3125207572235,Moderate (50-80th)
ARBONNE ESSENTIALS DIGESTION PLUS,Pharyngeal Oedema,10,21.7785714285714,4,0,TRUE,0.335657754843637,69.3125207572235,Moderate (50-80th)
ARBONNE ESSENTIALS ENERGY FIZZ STICKS - POMEGRANATE,Hypersensitivity,10,8.13631363136314,4,0,TRUE,0.335657754843637,69.3125207572235,Moderate (50-80th)
BEROCCA CAFFEINE MINERALS ASCORBIC ACID VITAMIN B EFFERVESCENT TABLET,Dependence,10,69.8283752860412,4,0,TRUE,0.335657754843637,69.3125207572235,Moderate (50-80th)
CENTRUM ULTRA WOMEN'S MULTIMINERALS MULTIVITAMINS TABLET,Choking,10,8.02860901019402,4,0,TRUE,0.335657754843637,69.3125207572235,Moderate (50-80th)
CITRACAL PETITES (CHOLECALCIFEROL +CALCIUM CITRATE) FILM-COATED TABLET,Dysphagia,10,8.15963226076055,4,0,TRUE,0.335657754843637,69.3125207572235,Moderate (50-80th)
MODERE ACTIVATE,Nausea,10,4.01551612080526,4,0.5,FALSE,0.335657754843637,69.3125207572235,Moderate (50-80th)
NATUREMADE VITAMIN B6,Neuropathy Peripheral,10,226.064814814815,4,0,TRUE,0.335657754843637,69.3125207572235,Moderate (50-80th)
ONE A DAY WOMENS MULTIVITAMINS COATED TABLET,Choking,10,5.73425095128482,4,0,TRUE,0.335657754843637,69.3125207572235,Moderate (50-80th)
PRESERVISION AREDS 2,Neovascular Age-Related Macular Degeneration,10,16.0866070531498,4,0,TRUE,0.335657754843637,69.3125207572235,Moderate (50-80th)
TOTAL BODY ESSENTIAL TOTAL BODY FORMULA,Hypotrichosis,10,298.623853211009,4,0,TRUE,0.335657754843637,69.3125207572235,Moderate (50-80th)
HERBALIFE MULTIVITAMIN COMPLEX FORMULA 2,Vomiting,9,3.56392697768763,3,1,FALSE,0.332537319378627,69.2793091996015,Moderate (50-80th)
ARBONNE ESSENTIALS GREENS BALANCE,Hypersensitivity,9,9.88259109311741,4,0,TRUE,0.332537319378627,68.8475589505148,Moderate (50-80th)
CENTRUM SILVER ADULTS 50+ MULTIMINERALS MULTIVITAMIN,Dysphagia,9,5.73402255639098,4,0,TRUE,0.332537319378627,68.8475589505148,Moderate (50-80th)
"CENTRUM SILVER ADULTS 50+(MULTIMINERALS, MULTIVITAMINS) TABLET",Dysphagia,9,6.55370569280344,4,0,TRUE,0.332537319378627,68.8475589505148,Moderate (50-80th)
CENTRUM SILVER WOMENS 50 PLUS MULTIMINERALS MULTIVITAMINS TABLET,Choking,9,6.02022028604307,4,0,TRUE,0.332537319378627,68.8475589505148,Moderate (50-80th)
"CENTRUM SILVER WOMENS 50+ (MULTIMINERALS, MULTIVITAMINS) TABLET",Foreign Body Trauma,9,5.72932330827068,4,0,TRUE,0.332537319378627,68.8475589505148,Moderate (50-80th)
CENTRUM SILVER WOMENS 50+ MULTIMINERALS MULTIVITAMIN,Retching,9,8.85972987705166,4,0,TRUE,0.332537319378627,68.8475589505148,Moderate (50-80th)
CENTRUM SILVER WOMENS 50+ MULTIMINERALS MULTIVITAMIN TABLET,Choking,9,6.02022028604307,4,0,TRUE,0.332537319378627,68.8475589505148,Moderate (50-80th)
CITRICAL MAXIMUM,Choking,9,6.02022028604307,4,0,TRUE,0.332537319378627,68.8475589505148,Moderate (50-80th)
FLINTSTONES GUMMIES (MULTIVITAMINS),Drug Dependence,9,67.8600556070436,4,0,TRUE,0.332537319378627,68.8475589505148,Moderate (50-80th)
OAD WOMEN'S 50+ MINIGELS COMPLETE MULTIVITAMIN,Foreign Body,9,21.635893648449,4,0,TRUE,0.332537319378627,68.8475589505148,Moderate (50-80th)
ONE A DAY ESSENTIAL (MULTIVITAMINS) TABLET,Dysphagia,9,5.73402255639098,4,0,TRUE,0.332537319378627,68.8475589505148,Moderate (50-80th)
ONE A DAY WOMEN'S MINIGELS COMPLETE MULTIVITAMIN,Foreign Body,9,13.519940915805,4,0,TRUE,0.332537319378627,68.8475589505148,Moderate (50-80th)
"PRESERVISION AREDS 2 FORMULA SOFT GELS (CAPSULE, SOFT)",Condition Aggravated,9,8.88790165530672,4,0,TRUE,0.332537319378627,68.8475589505148,Moderate (50-80th)
MODERE BURN,Nausea,19,3.28970688479891,4,0.421052631578947,FALSE,0.330983166824022,68.8143473928927,Moderate (50-80th)
5 HOUR ENERGY,Convulsion,8,6.95500891265597,4,0.5,FALSE,0.329048969313672,68.0836931252076,Moderate (50-80th)
ARBONNE ESSENTIALS ENERGY FIZZ STICKS - POMEGRANATE,Dyspnoea,8,4.14534568962772,4,0,TRUE,0.329048969313672,68.0836931252076,Moderate (50-80th)
ARBONNE ESSENTIALS GREENS BALANCE,Dyspnoea,8,5.59701920321009,4,0,TRUE,0.329048969313672,68.0836931252076,Moderate (50-80th)
CENTRUM SILVER ULTRA WOMEN'S (MULTIMINERALS MULTIVITAMINS) TABLET,Choking,8,8.02629848783695,4,0,TRUE,0.329048969313672,68.0836931252076,Moderate (50-80th)
CENTRUM SILVER ULTRA WOMENS MULTIMINERAL MULTIVITAMINS TABLET,Dysphagia,8,6.03887729065182,4,0,TRUE,0.329048969313672,68.0836931252076,Moderate (50-80th)
CENTRUM SILVER ULTRA WOMENS MULTIMINERAL MULTIVITAMINS TABLET,Foreign Body Trauma,8,13.5803860198226,4,0,TRUE,0.329048969313672,68.0836931252076,Moderate (50-80th)
CENTRUM SILVER ULTRA WOMENS MULTIMINERALS MULTIVITAMINS TABLET,Throat Irritation,8,4.1220941300899,4,0,TRUE,0.329048969313672,68.0836931252076,Moderate (50-80th)
CITRACAL MAXIMUM CHOLECALCIFEROL PLUS CALCIUM CITRATE FILM COATED TABLET,Choking,8,5.35042735042735,4,0,TRUE,0.329048969313672,68.0836931252076,Moderate (50-80th)
CITRACAL PETITES CHOLECALCIFEROL PLUS CALCIUM CITRATE FILM COATED TABLET,Choking,8,5.83694937541092,4,0,TRUE,0.329048969313672,68.0836931252076,Moderate (50-80th)
HYDROXYCUT CAFFEINE-FREE CAPLETS,Anxiety,8,8.62953138815208,4,0.5,FALSE,0.329048969313672,68.0836931252076,Moderate (50-80th)
HYDROXYCUT HARDCORE CAPSULES,Fear,8,14.2325139705614,4,0.5,FALSE,0.329048969313672,68.0836931252076,Moderate (50-80th)
HYDROXYCUT HARDCORE CAPSULES,Renal Disorder,8,11.8983816793893,4,0.5,FALSE,0.329048969313672,68.0836931252076,Moderate (50-80th)
HYDROXYCUT NATURAL CAPLETS,Emotional Distress,8,93.7776710684274,4,0.5,FALSE,0.329048969313672,68.0836931252076,Moderate (50-80th)
HYDROXYCUT REGULAR DRINK MIX SACHETS,Pain,8,10.0149242249404,4,0.5,FALSE,0.329048969313672,68.0836931252076,Moderate (50-80th)
HYDROXYCUT WITH EPHEDRA,Pain,8,7.51011616278175,4,0.5,FALSE,0.329048969313672,68.0836931252076,Moderate (50-80th)
ONE A DAY WOMEN'S 50+ HEALTHY ADVANTAGE MULTIVITAMINS + MINERALS FILM-COATED TABLET,Choking,8,5.83694937541092,4,0,TRUE,0.329048969313672,68.0836931252076,Moderate (50-80th)
ONE A DAY WOMENS,Foreign Body,8,13.7252503953611,4,0,TRUE,0.329048969313672,68.0836931252076,Moderate (50-80th)
PREVAGEN EXTRA STRENGTH,Cerebrovascular Accident,8,9.98066595059076,4,0.5,FALSE,0.329048969313672,68.0836931252076,Moderate (50-80th)
TOTAL BODY ESSENTIAL TOTAL BODY FORMULA,Arthralgia,8,58.7810383747178,4,0,TRUE,0.329048969313672,68.0836931252076,Moderate (50-80th)
TOTAL BODY ESSENTIAL TOTAL BODY FORMULA,Diarrhoea,8,8.29035339063992,4,0,TRUE,0.329048969313672,68.0836931252076,Moderate (50-80th)
BENEFIBER WITH WHEAT DEXTRIN (NCH) (WHEAT DEXTRIN) POWDER,Constipation,8,3.51056950111234,3,0.5,TRUE,0.329048969313672,68.0836931252076,Moderate (50-80th)
EMERGEN-C,Death,8,2.30161261740209,3,1,FALSE,0.329048969313672,68.0836931252076,Moderate (50-80th)
"CENTRUM SILVER WOMEN'S 50 PLUS (MULTIMINERALS, MULTIVITAMINS) TABLET",Dysphagia,7,10.1890651085142,4,0,TRUE,0.325094204185235,67.9176353370973,Moderate (50-80th)
"PRESERVISION AREDS 2 SOFT GELS (CAPSULE, SOFT)",Macular Degeneration,7,21.4103448275862,4,0,TRUE,0.325094204185235,67.9176353370973,Moderate (50-80th)
PURITY FIRST VARIOUS DIETARY SUPPLEMENTS,Asthenia,7,33.2513618677043,4,0,TRUE,0.325094204185235,67.9176353370973,Moderate (50-80th)
PURITY FIRST VARIOUS DIETARY SUPPLEMENTS,Fatigue,7,24.7698550724638,4,0,TRUE,0.325094204185235,67.9176353370973,Moderate (50-80th)
PURITY FIRST VARIOUS DIETARY SUPPLEMENTS,Pain,7,22.9967707212056,4,0,TRUE,0.325094204185235,67.9176353370973,Moderate (50-80th)
HYDROXYCUT WITH EPHEDRA,Emotional Distress,11,79.2402597402597,4,0.454545454545455,FALSE,0.324844168443897,67.8512122218532,Moderate (50-80th)
BENEFIBER W WHEAT DEXTRIN (NCH) (WHEAT DEXTRIN) POWDER,Malaise,11,2.35545075770894,3,0.454545454545455,TRUE,0.324844168443897,67.8512122218532,Moderate (50-80th)
"BEROCCA (CAFFEINE, MINERALS, ASCORBIC ACID, VITAMIN B) EFFERVESCENT TABLET",Dependence,6,44.2857142857143,4,0,TRUE,0.320528762897433,66.9212886084357,Moderate (50-80th)
"EMERGEN-C (ASCORBIC ACID, B-COMPLEX, ELECTROLYTE, MULTIMINERALS, MULTIVIT, ZINC) POWDER FOR ORAL SOLUTION",Choking,6,8.02398948406178,4,0,TRUE,0.320528762897433,66.9212886084357,Moderate (50-80th)
"EMERGEN-C (ASCORBIC ACID, B-COMPLEX, ELECTROLYTE, MULTIMINERALS, MULTIVIT, ZINC) POWDER FOR ORAL SOLUTION",Cough,6,66.3505434782609,4,0,TRUE,0.320528762897433,66.9212886084357,Moderate (50-80th)
FLORASTOR,Clostridium Difficile Infection,6,230.365066876475,4,0.5,FALSE,0.320528762897433,66.9212886084357,Moderate (50-80th)
FLORASTOR,Fungaemia,6,210.038737446198,4,0,TRUE,0.320528762897433,66.9212886084357,Moderate (50-80th)
HERBALIFE HERBAL ALOE CONCENTRATE,Abdominal Pain,6,4.92151260504202,4,0.5,FALSE,0.320528762897433,66.9212886084357,Moderate (50-80th)
HYDROXYCUT HARDCORE,Anxiety,6,5.16751985878199,4,0.5,FALSE,0.320528762897433,66.9212886084357,Moderate (50-80th)
HYDROXYCUT HARDCORE,Emotional Distress,6,23.7036437246964,4,0.5,FALSE,0.320528762897433,66.9212886084357,Moderate (50-80th)
HYDROXYCUT MAX LIQUID CAPS,Rhabdomyolysis,6,37.2857142857143,4,0.5,FALSE,0.320528762897433,66.9212886084357,Moderate (50-80th)
KRATOM,Agitation,6,5.25070463250705,4,0.5,FALSE,0.320528762897433,66.9212886084357,Moderate (50-80th)
MODERE BURN,Abdominal Distension,6,5.65229485396384,4,0.5,FALSE,0.320528762897433,66.9212886084357,Moderate (50-80th)
ONE A DAY WEIGHT SMART ADVANCED,Heart Rate Increased,6,13.0548128342246,4,0.5,FALSE,0.320528762897433,66.9212886084357,Moderate (50-80th)
ONNIT ALPHA BRAIN,Vomiting,6,7.3412348401323,4,0.5,FALSE,0.320528762897433,66.9212886084357,Moderate (50-80th)
OPMS KRATOM,Dependence,6,66.4353741496599,4,0.5,FALSE,0.320528762897433,66.9212886084357,Moderate (50-80th)
PREVAGEN REGULAR STRENGTH,Cerebrovascular Accident,6,6.54405187835421,4,0.5,FALSE,0.320528762897433,66.9212886084357,Moderate (50-80th)
REUMOFAN PLUS,Insomnia,6,5.50811156698159,4,0.5,FALSE,0.320528762897433,66.9212886084357,Moderate (50-80th)
SUPER BETA PROSTATE P3 ADVANCED,Infection,6,7.97953040337146,4,0.5,FALSE,0.320528762897433,66.9212886084357,Moderate (50-80th)
SYNC,Nausea,6,5.74153846153846,4,0.5,FALSE,0.320528762897433,66.9212886084357,Moderate (50-80th)
THINOGENICS,Heart Rate Increased,6,13.9875859434683,4,0,TRUE,0.320528762897433,66.9212886084357,Moderate (50-80th)
TRUVY ALTER,Blood Pressure Increased,6,10.0618238021638,4,0.5,FALSE,0.320528762897433,66.9212886084357,Moderate (50-80th)
TRUVY TRUFIX,Vomiting,6,6.21155966415062,4,0.5,FALSE,0.320528762897433,66.9212886084357,Moderate (50-80th)
HERBALIFE FLORAFIBER,Dizziness,6,3.40020898641588,3,1,FALSE,0.320528762897433,66.9212886084357,Moderate (50-80th)
HERBALIFE HERBAL ALOE CONCENTRATE,Dizziness,6,2.91416629347664,3,1,FALSE,0.320528762897433,66.9212886084357,Moderate (50-80th)
HERBALIFE MULTIVITAMIN COMPLEX FORMULA 2,Dizziness,6,2.99993853340709,3,1,FALSE,0.320528762897433,66.9212886084357,Moderate (50-80th)
HERBALIFE TOTAL CONTROL,Anxiety,6,4.23471705757238,3,1,FALSE,0.320528762897433,66.9212886084357,Moderate (50-80th)
HYDROXYCUT HARDCORE CAPSULES,Hypertension,6,3.03117739794225,3,1,FALSE,0.320528762897433,66.9212886084357,Moderate (50-80th)
OCUVITE ADULT 50+,Death,6,3.47749310770986,3,1,FALSE,0.320528762897433,66.9212886084357,Moderate (50-80th)
PLEXUS PROBIO 5,Abdominal Pain Upper,6,4.39089559623949,3,1,FALSE,0.320528762897433,66.9212886084357,Moderate (50-80th)
KRATOM,Drug Dependence,12,5.84834581019078,4,0.416666666666667,FALSE,0.316057525794866,66.8880770508137,Moderate (50-80th)
HERBALIFE CELL-U-LOSS,Nausea,12,2.3707213939416,3,0.916666666666667,FALSE,0.316057525794866,66.7884423779475,Moderate (50-80th)
NATURAL ACCELERATOR,Nausea,12,2.71599897933146,3,0.916666666666667,FALSE,0.316057525794866,66.7884423779475,Moderate (50-80th)
PLEXUS SLIM,Abdominal Pain Upper,12,3.08828467345969,3,0.916666666666667,FALSE,0.316057525794866,66.7884423779475,Moderate (50-80th)
PREVAGEN EXTRA STRENGTH,Blood Pressure Increased,9,3.97449894085058,4,0.444444444444444,FALSE,0.31587065271196,66.6888077050814,Moderate (50-80th)
ALL DAY ENERGY GREENS,Constipation,9,2.52599335456182,3,0.444444444444444,TRUE,0.31587065271196,66.6888077050814,Moderate (50-80th)
HYDROXYCUT HARDCORE,Vomiting,9,2.42267586206897,3,0.444444444444444,TRUE,0.31587065271196,66.6888077050814,Moderate (50-80th)
"CENTRUM SILVER (MULTIMINERALS, MULTIVITAMINS)",Death,5,3.59365331919031,3,1,FALSE,0.315128991946204,66.2238458983726,Moderate (50-80th)
FORMULA 2 MULTIVITAMIN COMPLEX,Vomiting,5,3.95693190475419,3,1,FALSE,0.315128991946204,66.2238458983726,Moderate (50-80th)
HERBALIFE CELL ACTIVATOR,Constipation,5,3.10057997557998,3,1,FALSE,0.315128991946204,66.2238458983726,Moderate (50-80th)
HERBALIFE CELL-U-LOSS,Asthenia,5,3.00791800791801,3,1,FALSE,0.315128991946204,66.2238458983726,Moderate (50-80th)
HERBALIFE CELL-U-LOSS,Dehydration,5,4.3742265267689,3,1,FALSE,0.315128991946204,66.2238458983726,Moderate (50-80th)
HERBALIFE MULTIVITAMIN COMPLEX FORMULA 2,Hypersensitivity,5,3.22287963231992,3,1,FALSE,0.315128991946204,66.2238458983726,Moderate (50-80th)
HERBALIFE MULTIVITAMIN COMPLEX FORMULA 2,Pruritus,5,4.88587674688664,3,1,FALSE,0.315128991946204,66.2238458983726,Moderate (50-80th)
HERBALIFE TOTAL CONTROL,Constipation,5,4.27166526551772,3,1,FALSE,0.315128991946204,66.2238458983726,Moderate (50-80th)
HYDROXYCUT,Confusional State,5,3.53997556079253,3,1,FALSE,0.315128991946204,66.2238458983726,Moderate (50-80th)
NATURAL ACCELERATOR,Dehydration,5,5.01129943502825,3,1,FALSE,0.315128991946204,66.2238458983726,Moderate (50-80th)
PLEXUS BIOCLEANSE,Abdominal Pain Upper,5,4.82838773491593,3,1,FALSE,0.315128991946204,66.2238458983726,Moderate (50-80th)
PLEXUS BOOST,Vomiting,5,3.05731606503169,3,1,FALSE,0.315128991946204,66.2238458983726,Moderate (50-80th)
REUMOFAN PLUS,Death,5,3.12944286190879,3,1,FALSE,0.315128991946204,66.2238458983726,Moderate (50-80th)
VITAMIN B6,Fatigue,5,4.0371412027463,3,1,FALSE,0.315128991946204,66.2238458983726,Moderate (50-80th)
HERBALIFE CELL ACTIVATOR,Vomiting,16,2.56684829819158,3,0.875,FALSE,0.312077732211105,66.1906343407506,Moderate (50-80th)
PLEXUS BIO CLEANSE,Diarrhoea,11,3.56325685149777,3,0.909090909090909,FALSE,0.311207804807533,66.1574227831285,Moderate (50-80th)
PREVAGEN REGULAR STRENGTH,Dizziness,13,3.40607541899441,4,0.384615384615385,FALSE,0.30881274559595,66.0909996678844,Moderate (50-80th)
HYDROXYCUT,Pruritus,13,2.53249996997971,3,0.384615384615385,TRUE,0.30881274559595,66.0909996678844,Moderate (50-80th)
AG1 WHOLE FOOD POUCH 360G NON SPECIFIC,Blood Pressure Decreased,4,6.95508864552492,4,0.5,FALSE,0.308520206416239,62.636997675191,Moderate (50-80th)
ALL DAY ENERGY GREENS,Gastric Ulcer Haemorrhage,4,24.3330832708177,4,0.5,FALSE,0.308520206416239,62.636997675191,Moderate (50-80th)
ALL DAY ENERGY GREENS FRUITY,Eructation,4,12.9687936655799,4,0.5,FALSE,0.308520206416239,62.636997675191,Moderate (50-80th)
AMP ENERGY DRINK,Heart Rate Increased,4,26.0801068090788,4,0.5,FALSE,0.308520206416239,62.636997675191,Moderate (50-80th)
ARBONNE ESSENTIALS DAILY FIBER BOOST,Abdominal Distension,4,5.88482180546343,4,0.5,FALSE,0.308520206416239,62.636997675191,Moderate (50-80th)
ARBONNE ESSENTIALS DAILY FIBER BOOST,Migraine,4,15.2624335314357,4,0.5,FALSE,0.308520206416239,62.636997675191,Moderate (50-80th)
ARBONNE ESSENTIALS HERBAL DETOX TEA,Migraine,4,17.1254606071241,4,0.5,FALSE,0.308520206416239,62.636997675191,Moderate (50-80th)
ARTRI AJO KING,Weight Increased,4,22.8501872659176,4,0.5,FALSE,0.308520206416239,62.636997675191,Moderate (50-80th)
ARTRI KING,Anaemia,4,20.217963327463,4,0.5,FALSE,0.308520206416239,62.636997675191,Moderate (50-80th)
BENEFIBER UNKNOWN (NCH) (UNKNOWN) POWDER,Constipation,4,18.9498399146211,4,0.5,FALSE,0.308520206416239,62.636997675191,Moderate (50-80th)
BENEFIBER WITH WHEAT DEXTRIN,Gastrointestinal Disorder,4,8.44675324675325,4,0.5,FALSE,0.308520206416239,62.636997675191,Moderate (50-80th)
BODYDYNAMIX SLIMVANCE THERMOGENIC,Heart Rate Increased,4,5.92523364485981,4,0.5,FALSE,0.308520206416239,62.636997675191,Moderate (50-80th)
CALCIUM CARBONATE (CALCIUM CARBONATE) UNKNOWN,Blood Calcium Increased,4,201.785123966942,4,0.5,FALSE,0.308520206416239,62.636997675191,Moderate (50-80th)
"CENTRUM SILVER (MULTIMINERALS, MULTIVITAMINS) TABLET",Blood Iron Decreased,4,11.9459426254684,4,0.5,FALSE,0.308520206416239,62.636997675191,Moderate (50-80th)
ESTER-C 24 HOUR IMMUNE SUPPORT 1000MG COATED TABLETS,Dysphagia,4,11.6317513249568,4,0.5,FALSE,0.308520206416239,62.636997675191,Moderate (50-80th)
FLINTSTONES COMPLETE CHEWABLE,Illness,4,122.410031347962,4,0.5,FALSE,0.308520206416239,62.636997675191,Moderate (50-80th)
FLINTSTONES WITH IRON,Anaphylactic Reaction,4,37.7034749034749,4,0.5,FALSE,0.308520206416239,62.636997675191,Moderate (50-80th)
FLORASTOR SACCHAROMYCES BOULARDII,Fungaemia,4,678.222222222222,4,0.5,FALSE,0.308520206416239,62.636997675191,Moderate (50-80th)
FRUTA PLANTA,Palpitations,4,10.1294605809129,4,0.5,FALSE,0.308520206416239,62.636997675191,Moderate (50-80th)
GERITOL LIQUID,Vomiting,4,7.68720975993703,4,0.5,FALSE,0.308520206416239,62.636997675191,Moderate (50-80th)
GREEN TEA FAT BURNER,Chromaturia,4,22.1909090909091,4,0.5,FALSE,0.308520206416239,62.636997675191,Moderate (50-80th)
HERBAL CLEANSE WITH CITRUS FIBER DRINK,Chest Pain,4,8.65694401347577,4,0.5,FALSE,0.308520206416239,62.636997675191,Moderate (50-80th)
HERBALIFE CELL ACTIVATOR,Liver Injury,4,7.10004368719965,4,0.5,FALSE,0.308520206416239,62.636997675191,Moderate (50-80th)
HERBALIFE FORMULA 2 MULTIVITAMIN COMPLEX,Hepatic Enzyme Increased,4,14.8684992004873,4,0.5,FALSE,0.308520206416239,62.636997675191,Moderate (50-80th)
HYDROXYCUT,Hepatic Steatosis,4,11.0529722364163,4,0.5,FALSE,0.308520206416239,62.636997675191,Moderate (50-80th)
HYDROXYCUT CAFFEINE FREE CAPLETS,Hypertension,4,18.9028261711189,4,0.5,FALSE,0.308520206416239,62.636997675191,Moderate (50-80th)
HYDROXYCUT CAFFEINE FREE CAPLETS,Renal Failure,4,39.8579591836735,4,0.5,FALSE,0.308520206416239,62.636997675191,Moderate (50-80th)
HYDROXYCUT CAFFEINE-FREE CAPLETS,Renal Disorder,4,19.2125984251969,4,0.5,FALSE,0.308520206416239,62.636997675191,Moderate (50-80th)
HYDROXYCUT CAPSULES,Liver Function Test Abnormal,4,25.6804733727811,4,0.5,FALSE,0.308520206416239,62.636997675191,Moderate (50-80th)
HYDROXYCUT CAPSULES,Liver Injury,4,39.8165137614679,4,0.5,FALSE,0.308520206416239,62.636997675191,Moderate (50-80th)
HYDROXYCUT HARDCORE,Injury,4,17.7418181818182,4,0.5,FALSE,0.308520206416239,62.636997675191,Moderate (50-80th)
HYDROXYCUT HARDCORE CAPSULES,Liver Disorder,4,13.1619266364926,4,0.5,FALSE,0.308520206416239,62.636997675191,Moderate (50-80th)
HYDROXYCUT HARDCORE CAPSULES,Stress,4,10.6235550708833,4,0.5,FALSE,0.308520206416239,62.636997675191,Moderate (50-80th)
HYDROXYCUT MAX,Palpitations,4,10.804979253112,4,0.5,FALSE,0.308520206416239,62.636997675191,Moderate (50-80th)
HYDROXYCUT MAX LIQUID CAPS,Jaundice,4,10.2708333333333,4,0.5,FALSE,0.308520206416239,62.636997675191,Moderate (50-80th)
HYDROXYCUT NATURAL CAPLETS,Fear,4,53.9331676332505,4,0.5,FALSE,0.308520206416239,62.636997675191,Moderate (50-80th)
HYDROXYCUT NATURAL CAPLETS,Nervousness,4,38.9415752741775,4,0.5,FALSE,0.308520206416239,62.636997675191,Moderate (50-80th)
HYDROXYCUT PRO CLINICAL CAPLETS CAPLET,Headache,4,13.7309152256432,4,0.5,FALSE,0.308520206416239,62.636997675191,Moderate (50-80th)
HYDROXYCUT RAPID RELEASE CAPLETS,Fatigue,4,6.64801198257081,4,0.5,FALSE,0.308520206416239,62.636997675191,Moderate (50-80th)
HYDROXYCUT REGULAR DRINK MIX SACHETS,Myalgia,4,25.8301587301587,4,0.5,FALSE,0.308520206416239,62.636997675191,Moderate (50-80th)
HYDROXYCUT REGULAR RAPID RELEASE,Liver Function Test Abnormal,4,25.6804733727811,4,0.5,FALSE,0.308520206416239,62.636997675191,Moderate (50-80th)
HYDROXYCUT REGULAR RELEASE CAPLETS,Hypersensitivity,4,17.5350089766607,4,0.5,FALSE,0.308520206416239,62.636997675191,Moderate (50-80th)
HYDROXYCUT WITH EPHEDRA,Renal Disorder,4,27.4533183352081,4,0.5,FALSE,0.308520206416239,62.636997675191,Moderate (50-80th)
LACTAID FAST ACT CAPLETS,Dehydration,4,8.16202658640582,4,0.5,FALSE,0.308520206416239,62.636997675191,Moderate (50-80th)
METABO379,Dehydration,4,18.3702031602709,4,0.5,FALSE,0.308520206416239,62.636997675191,Moderate (50-80th)
MODERE MINERAL SUPPLEMENT,Dizziness,4,11.3317090149669,4,0.5,FALSE,0.308520206416239,62.636997675191,Moderate (50-80th)
NAC MARKETING AGELESS MALE,Cerebrovascular Accident,4,18.8695652173913,4,0.5,FALSE,0.308520206416239,62.636997675191,Moderate (50-80th)
NAC MARKETING AGELESS MALE TABLET,Myocardial Infarction,4,10.9902060114826,4,0.5,FALSE,0.308520206416239,62.636997675191,Moderate (50-80th)
NAC MARKETING SUPER BETA PROSTATE,Dysuria,4,31.2058823529412,4,0.5,FALSE,0.308520206416239,62.636997675191,Moderate (50-80th)
NATURE MADE SUPER B-COMPLEX WITH VITAMIN C & FOLIC ACID TABLET,Abdominal Pain Upper,4,8.04547701433515,4,0.5,FALSE,0.308520206416239,62.636997675191,Moderate (50-80th)
NUTRAFOL WOMEN HAIR GROWTH NUTRACEUTICAL,Emergency Care,4,32.6176470588235,4,0.5,FALSE,0.308520206416239,62.636997675191,Moderate (50-80th)
NUTRIDIET,Abdominal Distension,4,18.0582524271845,4,0.5,FALSE,0.308520206416239,62.636997675191,Moderate (50-80th)
NUTRILITE INTESTIFLORA 7,Headache,4,10.2977646562632,4,0.5,FALSE,0.308520206416239,62.636997675191,Moderate (50-80th)
OXYELITE PRO,Transaminases Increased,4,43.5357142857143,4,0.5,FALSE,0.308520206416239,62.636997675191,Moderate (50-80th)
PATRIOT HEALTH ALLIANCE ULTIMATE MALE,Blood Pressure Increased,4,16.7555326814205,4,0.5,FALSE,0.308520206416239,62.636997675191,Moderate (50-80th)
PATRIOT POWER GREENS,Blood Glucose Increased,4,7.06635757751376,4,0.5,FALSE,0.308520206416239,62.636997675191,Moderate (50-80th)
PHENIBUT,Anxiety,4,17.2088105726872,4,0.5,FALSE,0.308520206416239,62.636997675191,Moderate (50-80th)
PHILLIPS' COLON HEALTH (BIFIDOBACTERIUM + LACTOBACILLUS) CAPSULE,Diverticulitis,4,12.7245696400626,4,0.5,FALSE,0.308520206416239,62.636997675191,Moderate (50-80th)
PLEXUS PROBIO 5,Abdominal Distension,4,8.20527045769764,4,0.5,FALSE,0.308520206416239,62.636997675191,Moderate (50-80th)
PREVAGEN,Hallucination,4,10.7653095001655,4,0.5,FALSE,0.308520206416239,62.636997675191,Moderate (50-80th)
PREVAGEN 10 MG,Convulsion,4,26.1793325291516,4,0.5,FALSE,0.308520206416239,62.636997675191,Moderate (50-80th)
PREVAGEN REGULAR STRENGTH,Confusional State,4,7.44798625691926,4,0.5,FALSE,0.308520206416239,62.636997675191,Moderate (50-80th)
PREVAGEN REGULAR STRENGTH,Memory Impairment,4,16.0510078157137,4,0.5,FALSE,0.308520206416239,62.636997675191,Moderate (50-80th)
PURITAN'S PRIDE NIACIN 500MG COATED CAPLETS,Swelling,4,18.0356450272417,4,0.5,FALSE,0.308520206416239,62.636997675191,Moderate (50-80th)
REUMOFAN PLUS,Haemoglobin Decreased,4,26.8971601874828,4,0.5,FALSE,0.308520206416239,62.636997675191,Moderate (50-80th)
REUMOFAN PLUS,Hypotension,4,11.569734345351,4,0.5,FALSE,0.308520206416239,62.636997675191,Moderate (50-80th)
TRUVY ALTER,Hyperhidrosis,4,17.0196078431373,4,0.5,FALSE,0.308520206416239,62.636997675191,Moderate (50-80th)
WOMENS BALANCE HAIR GROWTH NUTRACEUTICAL,Dehydration,4,11.020316027088,4,0.5,FALSE,0.308520206416239,62.636997675191,Moderate (50-80th)
ALPHA BRAIN,Vomiting,4,5.38071625344353,3,1,FALSE,0.308520206416239,62.636997675191,Moderate (50-80th)
ARTRI AJO KING,Death,4,4.84976152623211,3,1,FALSE,0.308520206416239,62.636997675191,Moderate (50-80th)
BELLYTRIM XP,Abdominal Pain,4,5.21504112808461,3,1,FALSE,0.308520206416239,62.636997675191,Moderate (50-80th)
HERBAL EQUILIBRIUM,Nausea,4,4.14463967405144,3,1,FALSE,0.308520206416239,62.636997675191,Moderate (50-80th)
HERBALIFE ACTIVE FIBER COMPLEX,Dizziness,4,5.66515837104072,3,1,FALSE,0.308520206416239,62.636997675191,Moderate (50-80th)
HERBALIFE AMINOGEN,Fatigue,4,4.34597578347578,3,1,FALSE,0.308520206416239,62.636997675191,Moderate (50-80th)
HERBALIFE CELL ACTIVATOR,Abdominal Distension,4,3.2201307707549,3,1,FALSE,0.308520206416239,62.636997675191,Moderate (50-80th)
HERBALIFE CELL-U-LOSS,Abdominal Distension,4,4.29535697774255,3,1,FALSE,0.308520206416239,62.636997675191,Moderate (50-80th)
HERBALIFE CELL-U-LOSS,Jaundice,4,5.37665343915344,3,1,FALSE,0.308520206416239,62.636997675191,Moderate (50-80th)
HERBALIFE FLORAFIBER,Pain,4,3.49704459967759,3,1,FALSE,0.308520206416239,62.636997675191,Moderate (50-80th)
HERBALIFE MULTIVITAMIN COMPLEX FORMULA 2,Abdominal Pain,4,3.37360890302067,3,1,FALSE,0.308520206416239,62.636997675191,Moderate (50-80th)
HERBALIFE MULTIVITAMIN COMPLEX FORMULA 2,Anxiety,4,5.05892718320809,3,1,FALSE,0.308520206416239,62.636997675191,Moderate (50-80th)
HERBALIFE MULTIVITAMIN COMPLEX FORMULA 2,Asthenia,4,4.45798319327731,3,1,FALSE,0.308520206416239,62.636997675191,Moderate (50-80th)
HERBALIFE PROLESSA DUO,Diarrhoea,4,3.65270737865894,3,1,FALSE,0.308520206416239,62.636997675191,Moderate (50-80th)
HERBALIFE PROLESSA DUO,Vomiting,4,3.16467347269486,3,1,FALSE,0.308520206416239,62.636997675191,Moderate (50-80th)
HERBALIFE SNACK DEFENSE,Abdominal Pain,4,4.41236554280033,3,1,FALSE,0.308520206416239,62.636997675191,Moderate (50-80th)
HERBALIFE SNACK DEFENSE,Fatigue,4,4.34597578347578,3,1,FALSE,0.308520206416239,62.636997675191,Moderate (50-80th)
HYDROXYCUT,Lethargy,4,3.60270930490784,3,1,FALSE,0.308520206416239,62.636997675191,Moderate (50-80th)
HYDROXYCUT MAX LIQUID CAPS,Chest Pain,4,4.45817633760362,3,1,FALSE,0.308520206416239,62.636997675191,Moderate (50-80th)
HYDROXYCUT MAX LIQUID CAPS,Fatigue,4,3.42361111111111,3,1,FALSE,0.308520206416239,62.636997675191,Moderate (50-80th)
ISAGENIX ISAFLUSH,Constipation,4,4.43179908717273,3,1,FALSE,0.308520206416239,62.636997675191,Moderate (50-80th)
ISAGENIX ISAFLUSH,Urticaria,4,3.26976042888256,3,1,FALSE,0.308520206416239,62.636997675191,Moderate (50-80th)
JACK3D,Death,4,5.74845433668963,3,1,FALSE,0.308520206416239,62.636997675191,Moderate (50-80th)
NAC MARKETING AGELESS MALE SOFTGEL,Dyspnoea,4,3.49441740624105,3,1,FALSE,0.308520206416239,62.636997675191,Moderate (50-80th)
NATURAL ACCELERATOR,Abdominal Distension,4,4.92094313453537,3,1,FALSE,0.308520206416239,62.636997675191,Moderate (50-80th)
NATURAL ACCELERATOR,Dyspepsia,4,4.69312169312169,3,1,FALSE,0.308520206416239,62.636997675191,Moderate (50-80th)
NATURAL ACCELERATOR,Muscle Spasms,4,5.64069952305246,3,1,FALSE,0.308520206416239,62.636997675191,Moderate (50-80th)
PLEXUS PROBIO 5,Chest Pain,4,4.45817633760362,3,1,FALSE,0.308520206416239,62.636997675191,Moderate (50-80th)
PLEXUS SLIM 2.0,Blood Pressure Increased,4,4.56819351518271,3,1,FALSE,0.308520206416239,62.636997675191,Moderate (50-80th)
PLEXUS SLIM HUNGER CONTROL,Abdominal Pain Upper,4,4.38754325259516,3,1,FALSE,0.308520206416239,62.636997675191,Moderate (50-80th)
PROTANDIM US,Weight Decreased,4,3.94020926756353,3,1,FALSE,0.308520206416239,62.636997675191,Moderate (50-80th)
TRUFIX,Vomiting,4,4.89146005509642,3,1,FALSE,0.308520206416239,62.636997675191,Moderate (50-80th)
TRUVY TRU,Blood Pressure Increased,4,4.56819351518271,3,1,FALSE,0.308520206416239,62.636997675191,Moderate (50-80th)
TRUVY TRU,Headache,4,3.74356811471953,3,1,FALSE,0.308520206416239,62.636997675191,Moderate (50-80th)
TRUVY VY BOOST,Nausea,4,4.9737713267125,3,1,FALSE,0.308520206416239,62.636997675191,Moderate (50-80th)
TRUVY VY BOOST,Vomiting,4,5.38071625344353,3,1,FALSE,0.308520206416239,62.636997675191,Moderate (50-80th)
SUPER BETA PROSTATE,Renal Disorder,17,3.05006314270251,3,0.352941176470588,TRUE,0.307255589082645,62.6037861175689,Moderate (50-80th)
HERBALIFE CELL ACTIVATOR,Fatigue,10,3.37066533930645,3,0.9,FALSE,0.305657754843637,62.5041514447028,Moderate (50-80th)
HERBALIFE CELL-U-LOSS,Diarrhoea,10,2.46651193130964,3,0.9,FALSE,0.305657754843637,62.5041514447028,Moderate (50-80th)
NATURAL ACCELERATOR,Vomiting,10,2.44757174392936,3,0.9,FALSE,0.305657754843637,62.5041514447028,Moderate (50-80th)
5-HOUR ENERGY,Convulsion,7,7.00675093363976,4,0.428571428571429,FALSE,0.303665632756664,62.1056127532381,Moderate (50-80th)
ARTRI KING,Weight Increased,7,26.4020562770563,4,0.428571428571429,FALSE,0.303665632756664,62.1056127532381,Moderate (50-80th)
BENEFIBER W WHEAT DEXTRIN (NCH) (WHEAT DEXTRIN) POWDER,Fall,7,6.80746122677099,4,0.428571428571429,FALSE,0.303665632756664,62.1056127532381,Moderate (50-80th)
HERBALIFE CELL ACTIVATOR,Hepatic Enzyme Increased,7,7.15316901408451,4,0.428571428571429,FALSE,0.303665632756664,62.1056127532381,Moderate (50-80th)
HYDROXYCUT CAFFEINE FREE CAPLETS,Liver Function Test Abnormal,7,48.4384920634921,4,0.428571428571429,FALSE,0.303665632756664,62.1056127532381,Moderate (50-80th)
HYDROXYCUT CARB CONTROL CAPSULES,Injury,7,157.516129032258,4,0.428571428571429,FALSE,0.303665632756664,62.1056127532381,Moderate (50-80th)
HYDROXYCUT NATURAL CAPLETS,Injury,7,92.6432637571157,4,0.428571428571429,FALSE,0.303665632756664,62.1056127532381,Moderate (50-80th)
HYDROXYCUT REGULAR DRINK MIX SACHETS,Anxiety,7,14.3754416961131,4,0.428571428571429,FALSE,0.303665632756664,62.1056127532381,Moderate (50-80th)
HYDROXYCUT WITH EPHEDRA,Liver Function Test Abnormal,7,24.2123015873016,4,0.428571428571429,FALSE,0.303665632756664,62.1056127532381,Moderate (50-80th)
NUTRAFOL WOMEN HAIR GROWTH NUTRACEUTICAL,Hepatic Enzyme Increased,7,13.6672535211268,4,0.428571428571429,FALSE,0.303665632756664,62.1056127532381,Moderate (50-80th)
NUTRAFOL WOMENS BALANCE HAIR GROWTH NUTRACEUTICAL,Alanine Aminotransferase Increased,7,7.5301906779661,4,0.428571428571429,FALSE,0.303665632756664,62.1056127532381,Moderate (50-80th)
PROTANDIM US,Dehydration,7,5.2242355605889,4,0.428571428571429,FALSE,0.303665632756664,62.1056127532381,Moderate (50-80th)
ADVOCARE HERBAL CLEANSE,Vomiting,3,5.76381949089192,3,1,FALSE,0.3,59.515111258718,Moderate (50-80th)
ADVOCARE MNS MAX 3,Dizziness,3,7.28198628094244,3,1,FALSE,0.3,59.515111258718,Moderate (50-80th)
ALL DAY ENERGY GREENS,Colitis,3,5.90031530439001,3,1,FALSE,0.3,59.515111258718,Moderate (50-80th)
ARTRI AJO KING,Myocardial Infarction,3,6.94347496206373,3,1,FALSE,0.3,59.515111258718,Moderate (50-80th)
BENEFIBER,Death,3,6.12277914802893,3,1,FALSE,0.3,59.515111258718,Moderate (50-80th)
BENEFIBER UNKNOWN (NCH) (UNKNOWN) UNKNOWN,Death,3,7.27124702144559,3,1,FALSE,0.3,59.515111258718,Moderate (50-80th)
BENEFIBER W WHEAT DEXTRIN (NCH) (WHEAT DEXTRIN) POWDER,Visual Impairment,3,4.02708362033338,3,1,FALSE,0.3,59.515111258718,Moderate (50-80th)
BENEFIBER WITH WHEAT DEXTRIN,Fall,3,5.73882352941177,3,1,FALSE,0.3,59.515111258718,Moderate (50-80th)
BIO CLEANSE,Abdominal Pain Upper,3,4.02025691699605,3,1,FALSE,0.3,59.515111258718,Moderate (50-80th)
CENTRUM ADULTS UNDER 50,Death,3,7.27124702144559,3,1,FALSE,0.3,59.515111258718,Moderate (50-80th)
CLEANSE FOR LIFE LIQUID,Nausea,3,4.66191446028513,3,1,FALSE,0.3,59.515111258718,Moderate (50-80th)
ENFAMIL D-VI-SOL LIQUID VITAMIN D SUPPLEMENT,Choking,3,4.01001806536377,3,1,FALSE,0.3,59.515111258718,Moderate (50-80th)
FLOYD NUTRITION SLIM TRIM U,Dyspnoea,3,6.98826559816829,3,1,FALSE,0.3,59.515111258718,Moderate (50-80th)
HERBALIFE 21-DAY HERBAL CLEANSING PROGRAM PM TABLETS,Dizziness,3,3.92058776296772,3,1,FALSE,0.3,59.515111258718,Moderate (50-80th)
HERBALIFE ACTIVE FIBER COMPLEX,Headache,3,5.14629005059022,3,1,FALSE,0.3,59.515111258718,Moderate (50-80th)
HERBALIFE CELL ACTIVATOR,Nervousness,3,5.88272200772201,3,1,FALSE,0.3,59.515111258718,Moderate (50-80th)
HERBALIFE CELL ACTIVATOR,Tachycardia,3,4.87755102040816,3,1,FALSE,0.3,59.515111258718,Moderate (50-80th)
HERBALIFE CELL-U-LOSS,Flatulence,3,4.81890930646117,3,1,FALSE,0.3,59.515111258718,Moderate (50-80th)
HERBALIFE CELL-U-LOSS,Pyrexia,3,4.58129050436743,3,1,FALSE,0.3,59.515111258718,Moderate (50-80th)
HERBALIFE CORE COMPLEX,Nausea,3,6.21614052953157,3,1,FALSE,0.3,59.515111258718,Moderate (50-80th)
HERBALIFE FLORAFIBER,Constipation,3,5.20362473347548,3,1,FALSE,0.3,59.515111258718,Moderate (50-80th)
HERBALIFE HERBAL ALOE CONCENTRATE,Cerebrovascular Accident,3,6.05395906553649,3,1,FALSE,0.3,59.515111258718,Moderate (50-80th)
HERBALIFE HERBAL ALOE CONCENTRATE MANGO,Dizziness,3,6.37160751565762,3,1,FALSE,0.3,59.515111258718,Moderate (50-80th)
HERBALIFE HERBAL TEA CONCENTRATE RASPBERRY,Nausea,3,6.21614052953157,3,1,FALSE,0.3,59.515111258718,Moderate (50-80th)
HERBALIFE MULTIVITAMIN COMPLEX FORMULA 2,Haemorrhage,3,7.23766683143846,3,1,FALSE,0.3,59.515111258718,Moderate (50-80th)
HERBALIFE RELAX NOW,Dizziness,3,4.24739039665971,3,1,FALSE,0.3,59.515111258718,Moderate (50-80th)
HERBALIFE SLEEP NOW,Dizziness,3,7.28198628094244,3,1,FALSE,0.3,59.515111258718,Moderate (50-80th)
HERBALIFE SNACK DEFENSE,Rash,3,4.29953024075162,3,1,FALSE,0.3,59.515111258718,Moderate (50-80th)
HERBALIFE TOTAL CONTROL,Alanine Aminotransferase Increased,3,5.03984708637553,3,1,FALSE,0.3,59.515111258718,Moderate (50-80th)
HERBALIFE TOTAL CONTROL,Aspartate Aminotransferase Increased,3,5.10418555981863,3,1,FALSE,0.3,59.515111258718,Moderate (50-80th)
HERBALIFE TOTAL CONTROL,Flatulence,3,4.97711040065302,3,1,FALSE,0.3,59.515111258718,Moderate (50-80th)
HERBALIFE TOTAL CONTROL,Tachycardia,3,6.71979611516738,3,1,FALSE,0.3,59.515111258718,Moderate (50-80th)
HERBALIFETOTAL CONTROL,Nausea,3,5.32801134710503,3,1,FALSE,0.3,59.515111258718,Moderate (50-80th)
HYDROXYCUT,Blood Creatine Phosphokinase Increased,3,6.27825077399381,3,1,FALSE,0.3,59.515111258718,Moderate (50-80th)
HYDROXYCUT,Cardiac Arrest,3,5.40406395736176,3,1,FALSE,0.3,59.515111258718,Moderate (50-80th)
HYDROXYCUT,Hepatic Failure,3,5.08239348370927,3,1,FALSE,0.3,59.515111258718,Moderate (50-80th)
HYDROXYCUT CAFFEINE-FREE CAPLETS,Hepatic Enzyme Increased,3,6.3986013986014,3,1,FALSE,0.3,59.515111258718,Moderate (50-80th)
HYDROXYCUT HARDCORE CAPSULES,Blood Creatinine Increased,3,6.88563754594289,3,1,FALSE,0.3,59.515111258718,Moderate (50-80th)
HYDROXYCUT NATURAL CAPLETS,Fatigue,3,4.98312523389923,3,1,FALSE,0.3,59.515111258718,Moderate (50-80th)
HYDROXYCUT NATURAL CAPLETS,Hypersensitivity,3,3.86533132768585,3,1,FALSE,0.3,59.515111258718,Moderate (50-80th)
HYDROXYCUT REGULAR RAPID RELEASE CAPLETS,Gallbladder Disorder,3,4.26641651031895,3,1,FALSE,0.3,59.515111258718,Moderate (50-80th)
HYDROXYCUT REGULAR RAPID RELEASE CAPLETS,Mental Disorder,3,5.15938740782757,3,1,FALSE,0.3,59.515111258718,Moderate (50-80th)
HYDROXYCUT REGULAR RAPID RELEASE CAPLETS,Nasopharyngitis,3,6.33867595818815,3,1,FALSE,0.3,59.515111258718,Moderate (50-80th)
ISAFLUSH ARIZONA NUTRITIONAL SUPPLEMENTS,Loss Of Consciousness,3,6.92566321464038,3,1,FALSE,0.3,59.515111258718,Moderate (50-80th)
ISAGENIX IONIX SUPREME LIQUID,Diarrhoea,3,5.17387158296249,3,1,FALSE,0.3,59.515111258718,Moderate (50-80th)
ISAGENIX IONIX SUPREME LIQUID,Dizziness,3,5.66353514265832,3,1,FALSE,0.3,59.515111258718,Moderate (50-80th)
ISAGENIX IONIX SUPREME LIQUID,Vomiting,3,4.48278711098871,3,1,FALSE,0.3,59.515111258718,Moderate (50-80th)
ISAGENIX ISAFLUSH,Hypertension,3,4.21440704805228,3,1,FALSE,0.3,59.515111258718,Moderate (50-80th)
KRILL OMEGA-3 SUPER FORMULA,Dyspnoea,3,3.81139095592444,3,1,FALSE,0.3,59.515111258718,Moderate (50-80th)
KRILL OMEGA-3 SUPER FORMULA,Hypersensitivity,3,5.97442799461642,3,1,FALSE,0.3,59.515111258718,Moderate (50-80th)
MODERE SUSTAIN,Abdominal Pain,3,6.61642350603008,3,1,FALSE,0.3,59.515111258718,Moderate (50-80th)
MONSTER ENERGY DRINK,Death,3,6.84338644115311,3,1,FALSE,0.3,59.515111258718,Moderate (50-80th)
NATURAL ACCELERATOR,Nephrolithiasis,3,4.67662565905097,3,1,FALSE,0.3,59.515111258718,Moderate (50-80th)
NATURAL ACCELERATOR,Paraesthesia,3,4.24401913875598,3,1,FALSE,0.3,59.515111258718,Moderate (50-80th)
NATURAL ACCELERATOR,Swelling Face,3,6.38129496402878,3,1,FALSE,0.3,59.515111258718,Moderate (50-80th)
NATURAL ACCELERATOR ARIZONA NUTRITIONAL SUPPLEMENTS,Loss Of Consciousness,3,4.6906172918602,3,1,FALSE,0.3,59.515111258718,Moderate (50-80th)
NO XPLODE,Loss Of Consciousness,3,3.92949354518371,3,1,FALSE,0.3,59.515111258718,Moderate (50-80th)
NUGENIX FREE TESTOSTERONE BOOSTER,Heart Rate Increased,3,4.44096064042695,3,1,FALSE,0.3,59.515111258718,Moderate (50-80th)
NUTRAFOL WOMENS BALANCE HAIR GROWTH NUTRACEUTICAL,Blood Pressure Decreased,3,5.25258620689655,3,1,FALSE,0.3,59.515111258718,Moderate (50-80th)
NUTRILITE DOUBLE X,Malaise,3,4.23802083333333,3,1,FALSE,0.3,59.515111258718,Moderate (50-80th)
NUTRILITE SLIMMETRY,Chest Pain,3,5.01280120481928,3,1,FALSE,0.3,59.515111258718,Moderate (50-80th)
OXYELITE PRO,Blood Glucose Increased,3,4.49262899262899,3,1,FALSE,0.3,59.515111258718,Moderate (50-80th)
PLEXUS BLOCK,Abdominal Pain,3,5.73399882560188,3,1,FALSE,0.3,59.515111258718,Moderate (50-80th)
PLEXUS BOOST,Loss Of Consciousness,3,6.61072492552135,3,1,FALSE,0.3,59.515111258718,Moderate (50-80th)
PLEXUS SLIM,Hypotension,3,5.69862052840776,3,1,FALSE,0.3,59.515111258718,Moderate (50-80th)
PLEXUS SLIM 2.0,Heart Rate Increased,3,4.44096064042695,3,1,FALSE,0.3,59.515111258718,Moderate (50-80th)
PLEXUS SLIM HUNGER CONTROL,Abdominal Pain,3,3.90898414562537,3,1,FALSE,0.3,59.515111258718,Moderate (50-80th)
PROTANDIM US,Blood Bilirubin Increased,3,5.4016393442623,3,1,FALSE,0.3,59.515111258718,Moderate (50-80th)
PURITAN'S PRIDE GLUCOSAMINE CHONDROITIN MSM WITH MOBILI-FLEX COATED CAPLETS,Choking,3,6.01527344391526,3,1,FALSE,0.3,59.515111258718,Moderate (50-80th)
QUINCY BIOSCIENCE PREVAGEN 10MG,Dizziness,3,4.24739039665971,3,1,FALSE,0.3,59.515111258718,Moderate (50-80th)
ROYAL HONEY VIP,Death,3,6.12277914802893,3,1,FALSE,0.3,59.515111258718,Moderate (50-80th)
STACKER 2,Death,3,5.81652104845115,3,1,FALSE,0.3,59.515111258718,Moderate (50-80th)
TRIPLE ACTION VIRILITY,Cardiac Disorder,3,5.00677966101695,3,1,FALSE,0.3,59.515111258718,Moderate (50-80th)
TRIVEREX,Hospitalisation,3,3.93467741935484,3,1,FALSE,0.3,59.515111258718,Moderate (50-80th)
TRIVEREX MALE ENHANCEMENT,Urticaria,3,4.26724364017834,3,1,FALSE,0.3,59.515111258718,Moderate (50-80th)
TRUFIX,Headache,3,5.61424957841484,3,1,FALSE,0.3,59.515111258718,Moderate (50-80th)
VITAMIN D,Hospitalisation,3,4.37231182795699,3,1,FALSE,0.3,59.515111258718,Moderate (50-80th)
XENADRINE,Fatigue,3,6.51692841571384,3,1,FALSE,0.3,59.515111258718,Moderate (50-80th)
HERBALIFE CELL-U-LOSS,Dizziness,9,2.42961745367603,3,0.888888888888889,FALSE,0.299203986045294,59.4486881434739,Moderate (50-80th)
HYDROXYCUT HARDCORE CAPSULES,Chest Pain,9,2.53133120070215,3,0.888888888888889,FALSE,0.299203986045294,59.4486881434739,Moderate (50-80th)
HYDROXYCUT CAFFEINE-FREE CAPLETS,Emotional Distress,11,55.4545454545455,4,0.363636363636364,FALSE,0.29757144117117,59.3822650282298,Moderate (50-80th)
NUTRAFOL WOMENS BALANCE HAIR GROWTH NUTRACEUTICAL,Hypersensitivity,11,2.51474561008555,3,0.363636363636364,TRUE,0.29757144117117,59.3822650282298,Moderate (50-80th)
HERBALIFE CELL ACTIVATOR,Nausea,16,2.37212187557015,3,0.8125,FALSE,0.293327732211105,59.3490534706078,Moderate (50-80th)
HERBALIFE TOTAL CONTROL,Fatigue,8,3.71069947890913,3,0.875,FALSE,0.291548969313672,59.3158419129857,Moderate (50-80th)
HYDROXYCUT HARDCORE CAPSULES,Nervousness,8,10.2219773877915,4,0.375,FALSE,0.291548969313672,59.1829956824975,Moderate (50-80th)
HYDROXYCUT WITH EPHEDRA,Liver Injury,8,43.1773551525874,4,0.375,FALSE,0.291548969313672,59.1829956824975,Moderate (50-80th)
PREVAGEN REGULAR STRENGTH,Convulsion,8,7.27645687645688,4,0.375,FALSE,0.291548969313672,59.1829956824975,Moderate (50-80th)
ALL DAY ENERGY GREENS FRUITY,Dehydration,8,3.91122348644473,3,0.375,TRUE,0.291548969313672,59.1829956824975,Moderate (50-80th)
EXTENZE PLUS,Tremor,12,29.3624060150376,4,0.333333333333333,FALSE,0.291057525794866,59.0501494520093,Moderate (50-80th)
EXTENZE PLUS,Vomiting,12,6.46913307564881,4,0.333333333333333,FALSE,0.291057525794866,59.0501494520093,Moderate (50-80th)
HERBALIFE TOTAL CONTROL,Nausea,12,2.44855035786145,3,0.833333333333333,FALSE,0.291057525794866,59.0501494520093,Moderate (50-80th)
SUPER BETA VIRILITY BOOST,Blood Pressure Increased,12,2.02657510015088,3,0.333333333333333,TRUE,0.291057525794866,59.0501494520093,Moderate (50-80th)
MODERE BURN,Vomiting,22,4.12550756736803,4,0.272727272727273,FALSE,0.290827476795876,59.0169378943873,Moderate (50-80th)
PLEXUS SLIM,Vomiting,15,2.14938298460254,3,0.8,FALSE,0.287666311324831,58.9837263367652,Moderate (50-80th)
SUPER BETA PROSTATE,Prostatic Disorder,13,26.7670807453416,4,0.307692307692308,FALSE,0.285735822519027,58.9505147791431,Moderate (50-80th)
14-DAY ACAI BERRY CLEANSE,Diarrhoea,5,7.76558524173028,4,0.4,FALSE,0.285128991946204,58.219860511458,Moderate (50-80th)
BENEFIBER WITH WHEAT DEXTRIN (NCH) (WHEAT DEXTRIN) POWDER,Diabetes Mellitus,5,10.2869388961615,4,0.4,FALSE,0.285128991946204,58.219860511458,Moderate (50-80th)
EXTENZE PLUS,Heart Rate Increased,5,6.52171008684035,4,0.4,FALSE,0.285128991946204,58.219860511458,Moderate (50-80th)
FLORASTOR,Sepsis,5,58.9217580294615,4,0.4,FALSE,0.285128991946204,58.219860511458,Moderate (50-80th)
GO RUBY GO,Blood Pressure Increased,5,5.23686920700309,4,0.4,FALSE,0.285128991946204,58.219860511458,Moderate (50-80th)
GREEN TEA FAT BURNER,Jaundice,5,21.2260869565217,4,0.4,FALSE,0.285128991946204,58.219860511458,Moderate (50-80th)
HYDROXYCUT,Faeces Pale,5,27.9033367733058,4,0.4,FALSE,0.285128991946204,58.219860511458,Moderate (50-80th)
HYDROXYCUT HARDCORE,Liver Function Test Abnormal,5,9.64229249011858,4,0.4,FALSE,0.285128991946204,58.219860511458,Moderate (50-80th)
HYDROXYCUT REGULAR RAPID RELEASE CAPLETS,Liver Disorder,5,6.60278745644599,4,0.4,FALSE,0.285128991946204,58.219860511458,Moderate (50-80th)
HYDROXYCUT REGULAR RAPID RELEASE CAPLETS,Muscle Injury,5,43.5007173601148,4,0.4,FALSE,0.285128991946204,58.219860511458,Moderate (50-80th)
HYDROXYCUT WITH EPHEDRA,Convulsion,5,10.5270876466529,4,0.4,FALSE,0.285128991946204,58.219860511458,Moderate (50-80th)
HYDROXYCUT WITH EPHEDRA,Hepatocellular Injury,5,82.2304582210243,4,0.4,FALSE,0.285128991946204,58.219860511458,Moderate (50-80th)
KRATOM,Restless Legs Syndrome,5,18.1653165316532,4,0.4,FALSE,0.285128991946204,58.219860511458,Moderate (50-80th)
LACTAID,Diarrhoea,5,9.70737913486005,4,0.4,FALSE,0.285128991946204,58.219860511458,Moderate (50-80th)
MNS 3,Abdominal Pain,5,5.12429663223314,4,0.4,FALSE,0.285128991946204,58.219860511458,Moderate (50-80th)
NAC MARKETING SUPER BETA PROSTATE,Blood Urine Present,5,12.5918472652219,4,0.4,FALSE,0.285128991946204,58.219860511458,Moderate (50-80th)
NOSE SLAP,Dyspnoea,5,7.76870943108057,4,0.4,FALSE,0.285128991946204,58.219860511458,Moderate (50-80th)
NUTRAFOL WOMEN'S BALANCE,Abdominal Pain,5,6.83337532543882,4,0.4,FALSE,0.285128991946204,58.219860511458,Moderate (50-80th)
OXYELITE PRO,Blood Alkaline Phosphatase Increased,5,15.6282051282051,4,0.4,FALSE,0.285128991946204,58.219860511458,Moderate (50-80th)
SYNC,Vomiting,5,5.17487334930157,4,0.4,FALSE,0.285128991946204,58.219860511458,Moderate (50-80th)
TRUVY ALTER,Abdominal Pain Upper,5,8.04896142433234,4,0.4,FALSE,0.285128991946204,58.219860511458,Moderate (50-80th)
WOMENS BALANCE HAIR GROWTH NUTRACEUTICAL,Emergency Care,5,90.4074074074074,4,0.4,FALSE,0.285128991946204,58.219860511458,Moderate (50-80th)
NUTRAFOL WOMENS BALANCE HAIR GROWTH NUTRACEUTICAL,Abdominal Pain Upper,9,2.26449454905847,3,0.333333333333333,TRUE,0.282537319378627,58.1534373962139,Moderate (50-80th)
NUTRAFOL WOMENS BALANCE HAIR GROWTH NUTRACEUTICAL,Palpitations,9,3.808125,3,0.333333333333333,TRUE,0.282537319378627,58.1534373962139,Moderate (50-80th)
HYDROXYCUT CAFFEINE-FREE CAPLETS,Injury,9,51.0697674418605,4,0.333333333333333,FALSE,0.282537319378627,58.0538027233477,Moderate (50-80th)
HYDROXYCUT HARDCORE CAPSULES,Convulsion,9,4.06118913510709,4,0.333333333333333,FALSE,0.282537319378627,58.0538027233477,Moderate (50-80th)
SUPER BETA PROSTATE,Gastric Haemorrhage,9,7.34249384741591,4,0.333333333333333,FALSE,0.282537319378627,58.0538027233477,Moderate (50-80th)
5 HOUR ENERGY,Chest Pain,7,3.792029500622,3,0.857142857142857,FALSE,0.282237061328092,57.8213218199934,Moderate (50-80th)
GUNDRY MD BIO COMPLETE 3,Diarrhoea,7,3.62476129853596,3,0.857142857142857,FALSE,0.282237061328092,57.8213218199934,Moderate (50-80th)
HERBALIFE TOTAL CONTROL,Chest Pain,7,4.22778713288099,3,0.857142857142857,FALSE,0.282237061328092,57.8213218199934,Moderate (50-80th)
IONIX SUPREME,Nausea,7,3.2250821157549,3,0.857142857142857,FALSE,0.282237061328092,57.8213218199934,Moderate (50-80th)
NATURAL ACCELERATOR,Abdominal Pain Upper,7,3.07376237623762,3,0.857142857142857,FALSE,0.282237061328092,57.8213218199934,Moderate (50-80th)
PLEXUS BIO CLEANSE,Abdominal Pain,7,4.18805179517363,3,0.857142857142857,FALSE,0.282237061328092,57.8213218199934,Moderate (50-80th)
TRUVY TRU,Nausea,7,3.95846075433231,3,0.857142857142857,FALSE,0.282237061328092,57.8213218199934,Moderate (50-80th)
CENTRUM SILVER ADULTS 50+,Dysphagia,14,3.00689564010487,3,0.285714285714286,TRUE,0.281337252796954,57.7881102623713,Moderate (50-80th)
HERBALIFE TOTAL CONTROL,Dyspnoea,10,2.29324845914803,3,0.8,FALSE,0.275657754843637,57.7216871471272,Moderate (50-80th)
PLEXUS SLIM,Fatigue,10,3.01146613289841,3,0.8,FALSE,0.275657754843637,57.7216871471272,Moderate (50-80th)
LACTAID FAST ACT CAPLETS,Vomiting,10,4.98865587441746,4,0.3,FALSE,0.275657754843637,57.6884755895052,Moderate (50-80th)
HERBALIFE CELL-U-LOSS,Vomiting,13,2.7796451914099,3,0.769230769230769,FALSE,0.274197360980566,57.6552640318831,Moderate (50-80th)
PRESERVISION AREDS 2,Foreign Body,56,2.55022569350623,3,0.125,TRUE,0.274180492877534,57.622052474261,Moderate (50-80th)
CENTRUM SILVER MEN'S 50+,Dysphagia,17,2.58973990066432,3,0.235294117647059,TRUE,0.271961471435586,57.588840916639,Moderate (50-80th)
BENEFIBER W/ WHEAT DEXTRIN,Abdominal Pain Upper,6,7.62847990833095,4,0.333333333333333,FALSE,0.270528762897433,56.9246097641979,Moderate (50-80th)
BENEFIBER W/ WHEAT DEXTRIN,Diverticulitis,6,54.6707726763718,4,0.333333333333333,FALSE,0.270528762897433,56.9246097641979,Moderate (50-80th)
CENTRUM SILVER MEN'S 50 PLUS,Choking,6,6.87756443359467,4,0.333333333333333,FALSE,0.270528762897433,56.9246097641979,Moderate (50-80th)
"CENTRUM SILVER WOMEN'S 50+(MUL TIMINERALS, MULTIVITAMINS) TABLET",Dysphagia,6,15.279098873592,4,0.333333333333333,FALSE,0.270528762897433,56.9246097641979,Moderate (50-80th)
CITRACAL CALCIUM + D SLOW RELEASE 1200,Foreign Body,6,8.30123008899722,4,0.333333333333333,FALSE,0.270528762897433,56.9246097641979,Moderate (50-80th)
HYDROXYCUT,Hepatitis,6,8.71267454350161,4,0.333333333333333,FALSE,0.270528762897433,56.9246097641979,Moderate (50-80th)
HYDROXYCUT CARB CONTROL CAPSULES,Emotional Distress,6,118.615384615385,4,0.333333333333333,FALSE,0.270528762897433,56.9246097641979,Moderate (50-80th)
OMEGAPLEX,Paraesthesia,6,7.56482630272953,4,0.333333333333333,FALSE,0.270528762897433,56.9246097641979,Moderate (50-80th)
PRESERVISION AREDS 2,Blood Zinc Increased,6,51.0175252257037,4,0.333333333333333,FALSE,0.270528762897433,56.9246097641979,Moderate (50-80th)
REUMOFAN PLUS,Blood Glucose Increased,6,11.6842861705525,4,0.333333333333333,FALSE,0.270528762897433,56.9246097641979,Moderate (50-80th)
AZO BLADDER CONTROL,Hypersensitivity,6,4.24389183549257,3,0.833333333333333,FALSE,0.270528762897433,56.9246097641979,Moderate (50-80th)
HERBALIFE AMINOGEN,Vomiting,6,3.104952930201,3,0.833333333333333,FALSE,0.270528762897433,56.9246097641979,Moderate (50-80th)
HERBALIFE CELL ACTIVATOR,Chest Pain,6,2.62835579514825,3,0.833333333333333,FALSE,0.270528762897433,56.9246097641979,Moderate (50-80th)
HERBALIFE MULTIVITAMIN COMPLEX FORMULA 2,Diarrhoea,6,2.74031929029964,3,0.833333333333333,FALSE,0.270528762897433,56.9246097641979,Moderate (50-80th)
HERBALIFE SNACK DEFENSE,Nausea,6,2.87000489955904,3,0.833333333333333,FALSE,0.270528762897433,56.9246097641979,Moderate (50-80th)
HYDROXYCUT,Myocardial Infarction,6,2.60317715019255,3,0.833333333333333,FALSE,0.270528762897433,56.9246097641979,Moderate (50-80th)
ISAGENIX NATURAL ACCELERATOR,Abdominal Pain,6,2.60823529411765,3,0.833333333333333,FALSE,0.270528762897433,56.9246097641979,Moderate (50-80th)
LEPTIBURN,Abdominal Pain Upper,6,2.68217054263566,3,0.833333333333333,FALSE,0.270528762897433,56.9246097641979,Moderate (50-80th)
PLEXUS BOOST,Dyspnoea,6,3.81380693211114,3,0.833333333333333,FALSE,0.270528762897433,56.9246097641979,Moderate (50-80th)
PLEXUS PROBIO 5,Vomiting,6,2.44597574421169,3,0.833333333333333,FALSE,0.270528762897433,56.9246097641979,Moderate (50-80th)
HYDROXYCUT CAFFEINE-FREE CAPLETS,Pain,11,7.23840345199569,4,0.272727272727273,FALSE,0.270298713898443,56.8249750913318,Moderate (50-80th)
OMEGAPLEX,Abdominal Pain,11,5.10569987629651,4,0.272727272727273,FALSE,0.270298713898443,56.8249750913318,Moderate (50-80th)
SUPER BETA VIRILITY BOOST,Urinary Retention,11,19.4304734264466,4,0.272727272727273,FALSE,0.270298713898443,56.8249750913318,Moderate (50-80th)
HERBALIFE CELL ACTIVATOR,Diarrhoea,12,2.22031968668883,3,0.75,FALSE,0.266057525794866,56.7917635337097,Moderate (50-80th)
HERBALIFE TOTAL CONTROL,Dizziness,9,2.50937993003635,3,0.777777777777778,FALSE,0.26587065271196,56.7585519760877,Moderate (50-80th)
PLEXUS SLIM,Nausea,17,2.25236738820818,3,0.705882352941177,FALSE,0.263137942023822,56.7253404184656,Moderate (50-80th)
"CENTRUM SILVER MEN'S 50+ (MULTIMINERALS, MULTIVITAMINS) TABLET",Foreign Body,13,4.55649766271126,4,0.230769230769231,FALSE,0.262658899442104,56.6921288608436,Moderate (50-80th)
CENTRUM SILVER WOMEN'S 50+ TABLET,Dysphagia,7,9.50959933222037,4,0.285714285714286,FALSE,0.260808489899521,56.5592826303554,Moderate (50-80th)
OMEGAPLEX,Convulsion,7,6.66730453799891,4,0.285714285714286,FALSE,0.260808489899521,56.5592826303554,Moderate (50-80th)
"PRESERVISION AREDS 2 FORMULA SOFT GELS (CAPSULE, SOFT)",Eye Haemorrhage,7,25.3740878629933,4,0.285714285714286,FALSE,0.260808489899521,56.5592826303554,Moderate (50-80th)
REUMOFAN PLUS,Heart Rate Increased,7,3.68374150393786,3,0.285714285714286,TRUE,0.260808489899521,56.5592826303554,Moderate (50-80th)
HERBALIFE TOTAL CONTROL,Vomiting,11,2.42788106948774,3,0.727272727272727,FALSE,0.256662350262079,56.5260710727333,Moderate (50-80th)
AZO CRANBERRY,Choking,5,3.08520049032617,3,0.8,FALSE,0.255128991946204,56.1275323812687,Moderate (50-80th)
CELL-U-LOSS,Dyspnoea,5,3.88363879343261,3,0.8,FALSE,0.255128991946204,56.1275323812687,Moderate (50-80th)
GARCINIA CAMBOGIA,Fatigue,5,5.04715030192737,3,0.8,FALSE,0.255128991946204,56.1275323812687,Moderate (50-80th)
HERBALIFE CELL-U-LOSS,Urticaria,5,3.05058351157642,3,0.8,FALSE,0.255128991946204,56.1275323812687,Moderate (50-80th)
HERBALIFE THERMO-BOND,Diarrhoea,5,2.77240094511087,3,0.8,FALSE,0.255128991946204,56.1275323812687,Moderate (50-80th)
HERBALIFE THERMO-BOND,Headache,5,3.67781796262809,3,0.8,FALSE,0.255128991946204,56.1275323812687,Moderate (50-80th)
HYDROXYCUT HARDCORE,Loss Of Consciousness,5,4.85472636815921,3,0.8,FALSE,0.255128991946204,56.1275323812687,Moderate (50-80th)
HYDROXYCUT REGULAR RAPID RELEASE CAPLETS,Cardiac Arrest,5,4.74046278924328,3,0.8,FALSE,0.255128991946204,56.1275323812687,Moderate (50-80th)
PLEXUS BIOCLEANSE,Diarrhoea,5,3.10527989821883,3,0.8,FALSE,0.255128991946204,56.1275323812687,Moderate (50-80th)
PLEXUS SLIM HUNGER CONTROL,Vomiting,5,3.05731606503169,3,0.8,FALSE,0.255128991946204,56.1275323812687,Moderate (50-80th)
PLEXUS SLIM MICROBIOME ACTIVATING,Dyspnoea,5,3.67916139145114,3,0.8,FALSE,0.255128991946204,56.1275323812687,Moderate (50-80th)
PROBIO 5,Diarrhoea,5,4.56733647657536,3,0.8,FALSE,0.255128991946204,56.1275323812687,Moderate (50-80th)
"CENTRUM SILVER ADULTS 50+ (MULTIMINERALS, MULTIVITAMINS) TABLET",Throat Irritation,8,4.57290322580645,4,0.25,FALSE,0.254048969313672,55.9946861507805,Moderate (50-80th)
EXTENZE PLUS,Cold Sweat,8,78.8929292929293,4,0.25,FALSE,0.254048969313672,55.9946861507805,Moderate (50-80th)
PLEXUS PROBIO5,Diarrhoea,8,2.95920316550689,3,0.75,FALSE,0.254048969313672,55.9946861507805,Moderate (50-80th)
SUPER BETA PROSTATE,Fluid Retention,8,3.93083003952569,3,0.75,FALSE,0.254048969313672,55.9946861507805,Moderate (50-80th)
14-DAY ACAI BERRY CLEANSE,Constipation,3,15.6172707889126,4,0.333333333333333,FALSE,0.25,50.4151444702757,Moderate (50-80th)
5-HOUR ENERGY,Vitamin B12 Increased,3,52.7742517129463,4,0.333333333333333,FALSE,0.25,50.4151444702757,Moderate (50-80th)
5-HOUR ENERGY POMEGRANATE,Convulsion,3,35.3024096385542,4,0.333333333333333,FALSE,0.25,50.4151444702757,Moderate (50-80th)
ADVOCARE MNS 3,Dehydration,3,27.5276211950395,4,0.333333333333333,FALSE,0.25,50.4151444702757,Moderate (50-80th)
ADVOCARE OMEGAPLEX,Hyperhidrosis,3,8.31257804518106,4,0.333333333333333,FALSE,0.25,50.4151444702757,Moderate (50-80th)
AG1 WHOLE FOOD,Pruritus,3,9.95853161114888,4,0.333333333333333,FALSE,0.25,50.4151444702757,Moderate (50-80th)
AG1 WHOLE FOOD DIETARY SUPPLEMENT,Atrial Fibrillation,3,7.81518257527226,4,0.333333333333333,FALSE,0.25,50.4151444702757,Moderate (50-80th)
AG1 WHOLE FOOD POUCH 360G NON SPECIFIC,Pancreatitis,3,7.57545459255038,4,0.333333333333333,FALSE,0.25,50.4151444702757,Moderate (50-80th)
AGELOC TR90 FIT (US),Abdominal Pain,3,8.60187903699354,4,0.333333333333333,FALSE,0.25,50.4151444702757,Moderate (50-80th)
ALL DAY ENERGY GREENS,Influenza,3,15.6948387096774,4,0.333333333333333,FALSE,0.25,50.4151444702757,Moderate (50-80th)
AZO CRANBERRY TABLETS,Hypersensitivity,3,13.1453566621804,4,0.333333333333333,FALSE,0.25,50.4151444702757,Moderate (50-80th)
BENEFIBER (NCH),Diverticulitis,3,36.7112781954887,4,0.333333333333333,FALSE,0.25,50.4151444702757,Moderate (50-80th)
BENEFIBER SUGAR FREE (NCH) (WHEAT DEXTRIN) CHEWABLE TABLET,Fall,3,19.1458823529412,4,0.333333333333333,FALSE,0.25,50.4151444702757,Moderate (50-80th)
BENEFIBER SUGAR FREE (NCH) (WHEAT DEXTRIN) CHEWABLE TABLET,Influenza,3,162.74,4,0.333333333333333,FALSE,0.25,50.4151444702757,Moderate (50-80th)
BENEFIBER W WHEAT DEXTRIN (NCH) (WHEAT DEXTRIN) POWDER,Frequent Bowel Movements,3,13.9575057295646,4,0.333333333333333,FALSE,0.25,50.4151444702757,Moderate (50-80th)
BENEFIBER WITH WHEAT DEXTRIN (NCH) (WHEAT DEXTRIN) POWDER,Sinusitis,3,18.6100076394194,4,0.333333333333333,FALSE,0.25,50.4151444702757,Moderate (50-80th)
BIOTIN,Hyperhidrosis,3,9.56005221932115,4,0.333333333333333,FALSE,0.25,50.4151444702757,Moderate (50-80th)
BIOTRUST IC-5,Hyperhidrosis,3,11.2478113960989,4,0.333333333333333,FALSE,0.25,50.4151444702757,Moderate (50-80th)
BODYDYNAMIX SLIMVANCE THERMOGENIC,Feeling Abnormal,3,10.2890262751159,4,0.333333333333333,FALSE,0.25,50.4151444702757,Moderate (50-80th)
BULLETPROOF BRAIN OCTANE OIL,Dizziness,3,8.49582463465553,4,0.333333333333333,FALSE,0.25,50.4151444702757,Moderate (50-80th)
CALCIUM CARBONATE,Nephrolithiasis,3,12.256841576701,4,0.333333333333333,FALSE,0.25,50.4151444702757,Moderate (50-80th)
"CALTRATE 600 + VITAMIN D (CALCIUM CARBONATE, CHOLECALCIFEROL) TABLET",Neoplasm Malignant,3,8.34158444076884,4,0.333333333333333,FALSE,0.25,50.4151444702757,Moderate (50-80th)
CATALYST - NONSPECIFIC,Blood Pressure Increased,3,15.0725308641975,4,0.333333333333333,FALSE,0.25,50.4151444702757,Moderate (50-80th)
CATALYST BOTTLE,Hypoaesthesia,3,9.0262573964497,4,0.333333333333333,FALSE,0.25,50.4151444702757,Moderate (50-80th)
CELL ACTIVATOR,Hepatic Enzyme Increased,3,11.6381118881119,4,0.333333333333333,FALSE,0.25,50.4151444702757,Moderate (50-80th)
CENTRUM MULTIGUMMIES ADULTS 50+,Foreign Body,3,8.97573529411765,4,0.333333333333333,FALSE,0.25,50.4151444702757,Moderate (50-80th)
"CENTRUM SILVER (MULTIMINERALS, MULTIVITAMINS) TABLET",Body Height Decreased,3,10.5490380442644,4,0.333333333333333,FALSE,0.25,50.4151444702757,Moderate (50-80th)
"CENTRUM SILVER (MULTIMINERALS, MULTIVITAMINS) TABLET",Osteoporosis,3,12.3403841272527,4,0.333333333333333,FALSE,0.25,50.4151444702757,Moderate (50-80th)
"CENTRUM SILVER ADULTS 50+(MULTIMINERALS, MULTIVITAMINS) TABLET",Retching,3,8.26201760324983,4,0.333333333333333,FALSE,0.25,50.4151444702757,Moderate (50-80th)
CENTRUM SILVER MEN'S 50+,Prostate Cancer,3,11.3586753731343,4,0.333333333333333,FALSE,0.25,50.4151444702757,Moderate (50-80th)
"CENTRUM SILVER MEN'S 50+ (MULTIMINERALS, MULTIVITAMINS) TABLET",Blood Disorder,3,23.6587378640777,4,0.333333333333333,FALSE,0.25,50.4151444702757,Moderate (50-80th)
CENTRUM SILVER WOMEN 50+,Discomfort,3,7.84611671315168,4,0.333333333333333,FALSE,0.25,50.4151444702757,Moderate (50-80th)
CENTRUM SILVER WOMEN'S 50+,Vitamin D Increased,3,21.1347826086957,4,0.333333333333333,FALSE,0.25,50.4151444702757,Moderate (50-80th)
CENTRUM SILVER WOMENS 50+ MULTIMINERALS MULTIVITAMIN,Choking Sensation,3,11.7195161031886,4,0.333333333333333,FALSE,0.25,50.4151444702757,Moderate (50-80th)
CITRACAL (CHOLECALCIFEROL + CALCIUM CITRATE) COATED TABLET,Retching,3,9.63981042654028,4,0.333333333333333,FALSE,0.25,50.4151444702757,Moderate (50-80th)
"CITRACAL, MAXIMUM, BAYER",Foreign Body,3,7.69317226890756,4,0.333333333333333,FALSE,0.25,50.4151444702757,Moderate (50-80th)
COSEVA ADVANCED TRS,Weight Increased,3,91.1082089552239,4,0.333333333333333,FALSE,0.25,50.4151444702757,Moderate (50-80th)
CULTURELLE DIGESTIVE HEALTH CAPSULES,Body Temperature Increased,3,43.8059210526316,4,0.333333333333333,FALSE,0.25,50.4151444702757,Moderate (50-80th)
DIGESTIVE ADVANTAGE PROBIOTIC GUMMIES,Abdominal Distension,3,50.7299168975069,4,0.333333333333333,FALSE,0.25,50.4151444702757,Moderate (50-80th)
DUAL ACTION CLEANSE TOTAL BODY PURIFIER,Abdominal Distension,3,22.5443213296399,4,0.333333333333333,FALSE,0.25,50.4151444702757,Moderate (50-80th)
ENDLESS YOUTH DIETARY SUPPLEMENT 30 DAY KIT,Urticaria,3,19.2108575924469,4,0.333333333333333,FALSE,0.25,50.4151444702757,Moderate (50-80th)
ENDLESS YOUTH VITAMIN SUPPLEMENT,Erythema,3,18.2674897119342,4,0.333333333333333,FALSE,0.25,50.4151444702757,Moderate (50-80th)
ENDLESS YOUTH VITAMIN SUPPLEMENT,Swelling,3,15.9676258992806,4,0.333333333333333,FALSE,0.25,50.4151444702757,Moderate (50-80th)
EXTENZE,Pyrexia,3,10.6975673898751,4,0.333333333333333,FALSE,0.25,50.4151444702757,Moderate (50-80th)
EXTENZE PLUS,Hot Flush,3,39.5797297297297,4,0.333333333333333,FALSE,0.25,50.4151444702757,Moderate (50-80th)
FERROUS SULFATE,Constipation,3,9.18531293114261,4,0.333333333333333,FALSE,0.25,50.4151444702757,Moderate (50-80th)
FIBER DRINK,Convulsion,3,35.3024096385542,4,0.333333333333333,FALSE,0.25,50.4151444702757,Moderate (50-80th)
FINEST NUTRITION FREE & PURE B-COMPLEX WITH VITAMIN C,Erythema,3,50.2427983539095,4,0.333333333333333,FALSE,0.25,50.4151444702757,Moderate (50-80th)
FLINSTONES COMPLETE MULTIVITAMINS CHEWABLE TABLET,Drug Dependence,3,41.0302521008403,4,0.333333333333333,FALSE,0.25,50.4151444702757,Moderate (50-80th)
FLINTSTONES COMPLETE MULTIVITAMINS CHEWABLE TABLET,Stomach Discomfort,3,26.1992481203008,4,0.333333333333333,FALSE,0.25,50.4151444702757,Moderate (50-80th)
FORMULA 2 MULTIVITAMIN COMPLEX,Hepatic Enzyme Increased,3,15.0626285479227,4,0.333333333333333,FALSE,0.25,50.4151444702757,Moderate (50-80th)
FRUTA PLANTA,Hypertension,3,12.3876860622463,4,0.333333333333333,FALSE,0.25,50.4151444702757,Moderate (50-80th)
GNC TRIPLE STRENGTH FISH OIL,Dyspnoea,3,8.38609044075558,4,0.333333333333333,FALSE,0.25,50.4151444702757,Moderate (50-80th)
GO RUBY GO,Cerebrovascular Accident,3,8.83068017366136,4,0.333333333333333,FALSE,0.25,50.4151444702757,Moderate (50-80th)
GREEN TEA FAT BURNER,Abdominal Distension,3,10.1426592797784,4,0.333333333333333,FALSE,0.25,50.4151444702757,Moderate (50-80th)
GREEN TEA FAT BURNER,Decreased Appetite,3,12.0444078947368,4,0.333333333333333,FALSE,0.25,50.4151444702757,Moderate (50-80th)
"HERBAL CLEANSE PACK (RESTORE, HERBAL CLEANSE)",Nausea,3,12.4330448065173,4,0.333333333333333,FALSE,0.25,50.4151444702757,Moderate (50-80th)
HERBAL CLEANSE WITH CITRUS FIBER DRINK,Blood Potassium Decreased,3,40.6406770255272,4,0.333333333333333,FALSE,0.25,50.4151444702757,Moderate (50-80th)
HERBALIFE CELL ACTIVATOR,Ear Infection,3,75.7080745341615,4,0.333333333333333,FALSE,0.25,50.4151444702757,Moderate (50-80th)
HYDROXYCUT 24,Liver Injury,3,55.8292682926829,4,0.333333333333333,FALSE,0.25,50.4151444702757,Moderate (50-80th)
HYDROXYCUT CAFFEINE FREE CAPLETS,Cardio-Respiratory Distress,3,307.726890756303,4,0.333333333333333,FALSE,0.25,50.4151444702757,Moderate (50-80th)
HYDROXYCUT CAFFEINE-FREE CAPLETS,Cardiac Disorder,3,12.406779661017,4,0.333333333333333,FALSE,0.25,50.4151444702757,Moderate (50-80th)
HYDROXYCUT CAFFEINE-FREE CAPLETS,Hepatitis,3,18.391959798995,4,0.333333333333333,FALSE,0.25,50.4151444702757,Moderate (50-80th)
HYDROXYCUT CAFFEINE-FREE CAPLETS,Myalgia,3,10.1385041551247,4,0.333333333333333,FALSE,0.25,50.4151444702757,Moderate (50-80th)
HYDROXYCUT HARDCORE,Blood Creatine Phosphokinase Increased,3,21.525,4,0.333333333333333,FALSE,0.25,50.4151444702757,Moderate (50-80th)
HYDROXYCUT HARDCORE,Myalgia,3,8.10914127423823,4,0.333333333333333,FALSE,0.25,50.4151444702757,Moderate (50-80th)
HYDROXYCUT MAX LIQUID CAPS,Cardio-Respiratory Distress,3,130.5,4,0.333333333333333,FALSE,0.25,50.4151444702757,Moderate (50-80th)
HYDROXYCUT NATURAL CAPLETS,Discomfort,3,36.5077268195414,4,0.333333333333333,FALSE,0.25,50.4151444702757,Moderate (50-80th)
HYDROXYCUT NATURAL CAPLETS,Liver Injury,3,26.2677546628408,4,0.333333333333333,FALSE,0.25,50.4151444702757,Moderate (50-80th)
HYDROXYCUT REGULAR DRINK MIX SACHETS,Liver Function Test Abnormal,3,13.7286276715411,4,0.333333333333333,FALSE,0.25,50.4151444702757,Moderate (50-80th)
HYDROXYCUT REGULAR RAPID RELEASE,Hepatocellular Injury,3,90.4166666666667,4,0.333333333333333,FALSE,0.25,50.4151444702757,Moderate (50-80th)
HYDROXYCUT REGULAR RAPID RELEASE CAPLETS,Renal Transplant,3,88.7414634146341,4,0.333333333333333,FALSE,0.25,50.4151444702757,Moderate (50-80th)
HYDROXYCUT REGULAR RAPID RELEASE CAPLETS (NO PREF. NAME),Convulsion,3,16.044578313253,4,0.333333333333333,FALSE,0.25,50.4151444702757,Moderate (50-80th)
HYDROXYCUT REGULAR RAPID RELEASE CAPLETS (NO PREF. NAME),Hepatitis,3,66.9195979899498,4,0.333333333333333,FALSE,0.25,50.4151444702757,Moderate (50-80th)
HYDROXYCUT REGULAR RAPID RELEASE CAPLETS (NO PREF. NAME),Renal Disorder,3,52.2235294117647,4,0.333333333333333,FALSE,0.25,50.4151444702757,Moderate (50-80th)
HYDROXYCUT REGULAR RELEASE CAPLETS,Emotional Distress,3,117.204,4,0.333333333333333,FALSE,0.25,50.4151444702757,Moderate (50-80th)
HYDROXYCUT REGULAR RELEASE CAPLETS,Pain,3,15.7363050483351,4,0.333333333333333,FALSE,0.25,50.4151444702757,Moderate (50-80th)
HYDROXYCUT WEIGHT LOSS SHOT,Rhabdomyolysis,3,75.9834024896266,4,0.333333333333333,FALSE,0.25,50.4151444702757,Moderate (50-80th)
HYDROXYCUT WITH EPHEDRA,Cardio-Respiratory Distress,3,153.819327731092,4,0.333333333333333,FALSE,0.25,50.4151444702757,Moderate (50-80th)
HYDROXYCUT WITH EPHEDRA,Myalgia,3,14.4871388998813,4,0.333333333333333,FALSE,0.25,50.4151444702757,Moderate (50-80th)
HYDROXYCUT WITH EPHEDRA,Obesity,3,163.433035714286,4,0.333333333333333,FALSE,0.25,50.4151444702757,Moderate (50-80th)
LACTAID FAST ACT ULTRA,Diarrhoea,3,11.642403051494,4,0.333333333333333,FALSE,0.25,50.4151444702757,Moderate (50-80th)
LIBIDO MAX,Blood Pressure Increased,3,10.7656525573192,4,0.333333333333333,FALSE,0.25,50.4151444702757,Moderate (50-80th)
LIPODRENE,Heart Rate Increased,3,9.77251501000667,4,0.333333333333333,FALSE,0.25,50.4151444702757,Moderate (50-80th)
MELATONIN,Suicidal Ideation,3,12.8517607798367,4,0.333333333333333,FALSE,0.25,50.4151444702757,Moderate (50-80th)
MNS MAX C (MAXIMUM APPETITE CONTROL),Convulsion,3,10.3805102763997,4,0.333333333333333,FALSE,0.25,50.4151444702757,Moderate (50-80th)
MNS MAX C MAXIMUM APPETITE CONTROL,Nausea,3,9.32459266802444,4,0.333333333333333,FALSE,0.25,50.4151444702757,Moderate (50-80th)
MODERE ACTIVATE 3CT,Nausea,3,7.45952138492872,4,0.333333333333333,FALSE,0.25,50.4151444702757,Moderate (50-80th)
MODERE TRIM VANILLA,Abdominal Discomfort,3,15.9401523394995,4,0.333333333333333,FALSE,0.25,50.4151444702757,Moderate (50-80th)
"NATURE'S BOUNTY EXTRA STRENGTH HAIR, SKIN & NAILS",Swollen Tongue,3,124.584183673469,4,0.333333333333333,FALSE,0.25,50.4151444702757,Moderate (50-80th)
NATURE'S BOUNTY ZINC,Foreign Body,3,13.4647058823529,4,0.333333333333333,FALSE,0.25,50.4151444702757,Moderate (50-80th)
NATUREMADE FISH OIL 1200 MG,Foreign Body Trauma,3,15.2121495327103,4,0.333333333333333,FALSE,0.25,50.4151444702757,Moderate (50-80th)
NATUREMADE IRON,Adverse Event,3,84.7760416666667,4,0.333333333333333,FALSE,0.25,50.4151444702757,Moderate (50-80th)
NATUREMADE IRON 65 MG,Change Of Bowel Habit,3,1085.22222222222,4,0.333333333333333,FALSE,0.25,50.4151444702757,Moderate (50-80th)
NATUREMADE IRON 65 MG,Dyspepsia,3,38.7067371202114,4,0.333333333333333,FALSE,0.25,50.4151444702757,Moderate (50-80th)
NATUREMADE IRON 65 MG,Malabsorption,3,1831.3125,4,0.333333333333333,FALSE,0.25,50.4151444702757,Moderate (50-80th)
NATUREMADE IRON 65 MG,Rash,3,22.3671755725191,4,0.333333333333333,FALSE,0.25,50.4151444702757,Moderate (50-80th)
NATUREMADE IRON 65 MG,Rash Papular,3,514.052631578947,4,0.333333333333333,FALSE,0.25,50.4151444702757,Moderate (50-80th)
NATUREMADE SUPER B COMPLEX TABLET,Computerised Tomogram Abnormal,3,77.4952380952381,4,0.333333333333333,FALSE,0.25,50.4151444702757,Moderate (50-80th)
NOSE SLAP,Seizure,3,107.085526315789,4,0.333333333333333,FALSE,0.25,50.4151444702757,Moderate (50-80th)
NOSE SLAP,Syncope,3,29.0660714285714,4,0.333333333333333,FALSE,0.25,50.4151444702757,Moderate (50-80th)
NUGENIX TOTAL-T,Heart Rate Increased,3,8.88392261507672,4,0.333333333333333,FALSE,0.25,50.4151444702757,Moderate (50-80th)
NUTRAFOL WOMENS BALANCE HAIR GROWTH NUTRACEUTICAL,Pharyngeal Swelling,3,22.4007352941176,4,0.333333333333333,FALSE,0.25,50.4151444702757,Moderate (50-80th)
NUTRILITE CHEWABLE VITAMIN E,Dizziness,3,10.1951983298539,4,0.333333333333333,FALSE,0.25,50.4151444702757,Moderate (50-80th)
NUTRILITE CHEWABLE VITAMIN E,Nausea,3,7.45952138492872,4,0.333333333333333,FALSE,0.25,50.4151444702757,Moderate (50-80th)
NUTRILITE CHEWABLE VITAMIN E,Vomiting,3,8.06967777471771,4,0.333333333333333,FALSE,0.25,50.4151444702757,Moderate (50-80th)
NUTRILITE LIVER SUPPORT TABLET,Abdominal Pain Upper,3,12.0637351778656,4,0.333333333333333,FALSE,0.25,50.4151444702757,Moderate (50-80th)
NUTRILITE NATURAL B COMPLEX TABLET,Asthenia,3,37.8875096974399,4,0.333333333333333,FALSE,0.25,50.4151444702757,Moderate (50-80th)
NUTRILITE SLIMMETRY,Yellow Skin,3,105.666666666667,4,0.333333333333333,FALSE,0.25,50.4151444702757,Moderate (50-80th)
ONE A DAY WEIGHTSMART ADVANCED,Heart Rate Increased,3,12.216144096064,4,0.333333333333333,FALSE,0.25,50.4151444702757,Moderate (50-80th)
ONE-A-DAY WOMEN'S ACTIVE MIND AND BODY,Nausea,3,7.45952138492872,4,0.333333333333333,FALSE,0.25,50.4151444702757,Moderate (50-80th)
OXYELITE,Blood Bilirubin Increased,3,44.4726775956284,4,0.333333333333333,FALSE,0.25,50.4151444702757,Moderate (50-80th)
PERFORMIX SST,Chest Pain,3,15.7593588640275,4,0.333333333333333,FALSE,0.25,50.4151444702757,Moderate (50-80th)
PHILLIP'S COLON HEALTH,Abdominal Distension,3,14.491294024535,4,0.333333333333333,FALSE,0.25,50.4151444702757,Moderate (50-80th)
PHILLIPS' COLON HEALTH,Haematochezia,3,8.17165178571429,4,0.333333333333333,FALSE,0.25,50.4151444702757,Moderate (50-80th)
PLEXUS EASE,Abdominal Pain,3,9.55783910745743,4,0.333333333333333,FALSE,0.25,50.4151444702757,Moderate (50-80th)
PLEXUS SLIM,Vertigo,3,8.14514871337863,4,0.333333333333333,FALSE,0.25,50.4151444702757,Moderate (50-80th)
PRESERVISION AREDS 2,Medication Residue Present,3,14.8801115241636,4,0.333333333333333,FALSE,0.25,50.4151444702757,Moderate (50-80th)
PRESERVISION AREDS 2,Ocular Discomfort,3,29.7602230483271,4,0.333333333333333,FALSE,0.25,50.4151444702757,Moderate (50-80th)
PRESERVISION AREDS 2,Retinal Haemorrhage,3,10.5036081347037,4,0.333333333333333,FALSE,0.25,50.4151444702757,Moderate (50-80th)
PRESERVISION AREDS 2,Skin Cancer,3,11.1600836431227,4,0.333333333333333,FALSE,0.25,50.4151444702757,Moderate (50-80th)
PRESERVISION AREDS 2 FORMULA SOFT GELS,Ill-Defined Disorder,3,12.0059523809524,4,0.333333333333333,FALSE,0.25,50.4151444702757,Moderate (50-80th)
PRESERVISION AREDS 2 FORMULA SOFT GELS,Lower Limb Fracture,3,24.0119047619048,4,0.333333333333333,FALSE,0.25,50.4151444702757,Moderate (50-80th)
PRESERVISION AREDS 2 FORMULA SOFT GELS,Vitreous Floaters,3,15.280303030303,4,0.333333333333333,FALSE,0.25,50.4151444702757,Moderate (50-80th)
"PRESERVISION AREDS 2 FORMULA SOFT GELS (CAPSULE, SOFT)",Visual Acuity Reduced,3,9.939158840343,4,0.333333333333333,FALSE,0.25,50.4151444702757,Moderate (50-80th)
PRESERVISION AREDS 2 SOFT GELS,Haemorrhage,3,8.78967587034814,4,0.333333333333333,FALSE,0.25,50.4151444702757,Moderate (50-80th)
"PRESERVISION AREDS 2 SOFT GELS (CAPSULE, SOFT)",Visual Field Defect,3,120.954545454545,4,0.333333333333333,FALSE,0.25,50.4151444702757,Moderate (50-80th)
PREVAGEN REGULAR STRENGTH,Vertigo,3,11.7861457913814,4,0.333333333333333,FALSE,0.25,50.4151444702757,Moderate (50-80th)
PROTANDIM US,Local Swelling,3,11.8383233532934,4,0.333333333333333,FALSE,0.25,50.4151444702757,Moderate (50-80th)
PURITAN'S PRIDE GINKGO BILOBA,Atrial Fibrillation,3,29.8587443946188,4,0.333333333333333,FALSE,0.25,50.4151444702757,Moderate (50-80th)
PURITAN'S PRIDE GREEN TEA EXTRACT,Atrial Fibrillation,3,65.6973094170404,4,0.333333333333333,FALSE,0.25,50.4151444702757,Moderate (50-80th)
PURITAN'S PRIDE KLAMATH LAKE BLUE GREEN ALGAE,Asthenia,3,28.4150504266874,4,0.333333333333333,FALSE,0.25,50.4151444702757,Moderate (50-80th)
PURITAN'S PRIDE NIACIN 500MG COATED CAPLETS,Fall,3,26.5123981900453,4,0.333333333333333,FALSE,0.25,50.4151444702757,Moderate (50-80th)
PURITAN'S PRIDE NIACIN 500MG COATED CAPLETS,Paraesthesia,3,17.9709238130291,4,0.333333333333333,FALSE,0.25,50.4151444702757,Moderate (50-80th)
RED BULL ENERGY DRINK,Anxiety,3,11.7227112676056,4,0.333333333333333,FALSE,0.25,50.4151444702757,Moderate (50-80th)
RED BULL ENERGY DRINK,Heart Rate Abnormal,3,99.3805970149254,4,0.333333333333333,FALSE,0.25,50.4151444702757,Moderate (50-80th)
RELACORE,Irritability,3,18.757785467128,4,0.333333333333333,FALSE,0.25,50.4151444702757,Moderate (50-80th)
REUMOFAN PLUS,Gastrointestinal Haemorrhage,3,16.6213084961381,4,0.333333333333333,FALSE,0.25,50.4151444702757,Moderate (50-80th)
REUMOFAN PLUS,Urinary Tract Infection,3,7.5406575285994,4,0.333333333333333,FALSE,0.25,50.4151444702757,Moderate (50-80th)
REUMOFAN PLUS,White Blood Cell Count Increased,3,15.1296526054591,4,0.333333333333333,FALSE,0.25,50.4151444702757,Moderate (50-80th)
RHEUMACARE,Blood Lead Increased,3,1744.17857142857,4,0.333333333333333,FALSE,0.25,50.4151444702757,Moderate (50-80th)
SCHIFF MOVE FREE ADVANCED,Diarrhoea,3,9.31373172282263,4,0.333333333333333,FALSE,0.25,50.4151444702757,Moderate (50-80th)
SIMILAC PRENATAL(SIMILAC PRENATAL VITAMIN),Abortion Spontaneous,3,200.151639344262,4,0.333333333333333,FALSE,0.25,50.4151444702757,Moderate (50-80th)
SKINNY PILL,Cardiac Disorder,3,62.0745762711865,4,0.333333333333333,FALSE,0.25,50.4151444702757,Moderate (50-80th)
SKINNY PILL,Headache,3,7.72006745362563,4,0.333333333333333,FALSE,0.25,50.4151444702757,Moderate (50-80th)
SLOW FE BROWN (NCH) (FERROUS SULFATE) TABLET,Overdose,3,19.5462555066079,4,0.333333333333333,FALSE,0.25,50.4151444702757,Moderate (50-80th)
SPARK ENERGY DRINK MANGO-STRAWBERRY 14 CT,Chest Pain,3,15.7593588640275,4,0.333333333333333,FALSE,0.25,50.4151444702757,Moderate (50-80th)
STACKER 2 EPHEDRA FREE,Anxiety,3,42.9903169014085,4,0.333333333333333,FALSE,0.25,50.4151444702757,Moderate (50-80th)
SUPER BETA PROSTATE,Testicular Swelling,3,21.6195652173913,4,0.333333333333333,FALSE,0.25,50.4151444702757,Moderate (50-80th)
SUPER BETA PROSTATE P3 ADVANCED,Haematospermia,3,31.7081339712919,4,0.333333333333333,FALSE,0.25,50.4151444702757,Moderate (50-80th)
SUPER BETA PROSTATE P3 ADVANCED,Prostatic Disorder,3,19.4340175953079,4,0.333333333333333,FALSE,0.25,50.4151444702757,Moderate (50-80th)
SUPER BETA PROSTATE P3 ADVANCED,Prostatomegaly,3,8.8596256684492,4,0.333333333333333,FALSE,0.25,50.4151444702757,Moderate (50-80th)
SUPER BETA PROSTATE P3 ADVANCED,Urine Output Decreased,3,20.7742946708464,4,0.333333333333333,FALSE,0.25,50.4151444702757,Moderate (50-80th)
SUPER DETOX,Abdominal Distension,3,67.6412742382272,4,0.333333333333333,FALSE,0.25,50.4151444702757,Moderate (50-80th)
SYNC,Heart Rate Increased,3,7.51685739210756,4,0.333333333333333,FALSE,0.25,50.4151444702757,Moderate (50-80th)
THE BODY SHOT BAR STEP 2,Dizziness,3,16.9926931106472,4,0.333333333333333,FALSE,0.25,50.4151444702757,Moderate (50-80th)
THE BODY SHOT BAR STEP 2,Heart Rate Increased,3,32.5797198132088,4,0.333333333333333,FALSE,0.25,50.4151444702757,Moderate (50-80th)
TIANEPTINE,Dependence,3,36.6599099099099,4,0.333333333333333,FALSE,0.25,50.4151444702757,Moderate (50-80th)
TOTAL CONTROL,Constipation,3,9.18531293114261,4,0.333333333333333,FALSE,0.25,50.4151444702757,Moderate (50-80th)
TOTAL LEAN CLA,Dizziness,3,12.7442588726514,4,0.333333333333333,FALSE,0.25,50.4151444702757,Moderate (50-80th)
TRIVEREX,Heart Rate Irregular,3,9.47378640776699,4,0.333333333333333,FALSE,0.25,50.4151444702757,Moderate (50-80th)
TRUBIOTICS (BIFIDOBACTERIUM + LACTOBACILLUS) CAPSULE,Haemorrhage,3,7.69033613445378,4,0.333333333333333,FALSE,0.25,50.4151444702757,Moderate (50-80th)
TRUVY TRUFIX,Hyperhidrosis,3,14.7098815023097,4,0.333333333333333,FALSE,0.25,50.4151444702757,Moderate (50-80th)
UMARY HYALURONIC ACID,Weight Increased,3,32.1485952589991,4,0.333333333333333,FALSE,0.25,50.4151444702757,Moderate (50-80th)
VANILLA PROTEIN TIN,Gastric Disorder,3,212.334782608696,4,0.333333333333333,FALSE,0.25,50.4151444702757,Moderate (50-80th)
VANILLA PROTEIN TIN,Vomiting,3,13.4500137703112,4,0.333333333333333,FALSE,0.25,50.4151444702757,Moderate (50-80th)
YOUTHEORY TURMERIC,Chromaturia,3,55.3673469387755,4,0.333333333333333,FALSE,0.25,50.4151444702757,Moderate (50-80th)
YOUTHEORY TURMERIC,Fatigue,3,14.122035858878,4,0.333333333333333,FALSE,0.25,50.4151444702757,Moderate (50-80th)
CENTRUM SILVER WOMEN 50+,Foreign Body,9,4.10269618383412,4,0.222222222222222,FALSE,0.249203986045294,50.3487213550316,Moderate (50-80th)
HYDROXYCUT REGULAR RAPID RELEASE CAPLETS,Stress,9,9.86016260162602,4,0.222222222222222,FALSE,0.249203986045294,50.3487213550316,Moderate (50-80th)
LACTAID FAST ACT,Vomiting,28,9.97209329480106,4,0.107142857142857,FALSE,0.248294587122958,50.3155097974095,Moderate (50-80th)
LACTAID FAST ACT,Abdominal Pain Upper,10,6.36719463507554,4,0.2,FALSE,0.245657754843637,50.1494520092992,Moderate (50-80th)
MODERE ACTIVATE,Vomiting,10,4.34460229295735,4,0.2,FALSE,0.245657754843637,50.1494520092992,Moderate (50-80th)
MODERE BURN,Dehydration,10,7.6969696969697,4,0.2,FALSE,0.245657754843637,50.1494520092992,Moderate (50-80th)
HYDROXYCUT HARDCORE CAPSULES,Abdominal Pain,10,2.19236101109031,3,0.7,FALSE,0.245657754843637,50.1494520092992,Moderate (50-80th)
HYDROXYCUT REGULAR RAPID RELEASE CAPLETS,Hepatic Enzyme Increased,10,2.61774228361753,3,0.7,FALSE,0.245657754843637,50.1494520092992,Moderate (50-80th)
CENTRUM SILVER,Choking,35,2.03928620137678,3,0.0571428571428571,TRUE,0.239903372652923,50.1162404516772,Moderate (50-80th)
ARTRI KING,Pain,7,3.75142242042134,3,0.714285714285714,FALSE,0.239379918470949,49.9501826635669,Low (<50th)
HERBALIFE THERMO-BOND,Vomiting,7,3.36448855803695,3,0.714285714285714,FALSE,0.239379918470949,49.9501826635669,Low (<50th)
ISAGENIX NATURAL ACCELERATOR,Hypersensitivity,7,2.32494382022472,3,0.714285714285714,FALSE,0.239379918470949,49.9501826635669,Low (<50th)
PLEXUS SLIM,Dehydration,7,4.11100937326811,3,0.714285714285714,FALSE,0.239379918470949,49.9501826635669,Low (<50th)
VITAMIN B6,Dizziness,7,3.40104529616725,3,0.714285714285714,FALSE,0.239379918470949,49.9501826635669,Low (<50th)
CENTRUM SILVER WOMEN 50+,Choking,27,2.74775793878552,3,0.0740740740740741,TRUE,0.237296860979476,49.9169711059449,Low (<50th)
CITRACAL CALCIUM + D SLOW RELEASE 1200,Choking,20,6.18399716225803,4,0.1,FALSE,0.23618651774107,49.8505479907008,Low (<50th)
ONE A DAY WOMEN'S 50+ ADVANTAGE,Choking,20,4.72816399286988,4,0.1,FALSE,0.23618651774107,49.8505479907008,Low (<50th)
5-HOUR ENERGY BERRY,Convulsion,4,14.7237635705669,4,0.25,FALSE,0.233520206416239,47.2600464961807,Low (<50th)
5-HOUR ENERGY EXTRA STRENGTH BERRY,Convulsion,4,21.4185765983112,4,0.25,FALSE,0.233520206416239,47.2600464961807,Low (<50th)
5-HTP,Confusional State,4,34.6160935838355,4,0.25,FALSE,0.233520206416239,47.2600464961807,Low (<50th)
ADVOCARE MNS 3,Diarrhoea,4,10.3516693163752,4,0.25,FALSE,0.233520206416239,47.2600464961807,Low (<50th)
ADVOCARE MNS 3,Nausea,4,8.29029793735676,4,0.25,FALSE,0.233520206416239,47.2600464961807,Low (<50th)
ADVOCARE THERMOPLUS,Nausea,4,7.10582414784096,4,0.25,FALSE,0.233520206416239,47.2600464961807,Low (<50th)
ALL DAY ENERGY GREENS?,Abdominal Distension,4,10.0298967483434,4,0.25,FALSE,0.233520206416239,47.2600464961807,Low (<50th)
ARBONNE ESSENTIALS DIGESTION PLUS,Migraine,4,12.5344295991778,4,0.25,FALSE,0.233520206416239,47.2600464961807,Low (<50th)
ARBONNE ESSENTIALS HERBAL DETOX TEA,Throat Irritation,4,6.1115250947118,4,0.25,FALSE,0.233520206416239,47.2600464961807,Low (<50th)
BALANCE OF NATURE WHOLE PRODUCE FRUITS,Blood Glucose Increased,4,12.0197044334975,4,0.25,FALSE,0.233520206416239,47.2600464961807,Low (<50th)
BALANCE OF NATURE WHOLE PRODUCE VEGGIES,Blood Glucose Increased,4,12.6528389940368,4,0.25,FALSE,0.233520206416239,47.2600464961807,Low (<50th)
BENEFIBER W WHEAT DEXTRIN (NCH) (WHEAT DEXTRIN) POWDER,Bowel Movement Irregularity,4,35.6017537449763,4,0.25,FALSE,0.233520206416239,47.2600464961807,Low (<50th)
BLACK STALLION TABS,Dizziness,4,9.71269454527373,4,0.25,FALSE,0.233520206416239,47.2600464961807,Low (<50th)
CALTRATE 600 + D PLUS MINERAL,Foreign Body,4,7.18469462840324,4,0.25,FALSE,0.233520206416239,47.2600464961807,Low (<50th)
"CALTRATE 600 + VITAMIN D (CALCIUM CARBONATE, CHOLECALCIFEROL) TABLET",Osteoporosis,4,42.1356957649093,4,0.25,FALSE,0.233520206416239,47.2600464961807,Low (<50th)
CENTRUM,Neoplasm Malignant,4,11.9884435701992,4,0.25,FALSE,0.233520206416239,47.2600464961807,Low (<50th)
CENTRUM SILVER ADULTS 50+ TABLET,Dysphagia,4,11.6317513249568,4,0.25,FALSE,0.233520206416239,47.2600464961807,Low (<50th)
"CENTRUM SILVER WOMEN'S 50+ (MULTIMINERALS, MULTIVITAMINS) TABLET",Hypothyroidism,4,7.01309090909091,4,0.25,FALSE,0.233520206416239,47.2600464961807,Low (<50th)
EXTENZE,Chills,4,16.0344912540035,4,0.25,FALSE,0.233520206416239,47.2600464961807,Low (<50th)
FLINTSTONES COMPLETE,Drug Exposure During Pregnancy,4,180.54764107308,4,0.25,FALSE,0.233520206416239,47.2600464961807,Low (<50th)
FLINTSTONES COMPLETE MULTIVITAMINS + MINERALS CHEWABLE TABLET,Drug Exposure During Pregnancy,4,471.710144927536,4,0.25,FALSE,0.233520206416239,47.2600464961807,Low (<50th)
FRUTA PLANTA,Tachycardia,4,34.2865168539326,4,0.25,FALSE,0.233520206416239,47.2600464961807,Low (<50th)
GLUTADOSE,Dyspnoea,4,11.1846550243344,4,0.25,FALSE,0.233520206416239,47.2600464961807,Low (<50th)
GNC NIACIN,Burning Sensation,4,38.1417691857059,4,0.25,FALSE,0.233520206416239,47.2600464961807,Low (<50th)
HERBALIFE MULTIVITAMIN,Nausea,4,7.10582414784096,4,0.25,FALSE,0.233520206416239,47.2600464961807,Low (<50th)
HYDROXYCUT CAFFEINE-FREE CAPLETS,Convulsion,4,5.88661037394451,4,0.25,FALSE,0.233520206416239,47.2600464961807,Low (<50th)
HYDROXYCUT CAFFEINE-FREE CAPLETS,Discomfort,4,20.7659574468085,4,0.25,FALSE,0.233520206416239,47.2600464961807,Low (<50th)
HYDROXYCUT CAFFEINE-FREE CAPLETS,Fear,4,22.9107981220657,4,0.25,FALSE,0.233520206416239,47.2600464961807,Low (<50th)
HYDROXYCUT CAFFEINE-FREE CAPLETS,Hepatic Steatosis,4,47.378640776699,4,0.25,FALSE,0.233520206416239,47.2600464961807,Low (<50th)
HYDROXYCUT CAFFEINE-FREE CAPLETS,Hypertension,4,6.61246612466125,4,0.25,FALSE,0.233520206416239,47.2600464961807,Low (<50th)
HYDROXYCUT CAFFEINE-FREE CAPLETS,Nervousness,4,16.5423728813559,4,0.25,FALSE,0.233520206416239,47.2600464961807,Low (<50th)
HYDROXYCUT CARB CONTROL CAPSULES,Pain,4,10.4954325631381,4,0.25,FALSE,0.233520206416239,47.2600464961807,Low (<50th)
HYDROXYCUT CARB CONTROL CAPSULES,Rhabdomyolysis,4,81.3833333333333,4,0.25,FALSE,0.233520206416239,47.2600464961807,Low (<50th)
HYDROXYCUT HARDCORE CAPSULES,Discomfort,4,6.32892642520708,4,0.25,FALSE,0.233520206416239,47.2600464961807,Low (<50th)
HYDROXYCUT HARDCORE ELITE CAPSULES,Hypersensitivity,4,7.30520646319569,4,0.25,FALSE,0.233520206416239,47.2600464961807,Low (<50th)
HYDROXYCUT HARDCORE RAPID RELEASE CAPSULES,Heart Rate Increased,4,8.69158878504673,4,0.25,FALSE,0.233520206416239,47.2600464961807,Low (<50th)
HYDROXYCUT REGULAR DRINK MIX SACHETS,Liver Injury,4,28.436871996505,4,0.25,FALSE,0.233520206416239,47.2600464961807,Low (<50th)
HYDROXYCUT REGULAR RAPID RELEASE CAPLETS,Dialysis,4,147.90243902439,4,0.25,FALSE,0.233520206416239,47.2600464961807,Low (<50th)
HYDROXYCUT REGULAR RAPID RELEASE CAPLETS (NO PREF. NAME),Cardio-Respiratory Distress,4,538.060606060606,4,0.25,FALSE,0.233520206416239,47.2600464961807,Low (<50th)
HYDROXYCUT REGULAR RAPID RELEASE CAPLETS (NO PREF. NAME),Liver Function Test Abnormal,4,35.0216962524655,4,0.25,FALSE,0.233520206416239,47.2600464961807,Low (<50th)
HYDROXYCUT WEIGHT LOSS SHOT,Emotional Distress,4,98.0562248995984,4,0.25,FALSE,0.233520206416239,47.2600464961807,Low (<50th)
HYDROXYCUT WEIGHT LOSS SHOT,Injury,4,110.981818181818,4,0.25,FALSE,0.233520206416239,47.2600464961807,Low (<50th)
MELATONIN,Confusional State,4,8.20641796694284,4,0.25,FALSE,0.233520206416239,47.2600464961807,Low (<50th)
MODERE SUSTAIN,Dehydration,4,16.9567633269665,4,0.25,FALSE,0.233520206416239,47.2600464961807,Low (<50th)
NATUREMADE FISH OIL 1200 MG,Dyspnoea,4,6.21318828132455,4,0.25,FALSE,0.233520206416239,47.2600464961807,Low (<50th)
NATUREMADE L-LYSINE 1000 MG TABLET,Dyspnoea,4,13.9811050672774,4,0.25,FALSE,0.233520206416239,47.2600464961807,Low (<50th)
NO XPLODE,Hepatic Enzyme Increased,4,9.2399299474606,4,0.25,FALSE,0.233520206416239,47.2600464961807,Low (<50th)
NOSE SLAP,Vomiting,4,5.97869605142332,4,0.25,FALSE,0.233520206416239,47.2600464961807,Low (<50th)
NUTRAFOL WOMENS BALANCE HAIR GROWTH NUTRACEUTICAL,Liver Injury,4,6.21100917431193,4,0.25,FALSE,0.233520206416239,47.2600464961807,Low (<50th)
ONE A DAY MEN'S HEALTH FORMULA,Prostate Cancer,4,55.5368421052632,4,0.25,FALSE,0.233520206416239,47.2600464961807,Low (<50th)
ONE A DAY WOMEN'S PRENATAL (MULTIVITAMINS + MINERALS) FILM-COATED TABLET,Abortion Spontaneous,4,57.408583186361,4,0.25,FALSE,0.233520206416239,47.2600464961807,Low (<50th)
OXYELITE PRO,Faeces Discoloured,4,8.40689655172414,4,0.25,FALSE,0.233520206416239,47.2600464961807,Low (<50th)
PHILLIPS' COLON HEALTH,Abdominal Distension,4,9.6714880126808,4,0.25,FALSE,0.233520206416239,47.2600464961807,Low (<50th)
PHILLIPS' COLON HEALTH,Flatulence,4,14.4971784971785,4,0.25,FALSE,0.233520206416239,47.2600464961807,Low (<50th)
PRESERVISION AREDS,Blindness,4,21.693196976434,4,0.25,FALSE,0.233520206416239,47.2600464961807,Low (<50th)
PRESERVISION AREDS 2,Odynophagia,4,6.80233669676049,4,0.25,FALSE,0.233520206416239,47.2600464961807,Low (<50th)
PRESERVISION AREDS 2,Oesophageal Stenosis,4,14.8801115241636,4,0.25,FALSE,0.233520206416239,47.2600464961807,Low (<50th)
PRESERVISION AREDS 2 FORMULA SOFT GELS,Illness,4,8.14949494949495,4,0.25,FALSE,0.233520206416239,47.2600464961807,Low (<50th)
"PRESERVISION AREDS 2 SOFT GELS (CAPSULE, SOFT)",Blindness,4,20.5086705202312,4,0.25,FALSE,0.233520206416239,47.2600464961807,Low (<50th)
"PRESERVISION AREDS 2 SOFT GELS (CAPSULE, SOFT)",Cataract,4,22.7435897435897,4,0.25,FALSE,0.233520206416239,47.2600464961807,Low (<50th)
PROTANDIM US,Swollen Tongue,4,6.74168797953964,4,0.25,FALSE,0.233520206416239,47.2600464961807,Low (<50th)
PURITAN'S PRIDE NIACIN 500MG COATED CAPLETS,Feeling Hot,4,45.8039399624766,4,0.25,FALSE,0.233520206416239,47.2600464961807,Low (<50th)
PURITAN'S PRIDE NIACIN 500MG COATED CAPLETS,Loss Of Consciousness,4,14.9340877810063,4,0.25,FALSE,0.233520206416239,47.2600464961807,Low (<50th)
SHAKEOLOGY CHOCOLATE,Urticaria,4,8.54278215223097,4,0.25,FALSE,0.233520206416239,47.2600464961807,Low (<50th)
SKINNY PILL,Vomiting,4,6.72617079889807,4,0.25,FALSE,0.233520206416239,47.2600464961807,Low (<50th)
SUPER BETA PROSTATE,Anal Haemorrhage,4,10.1739130434783,4,0.25,FALSE,0.233520206416239,47.2600464961807,Low (<50th)
SUPER BETA PROSTATE,Blood Urine,4,15.7233201581028,4,0.25,FALSE,0.233520206416239,47.2600464961807,Low (<50th)
SUPER BETA PROSTATE,Haemorrhage Urinary Tract,4,14.4130434782609,4,0.25,FALSE,0.233520206416239,47.2600464961807,Low (<50th)
SUPER BETA PROSTATE P3 ADVANCED,Haematuria,4,10.2983682983683,4,0.25,FALSE,0.233520206416239,47.2600464961807,Low (<50th)
SUSTAIN,Heart Rate Increased,4,8.14819759679573,4,0.25,FALSE,0.233520206416239,47.2600464961807,Low (<50th)
SWANSON PREMIUM NIACIN,Flushing,4,77.9457302474062,4,0.25,FALSE,0.233520206416239,47.2600464961807,Low (<50th)
THINOGENICS,Blood Pressure Increased,4,7.17976619366223,4,0.25,FALSE,0.233520206416239,47.2600464961807,Low (<50th)
TOTAL BODY FORMULA,Alopecia,4,34.0960363191898,4,0.25,FALSE,0.233520206416239,47.2600464961807,Low (<50th)
TOTAL BODY FORMULA TROPICAL ORANGE,Alopecia,4,78.4417670682731,4,0.25,FALSE,0.233520206416239,47.2600464961807,Low (<50th)
UMARY,Contusion,4,22.8426966292135,4,0.25,FALSE,0.233520206416239,47.2600464961807,Low (<50th)
UMARY,Haemorrhage,4,6.84511784511784,4,0.25,FALSE,0.233520206416239,47.2600464961807,Low (<50th)
VITAMIN D,Muscle Spasms,4,6.89560148383678,4,0.25,FALSE,0.233520206416239,47.2600464961807,Low (<50th)
YOUTHEORY TURMERIC,Jaundice,4,56.5208333333333,4,0.25,FALSE,0.233520206416239,47.2600464961807,Low (<50th)
5 HOUR ENERGY,Cerebrovascular Accident,4,4.15788576300085,3,0.75,FALSE,0.233520206416239,46.3301228827632,Low (<50th)
5 HOUR ENERGY,Hyperhidrosis,4,3.75024990388312,3,0.75,FALSE,0.233520206416239,46.3301228827632,Low (<50th)
5-HOUR ENERGY BERRY,Dyspnoea,4,3.49441740624105,3,0.75,FALSE,0.233520206416239,46.3301228827632,Low (<50th)
ADVOCARE OMEGAPLEX,Abdominal Pain,4,4.98819802789557,3,0.75,FALSE,0.233520206416239,46.3301228827632,Low (<50th)
AGELESS MALE,Myocardial Infarction,4,5.70353051204115,3,0.75,FALSE,0.233520206416239,46.3301228827632,Low (<50th)
BELLYTRIM XP,Abdominal Pain Upper,4,4.38754325259516,3,0.75,FALSE,0.233520206416239,46.3301228827632,Low (<50th)
BIO CLEANSE,Diarrhoea,4,3.44970853206147,3,0.75,FALSE,0.233520206416239,46.3301228827632,Low (<50th)
CLEANSE FOR LIFE,Vomiting,4,4.13875821148548,3,0.75,FALSE,0.233520206416239,46.3301228827632,Low (<50th)
ENDLESS YOUTH VITAMIN SUPPLEMENT,Nausea,4,4.52151769798829,3,0.75,FALSE,0.233520206416239,46.3301228827632,Low (<50th)
HERBALIFE 21-DAY HERBAL CLEANSING PROGRAM AM TABLETS,Vomiting,4,3.84305391578119,3,0.75,FALSE,0.233520206416239,46.3301228827632,Low (<50th)
HERBALIFE 21-DAY HERBAL CLEANSING PROGRAM PM TABLETS,Vomiting,4,4.13875821148548,3,0.75,FALSE,0.233520206416239,46.3301228827632,Low (<50th)
HERBALIFE FORMULA 2 MULTIVITAMIN COMPLEX,Fatigue,4,4.91314412238325,3,0.75,FALSE,0.233520206416239,46.3301228827632,Low (<50th)
HYDROXYCUT,Arrhythmia,4,4.97142419367195,3,0.75,FALSE,0.233520206416239,46.3301228827632,Low (<50th)
HYDROXYCUT HARDCORE CAPSULES,Atrial Fibrillation,4,3.34224204477228,3,0.75,FALSE,0.233520206416239,46.3301228827632,Low (<50th)
IONIX SUPREME,Hypersensitivity,4,3.2457610213445,3,0.75,FALSE,0.233520206416239,46.3301228827632,Low (<50th)
ISAFLUSH,Abdominal Pain Upper,4,4.5965680389803,3,0.75,FALSE,0.233520206416239,46.3301228827632,Low (<50th)
JACK3D,Heart Rate Increased,4,4.82747366859516,3,0.75,FALSE,0.233520206416239,46.3301228827632,Low (<50th)
NIACIN,Dizziness,4,4.24852071005917,3,0.75,FALSE,0.233520206416239,46.3301228827632,Low (<50th)
NIACIN,Vomiting,4,3.36253443526171,3,0.75,FALSE,0.233520206416239,46.3301228827632,Low (<50th)
NUTRILITE CAL MAG D,Dizziness,4,4.53184824225548,3,0.75,FALSE,0.233520206416239,46.3301228827632,Low (<50th)
OSTEO BI-FLEX TRIPLE STRENGTH,Dyspnoea,4,5.08330947609505,3,0.75,FALSE,0.233520206416239,46.3301228827632,Low (<50th)
OXYELITE PRO,Weight Decreased,4,3.64424514200299,3,0.75,FALSE,0.233520206416239,46.3301228827632,Low (<50th)
PLEXUS BLOCK,Vomiting,4,3.58677685950413,3,0.75,FALSE,0.233520206416239,46.3301228827632,Low (<50th)
PLEXUS SLIM,Arthralgia,4,4.64048741015755,3,0.75,FALSE,0.233520206416239,46.3301228827632,Low (<50th)
TOTAL CONTROL,Vomiting,4,3.16467347269486,3,0.75,FALSE,0.233520206416239,46.3301228827632,Low (<50th)
TRIVEREX,Hypertension,4,5.28888888888889,3,0.75,FALSE,0.233520206416239,46.3301228827632,Low (<50th)
TRIVEREX MALE ENHANCEMENT,Chest Pain,4,5.44955203885121,3,0.75,FALSE,0.233520206416239,46.3301228827632,Low (<50th)
VITAMIN E,Nausea,4,3.82574288456641,3,0.75,FALSE,0.233520206416239,46.3301228827632,Low (<50th)
PLEXUS SLIM,Abdominal Pain,9,2.75024762095814,3,0.666666666666667,FALSE,0.232537319378627,46.2969113251412,Low (<50th)
"CENTRUM SILVER MEN'S 50+ (MULTIMINERALS, MULTIVITAMINS) TABLET",Choking,34,2.65565231884662,3,0.0294117647058824,TRUE,0.230725528450666,46.2636997675191,Low (<50th)
14-DAY ACAI BERRY CLEANSE,Abdominal Pain,5,14.3533215755438,4,0.2,FALSE,0.225128991946204,45.4001992693457,Low (<50th)
AGELESS MALE,Blood Urine Present,5,8.23009446693657,4,0.2,FALSE,0.225128991946204,45.4001992693457,Low (<50th)
BENEFIBER W WHEAT DEXTRIN (NCH) (WHEAT DEXTRIN) POWDER,Condition Aggravated,5,6.47816721625359,4,0.2,FALSE,0.225128991946204,45.4001992693457,Low (<50th)
BENEFIBER W WHEAT DEXTRIN (NCH) (WHEAT DEXTRIN) POWDER,Haemorrhoids,5,33.0177554892925,4,0.2,FALSE,0.225128991946204,45.4001992693457,Low (<50th)
CATALYST BOTTLE,Abdominal Pain,5,5.5186994075883,4,0.2,FALSE,0.225128991946204,45.4001992693457,Low (<50th)
"CENTRUM SILVER (MULTIMINERALS, MULTIVITAMINS) TABLET",Anaemia,5,5.56156767639791,4,0.2,FALSE,0.225128991946204,45.4001992693457,Low (<50th)
"CENTRUM SILVER ADULTS 50+ MULTIMINERALS, MULTIVITAMINS TABLET",Dysphagia,5,12.7272727272727,4,0.2,FALSE,0.225128991946204,45.4001992693457,Low (<50th)
CENTRUM SILVER ULTRA WOMENS MULTIMINERALS MULTIVITAMINS,Dysphagia,5,8.48415346121768,4,0.2,FALSE,0.225128991946204,45.4001992693457,Low (<50th)
CITRACAL MAXIMUM CALCIUM CITRATE,Choking,5,6.68555938886151,4,0.2,FALSE,0.225128991946204,45.4001992693457,Low (<50th)
CITRACAL MAXIMUM FILM-COATED TABLET,Dysphagia,5,10.1814011676397,4,0.2,FALSE,0.225128991946204,45.4001992693457,Low (<50th)
EMERGEN-C,Drug Hypersensitivity,5,31.1015325670498,4,0.2,FALSE,0.225128991946204,45.4001992693457,Low (<50th)
EU NATURAL CONCEPTION FOR HER,Abortion Spontaneous,5,144.135182998819,4,0.2,FALSE,0.225128991946204,45.4001992693457,Low (<50th)
HYDROXYCUT CAFFEINE FREE CAPLETS,Liver Injury,5,53.4903593339176,4,0.2,FALSE,0.225128991946204,45.4001992693457,Low (<50th)
HYDROXYCUT CAFFEINE-FREE CAPLETS,Renal Failure,5,17.4785100286533,4,0.2,FALSE,0.225128991946204,45.4001992693457,Low (<50th)
HYDROXYCUT REGULAR RAPID RELEASE CAPLETS,Mass,5,30.8130081300813,4,0.2,FALSE,0.225128991946204,45.4001992693457,Low (<50th)
METAMUCIL,Intestinal Obstruction,5,89.8546190651454,4,0.2,FALSE,0.225128991946204,45.4001992693457,Low (<50th)
MODERE BURN,Hepatic Enzyme Increased,5,5.94152046783626,4,0.2,FALSE,0.225128991946204,45.4001992693457,Low (<50th)
NATUREMADE VITAMIN C,Foreign Body In Throat,5,35.6885964912281,4,0.2,FALSE,0.225128991946204,45.4001992693457,Low (<50th)
NIACIN,Erythema,5,20.9869325997249,4,0.2,FALSE,0.225128991946204,45.4001992693457,Low (<50th)
PHILLIPS' COLON HEALTH,Constipation,5,9.31242368742369,4,0.2,FALSE,0.225128991946204,45.4001992693457,Low (<50th)
PRESERVISION AREDS 2,Parkinson's Disease,5,10.2621458787335,4,0.2,FALSE,0.225128991946204,45.4001992693457,Low (<50th)
"PRESERVISION AREDS 2 FORMULA SOFT GELS (CAPSULE, SOFT)",Blindness,5,8.95680011775096,4,0.2,FALSE,0.225128991946204,45.4001992693457,Low (<50th)
PURITAN'S PRIDE NIACIN 500MG COATED CAPLETS,Erythema,5,25.8316580256058,4,0.2,FALSE,0.225128991946204,45.4001992693457,Low (<50th)
SHAKEOLOGY CHOCOLATE BAG 30 SERVING,Dehydration,5,14.5170978293191,4,0.2,FALSE,0.225128991946204,45.4001992693457,Low (<50th)
SLOW FE BROWN (NCH) (FERROUS SULFATE) TABLET,Haemoglobin Decreased,5,63.75,4,0.2,FALSE,0.225128991946204,45.4001992693457,Low (<50th)
UMARY HYALURONIC ACID,Contusion,5,81.1282818212031,4,0.2,FALSE,0.225128991946204,45.4001992693457,Low (<50th)
CENTRUM SILVER MEN'S 50+,Choking,37,2.22108532482098,3,0,TRUE,0.224406313589604,45.3669877117237,Low (<50th)
BENEFIBER WITH WHEAT DEXTRIN,Constipation,6,5.21711229946524,4,0.166666666666667,FALSE,0.220528762897433,44.2045831949518,Low (<50th)
CENTRUM SILVER FOR WOMEN,Choking,6,6.01774564574433,4,0.166666666666667,FALSE,0.220528762897433,44.2045831949518,Low (<50th)
CENTRUM SILVER WOMEN'S 50+,Body Height Decreased,6,21.4929992630803,4,0.166666666666667,FALSE,0.220528762897433,44.2045831949518,Low (<50th)
CENTRUM SILVER WOMEN'S 50+ (MULTIMINERALS MULTIVITAMINS) TABLET,Foreign Body Trauma,6,11.4376757263355,4,0.166666666666667,FALSE,0.220528762897433,44.2045831949518,Low (<50th)
"CENTRUM SILVER WOMEN'S 50+(MUL TIMINERALS, MULTIVITAMINS) TABLET",Choking,6,6.01774564574433,4,0.166666666666667,FALSE,0.220528762897433,44.2045831949518,Low (<50th)
HYDROXYCUT HARDCORE,Alanine Aminotransferase Increased,6,12.3780126849894,4,0.166666666666667,FALSE,0.220528762897433,44.2045831949518,Low (<50th)
HYDROXYCUT HARDCORE,Aspartate Aminotransferase Increased,6,12.5370449678801,4,0.166666666666667,FALSE,0.220528762897433,44.2045831949518,Low (<50th)
HYDROXYCUT HARDCORE CAPSULES,Hepatic Failure,6,13.5208882720333,4,0.166666666666667,FALSE,0.220528762897433,44.2045831949518,Low (<50th)
HYDROXYCUT HARDCORE CAPSULES,Hepatic Steatosis,6,22.0885798503514,4,0.166666666666667,FALSE,0.220528762897433,44.2045831949518,Low (<50th)
LACTAID FAST ACT CHEWABLES,Vomiting,6,5.76775870215782,4,0.166666666666667,FALSE,0.220528762897433,44.2045831949518,Low (<50th)
MELATONIN,Hallucination,6,15.6986698133448,4,0.166666666666667,FALSE,0.220528762897433,44.2045831949518,Low (<50th)
MELATONIN,Insomnia,6,5.78854102802445,4,0.166666666666667,FALSE,0.220528762897433,44.2045831949518,Low (<50th)
MOMMYS BLISS GRIPE WATER ORIGINAL,Choking,6,8.02398948406178,4,0.166666666666667,FALSE,0.220528762897433,44.2045831949518,Low (<50th)
NUTRAFOL WOMENS BALANCE HAIR GROWTH NUTRACEUTICAL,Nephrolithiasis,6,5.38250883392226,4,0.166666666666667,FALSE,0.220528762897433,44.2045831949518,Low (<50th)
OCUVITE ADULT,Foreign Body,6,8.9933677229182,4,0.166666666666667,FALSE,0.220528762897433,44.2045831949518,Low (<50th)
ONE A DAY WOMEN'S 50 PLUS HEALTHY ADVANTAGE,Cough,6,6.21297554347826,4,0.166666666666667,FALSE,0.220528762897433,44.2045831949518,Low (<50th)
ONE A DAY WOMEN'S 50+ HEALTHY ADVANTAGE(MULTIVITAMINS + MINERALS) FILM-COATED TABLET,Choking,6,6.87756443359467,4,0.166666666666667,FALSE,0.220528762897433,44.2045831949518,Low (<50th)
ONE A DAY WOMENS 50+ MINIGELS COMPLETE MULTIVITAMIN,Foreign Body,6,30.845141593852,4,0.166666666666667,FALSE,0.220528762897433,44.2045831949518,Low (<50th)
ONE A DAY WOMENS (MULTIVITAMINS + MINERALS) FILM-COATED TABLET,Dysphagia,6,4.88760951188986,4,0.166666666666667,FALSE,0.220528762897433,44.2045831949518,Low (<50th)
ONNIT ALPHA BRAIN,Nausea,6,6.78573248407643,4,0.166666666666667,FALSE,0.220528762897433,44.2045831949518,Low (<50th)
PHILLIPS' COLON HEALTH (BIFIDOBACTERIUM + LACTOBACILLUS) CAPSULE,Haematochezia,6,8.50968079539508,4,0.166666666666667,FALSE,0.220528762897433,44.2045831949518,Low (<50th)
PRESERVISION AREDS 2,Dry Eye,6,6.86774378038319,4,0.166666666666667,FALSE,0.220528762897433,44.2045831949518,Low (<50th)
PRESERVISION AREDS 2,Oesophageal Disorder,6,13.2267657992565,4,0.166666666666667,FALSE,0.220528762897433,44.2045831949518,Low (<50th)
"PRESERVISION AREDS 2 SOFT GELS (CAPSULE, SOFT)",Eye Haemorrhage,6,61.8837209302326,4,0.166666666666667,FALSE,0.220528762897433,44.2045831949518,Low (<50th)
PRESERVISION AREDS SOFT GELS,Lung Neoplasm Malignant,6,232.371428571429,4,0.166666666666667,FALSE,0.220528762897433,44.2045831949518,Low (<50th)
PREVAGEN EXTRA STRENGTH,Convulsion,6,6.20925348437599,4,0.166666666666667,FALSE,0.220528762897433,44.2045831949518,Low (<50th)
PURITAN'S PRIDE NIACIN 500MG COATED CAPLETS,Flushing,6,63.3020743301642,4,0.166666666666667,FALSE,0.220528762897433,44.2045831949518,Low (<50th)
SIMILAC PROBIOTIC TRIBLEND,Necrotising Colitis,6,1877.96153846154,4,0.166666666666667,FALSE,0.220528762897433,44.2045831949518,Low (<50th)
SUPER BETA PROSTATE P3 ADVANCED,Dysuria,6,6.62037962037962,4,0.166666666666667,FALSE,0.220528762897433,44.2045831949518,Low (<50th)
ALL DAY ENERGY GREENS FRUITY,Constipation,6,2.7671383275756,3,0.666666666666667,FALSE,0.220528762897433,44.2045831949518,Low (<50th)
HYDROXYCUT HARDCORE CAPSULES,Cerebrovascular Accident,6,3.24265489082194,3,0.666666666666667,FALSE,0.220528762897433,44.2045831949518,Low (<50th)
PLEXUS PROBIO 5,Dyspnoea,6,2.54196505299341,3,0.666666666666667,FALSE,0.220528762897433,44.2045831949518,Low (<50th)
PLEXUS PROBIO5,Abdominal Pain,6,4.10067226890756,3,0.666666666666667,FALSE,0.220528762897433,44.2045831949518,Low (<50th)
REUMOFAN PLUS,Abdominal Pain,6,2.77673624288425,3,0.666666666666667,FALSE,0.220528762897433,44.2045831949518,Low (<50th)
REUMOFAN PLUS,Pain,6,2.5392423953218,3,0.666666666666667,FALSE,0.220528762897433,44.2045831949518,Low (<50th)
GRIPE WATER,Choking,7,4.32070033499779,4,0.142857142857143,FALSE,0.217951347042378,43.8724676187313,Low (<50th)
HYDROXYCUT CAFFEINE-FREE CAPLETS,Rhabdomyolysis,7,36.0337552742616,4,0.142857142857143,FALSE,0.217951347042378,43.8724676187313,Low (<50th)
MODERE BURN,Constipation,7,5.07637401855817,4,0.142857142857143,FALSE,0.217951347042378,43.8724676187313,Low (<50th)
OMEGAPLEX,Dehydration,7,6.2369122858291,4,0.142857142857143,FALSE,0.217951347042378,43.8724676187313,Low (<50th)
ONE A DAY MEN'S 50+ HEALTHY ADVANTAGE,Foreign Body,7,11.4550147492625,4,0.142857142857143,FALSE,0.217951347042378,43.8724676187313,Low (<50th)
PATRIOT POWER GREENS,Abdominal Discomfort,7,5.48704596592735,4,0.142857142857143,FALSE,0.217951347042378,43.8724676187313,Low (<50th)
PRESERVISION AREDS 2,Blood Pressure Systolic Increased,7,10.1620273823556,4,0.142857142857143,FALSE,0.217951347042378,43.8724676187313,Low (<50th)
SUPER BETA PROSTATE,Haemorrhoids,7,5.0445652173913,4,0.142857142857143,FALSE,0.217951347042378,43.8724676187313,Low (<50th)
SUPER BETA PROSTATE,Urogenital Haemorrhage,7,302.673913043478,4,0.142857142857143,FALSE,0.217951347042378,43.8724676187313,Low (<50th)
SUPER BETA PROSTATE P3 ADVANCED,Renal Disorder,7,5.60050706265846,4,0.142857142857143,FALSE,0.217951347042378,43.8724676187313,Low (<50th)
LACTAID FAST ACT,Diarrhoea,15,6.14676048769019,4,0.0666666666666667,FALSE,0.217666311324831,43.8392560611093,Low (<50th)
PREVAGEN REGULAR STRENGTH,Blood Pressure Increased,14,5.43475665565681,4,0.0714285714285714,FALSE,0.217051538511239,43.8060445034872,Low (<50th)
"PRESERVISION AREDS 2 FORMULA SOFT GELS (CAPSULE, SOFT)",Blood Pressure Increased,14,2.23155454563314,3,0.0714285714285714,TRUE,0.217051538511239,43.7728329458652,Low (<50th)
"CENTRUM SILVER WOMEN'S 50+ (MULTIMINERALS, MULTIVITAMINS) TABLET",Pharyngeal Injury,8,5.10042975206612,4,0.125,FALSE,0.216548969313672,43.6067751577549,Low (<50th)
CITRACAL PETITES (CHOLECALCIFEROL + CALCIUM CITRATE) FILM-COATED TABLET,Retching,8,5.54231119199272,4,0.125,FALSE,0.216548969313672,43.6067751577549,Low (<50th)
"CITRACAL, MAXIMUM, BAYER",Choking,8,4.58589273973889,4,0.125,FALSE,0.216548969313672,43.6067751577549,Low (<50th)
ONE A DAY MENS 50 PLUS HEATHLY ADVANTAGE,Foreign Body,8,9.00516605166052,4,0.125,FALSE,0.216548969313672,43.6067751577549,Low (<50th)
ONE A DAY WOMEN'S 50+ HEALTHY ADVANTAGE (MULTIVITAMINS + MINERALS) FILM-COATED TABLET,Dysphagia,8,2.58618152897902,3,0.125,TRUE,0.216548969313672,43.6067751577549,Low (<50th)
ONE A DAY WOMEN'S 50+ HEALTHY ADVANTAGE,Choking,13,5.22010199045896,4,0.0769230769230769,FALSE,0.216505053288258,43.5735636001329,Low (<50th)
"CALTRATE 600 + VITAMIN D (CALCIUM CARBONATE, CHOLECALCIFEROL) TABLET",Coeliac Disease,12,14.6070411985019,4,0.0833333333333333,FALSE,0.216057525794866,43.5071404848887,Low (<50th)
PRESERVISION AREDS 2,Eye Haemorrhage,12,8.92806691449814,4,0.0833333333333333,FALSE,0.216057525794866,43.5071404848887,Low (<50th)
ONE A DAY WOMEN'S (MULTIVITAMINS + MINERALS) FILM-COATED TABLET,Foreign Body,9,3.72482554882086,3,0.111111111111111,TRUE,0.21587065271196,43.4739289272667,Low (<50th)
AGELESS MALE MAX,Hypertension,9,6.50590189216442,4,0.111111111111111,FALSE,0.21587065271196,43.3742942544005,Low (<50th)
OCUVITE ADULT 50+,Foreign Body,9,4.83869794307635,4,0.111111111111111,FALSE,0.21587065271196,43.3742942544005,Low (<50th)
PREVAGEN,Convulsion,9,9.34778998467041,4,0.111111111111111,FALSE,0.21587065271196,43.3742942544005,Low (<50th)
CITRACAL PETITES,Pharyngeal Injury,11,18.4899688689035,4,0.0909090909090909,FALSE,0.215753259352988,43.3410826967785,Low (<50th)
SUPER BETA PROSTATE P3 ADVANCED,Cerebrovascular Accident,11,3.23426061493411,3,0.0909090909090909,TRUE,0.215753259352988,43.3078711391564,Low (<50th)
CENTRUM SILVER ADULTS 50+,Foreign Body,10,3.79235227758976,4,0.1,FALSE,0.215657754843637,43.1750249086682,Low (<50th)
CITRACAL MAXIMUM (CHOLECALCIFEROL + CALCIUM CITRATE) FILM-COATED TABLET,Retching,10,7.07667731629393,4,0.1,FALSE,0.215657754843637,43.1750249086682,Low (<50th)
HYDROXYCUT HARDCORE CAPSULES,Multiple Injuries,10,148.729770992366,4,0.1,FALSE,0.215657754843637,43.1750249086682,Low (<50th)
PRESERVISION AREDS 2,Eye Pain,10,11.2302728484253,4,0.1,FALSE,0.215657754843637,43.1750249086682,Low (<50th)
"CALTRATE 600 + VITAMIN D (CALCIUM CARBONATE, CHOLECALCIFEROL) TABLET",Choking,26,2.34781819461578,3,0,TRUE,0.213956893108768,43.1418133510462,Low (<50th)
"CENTRUM (MULTIMINERALS, MULTIVITAMINS) TABLET",Choking,24,3.21555702043507,4,0,FALSE,0.211586288692299,43.1086017934241,Low (<50th)
SUPER BETA PROSTATE,Thrombosis,11,2.10455944594075,3,0.545454545454545,FALSE,0.202116895716624,43.0753902358021,Low (<50th)
CITRACAL MAXIMUM,Oropharyngeal Pain,17,3.95444937645318,4,0,FALSE,0.201373236141469,43.04217867818,Low (<50th)
ADVOCARE CATALYST BOTTLE,Dyspnoea,3,5.98981928203451,3,0.666666666666667,FALSE,0.2,40.484888741282,Low (<50th)
ARBONNE ESSENTIALS HERBAL DETOX TEA,Abdominal Distension,3,4.94551043848389,3,0.666666666666667,FALSE,0.2,40.484888741282,Low (<50th)
ARBONNE ESSENTIALS VANILLA PROTEIN SHAKE MIX,Abdominal Pain Upper,3,5.16932523997741,3,0.666666666666667,FALSE,0.2,40.484888741282,Low (<50th)
BENEFIBER SUGAR FREE (NCH) (WHEAT DEXTRIN) CHEWABLE TABLET,Pain,3,4.37003222341568,3,0.666666666666667,FALSE,0.2,40.484888741282,Low (<50th)
BENEFIBER WITH WHEAT DEXTRIN,Decreased Appetite,3,4.01151315789474,3,0.666666666666667,FALSE,0.2,40.484888741282,Low (<50th)
BENEFIBER WITH WHEAT DEXTRIN (NCH) WHEAT DEXTRIN POWDER,Constipation,3,4.73027718550107,3,0.666666666666667,FALSE,0.2,40.484888741282,Low (<50th)
CALTRATE 600 PLUS CHEWABLE,Malaise,3,6.9359375,3,0.666666666666667,FALSE,0.2,40.484888741282,Low (<50th)
CENTRUM MULTIGUMMIES ADULTS 50+,Malaise,3,6.3578125,3,0.666666666666667,FALSE,0.2,40.484888741282,Low (<50th)
EXTENZE,Chest Pain,3,4.08408634538153,3,0.666666666666667,FALSE,0.2,40.484888741282,Low (<50th)
EXTENZE PLUS,Chest Pain,3,4.41099397590361,3,0.666666666666667,FALSE,0.2,40.484888741282,Low (<50th)
FLINTSTONES PLUS IRON,Diarrhoea,3,6.65239306148397,3,0.666666666666667,FALSE,0.2,40.484888741282,Low (<50th)
GNC AMP WHEYBOLIC,Nausea,3,5.32801134710503,3,0.666666666666667,FALSE,0.2,40.484888741282,Low (<50th)
GNC NIACIN,Dyspnoea,3,4.65855752718947,3,0.666666666666667,FALSE,0.2,40.484888741282,Low (<50th)
HERBALIFE CELL ACTIVATOR,Blood Bilirubin Increased,3,4.7576112412178,3,0.666666666666667,FALSE,0.2,40.484888741282,Low (<50th)
HERBALIFE CELL ACTIVATOR,Body Temperature Increased,3,5.72791353383459,3,0.666666666666667,FALSE,0.2,40.484888741282,Low (<50th)
HERBALIFE CELL-U-LOSS,Chromaturia,3,5.26692581794623,3,0.666666666666667,FALSE,0.2,40.484888741282,Low (<50th)
HERBALIFE CELL-U-LOSS,Liver Function Test Abnormal,3,4.572272215973,3,0.666666666666667,FALSE,0.2,40.484888741282,Low (<50th)
HERBALIFE HERBAL ALOE CONCENTRATE,Constipation,3,4.45979287237283,3,0.666666666666667,FALSE,0.2,40.484888741282,Low (<50th)
HERBALIFE HERBAL ALOE CONCENTRATE,Dehydration,3,4.71621839265582,3,0.666666666666667,FALSE,0.2,40.484888741282,Low (<50th)
HERBALIFE RELAX NOW,Abdominal Pain,3,7.16793893129771,3,0.666666666666667,FALSE,0.2,40.484888741282,Low (<50th)
HERBALIFE TOTAL CONTROL,Blood Bilirubin Increased,3,6.55455522708949,3,0.666666666666667,FALSE,0.2,40.484888741282,Low (<50th)
HERBALIFE TOTAL CONTROL,Liver Function Test Abnormal,3,4.7223764037692,3,0.666666666666667,FALSE,0.2,40.484888741282,Low (<50th)
HYDROXYCUT CAFFEINE-FREE CAPLETS,Weight Decreased,3,5.46268656716418,3,0.666666666666667,FALSE,0.2,40.484888741282,Low (<50th)
HYDROXYCUT HARDCORE,Hepatic Enzyme Increased,3,5.11783216783217,3,0.666666666666667,FALSE,0.2,40.484888741282,Low (<50th)
HYDROXYCUT HARDCORE CAPSULES,Diabetes Mellitus,3,5.54961832061069,3,0.666666666666667,FALSE,0.2,40.484888741282,Low (<50th)
HYDROXYCUT MAX,Heart Rate Increased,3,6.51434289526351,3,0.666666666666667,FALSE,0.2,40.484888741282,Low (<50th)
HYDROXYCUT RAPID RELEASE CAPLETS,Pain,3,4.62718771719214,3,0.666666666666667,FALSE,0.2,40.484888741282,Low (<50th)
HYDROXYCUT REGULAR DRINK MIX SACHETS,Chest Pain,3,5.25161359724613,3,0.666666666666667,FALSE,0.2,40.484888741282,Low (<50th)
HYDROXYCUT WITH EPHEDRA,Hypertension,3,7.07693794703267,3,0.666666666666667,FALSE,0.2,40.484888741282,Low (<50th)
ISAFLUSH ARIZONA NUTRITIONAL SUPPLEMENTS,Palpitations,3,5.78287135749822,3,0.666666666666667,FALSE,0.2,40.484888741282,Low (<50th)
ISAFLUSH ARIZONA NUTRITIONAL SUPPLEMENTS,Rash,3,5.32377317339149,3,0.666666666666667,FALSE,0.2,40.484888741282,Low (<50th)
ISAFLUSH ARIZONA NUTRITIONAL SUPPLEMENTS,Urticaria,3,5.48713049342475,3,0.666666666666667,FALSE,0.2,40.484888741282,Low (<50th)
KOWA NUTRIDIET,Diarrhoea,3,6.65239306148397,3,0.666666666666667,FALSE,0.2,40.484888741282,Low (<50th)
KOWA NUTRIDIET,Dizziness,3,7.28198628094244,3,0.666666666666667,FALSE,0.2,40.484888741282,Low (<50th)
KOWA NUTRIDIET,Vomiting,3,5.76381949089192,3,0.666666666666667,FALSE,0.2,40.484888741282,Low (<50th)
KRILL OMEGA-3 SUPER FORMULA,Malaise,3,6.9359375,3,0.666666666666667,FALSE,0.2,40.484888741282,Low (<50th)
LEPTIBURN,Aspartate Aminotransferase Increased,3,5.76666666666667,3,0.666666666666667,FALSE,0.2,40.484888741282,Low (<50th)
LEPTIBURN,Syncope,3,4.83988095238095,3,0.666666666666667,FALSE,0.2,40.484888741282,Low (<50th)
LIFE EXTENSION VITAMIN B3 NIACIN,Dizziness,3,4.24739039665971,3,0.666666666666667,FALSE,0.2,40.484888741282,Low (<50th)
LIFEPAK NANO (US),Dyspnoea,3,4.65855752718947,3,0.666666666666667,FALSE,0.2,40.484888741282,Low (<50th)
LIFEVANTAGE PROTANDIM NRF2 SYNERGIZER,Diarrhoea,3,4.65638906547997,3,0.666666666666667,FALSE,0.2,40.484888741282,Low (<50th)
METABO379,Diarrhoea,3,3.8801652892562,3,0.666666666666667,FALSE,0.2,40.484888741282,Low (<50th)
NATROL MELATONIN,Dyspnoea,3,5.24098454493417,3,0.666666666666667,FALSE,0.2,40.484888741282,Low (<50th)
NATURAL ACCELERATOR,Flatulence,3,5.52074688796681,3,0.666666666666667,FALSE,0.2,40.484888741282,Low (<50th)
NATURAL ACCELERATOR ARIZONA NUTRITIONAL SUPPLEMENTS,Palpitations,3,3.91662654469588,3,0.666666666666667,FALSE,0.2,40.484888741282,Low (<50th)
NATURE MADE SUPER B-COMPLEX WITH VITAMIN C & FOLIC ACID TABLET,Blood Pressure Increased,3,6.27932098765432,3,0.666666666666667,FALSE,0.2,40.484888741282,Low (<50th)
NATURE'S BOUNTY FISH OIL,Diarrhoea,3,5.82072472981564,3,0.666666666666667,FALSE,0.2,40.484888741282,Low (<50th)
NEW VITALITY SUPER BETA PROSTATE,Swelling,3,6.50319744204636,3,0.666666666666667,FALSE,0.2,40.484888741282,Low (<50th)
NIACIN 500,Dyspnoea,3,6.98826559816829,3,0.666666666666667,FALSE,0.2,40.484888741282,Low (<50th)
NUTRAFOL WOMENS BALANCE HAIR GROWTH NUTRACEUTICAL,Lip Swelling,3,4.99426229508197,3,0.666666666666667,FALSE,0.2,40.484888741282,Low (<50th)
NUTRIDIET,Blood Pressure Increased,3,5.02314814814815,3,0.666666666666667,FALSE,0.2,40.484888741282,Low (<50th)
NUTRILITE CAL MAG D,Abdominal Pain Upper,3,4.824604743083,3,0.666666666666667,FALSE,0.2,40.484888741282,Low (<50th)
NUTRILITE INTESTIFLORA 7,Vomiting,3,5.04323877719637,3,0.666666666666667,FALSE,0.2,40.484888741282,Low (<50th)
NUTRILITE SLIMMETRY,Heart Rate Increased,3,4.44096064042695,3,0.666666666666667,FALSE,0.2,40.484888741282,Low (<50th)
OKINAWA LIFE,Malaise,3,4.4874080882353,3,0.666666666666667,FALSE,0.2,40.484888741282,Low (<50th)
OMEGAPLEX,Hepatic Enzyme Increased,3,4.12626889239793,3,0.666666666666667,FALSE,0.2,40.484888741282,Low (<50th)
ONE A DAY WEIGHT SMART ADVANCED,Hypersensitivity,3,4.38088829071333,3,0.666666666666667,FALSE,0.2,40.484888741282,Low (<50th)
ONE A DAY WEIGHTSMART ADVANCED,Dyspnoea,3,5.24098454493417,3,0.666666666666667,FALSE,0.2,40.484888741282,Low (<50th)
OSTEO BI-FLEX ONE PER DAY COATED TABLETS,Dyspnoea,3,6.98826559816829,3,0.666666666666667,FALSE,0.2,40.484888741282,Low (<50th)
OXYELITE PRO,Body Temperature Increased,3,6.01480263157895,3,0.666666666666667,FALSE,0.2,40.484888741282,Low (<50th)
OXYELITE PRO,Renal Disorder,3,7.17058823529412,3,0.666666666666667,FALSE,0.2,40.484888741282,Low (<50th)
PLEXUS BIO CLEANSE,Abdominal Distension,3,4.22368421052632,3,0.666666666666667,FALSE,0.2,40.484888741282,Low (<50th)
PLEXUS BIO CLEANSE,Throat Tightness,3,5.83078393881453,3,0.666666666666667,FALSE,0.2,40.484888741282,Low (<50th)
PLEXUS RESTORE,Vomiting,3,6.72459377581933,3,0.666666666666667,FALSE,0.2,40.484888741282,Low (<50th)
PLEXUS SLIM,Swollen Tongue,3,3.96868215371255,3,0.666666666666667,FALSE,0.2,40.484888741282,Low (<50th)
PLEXUS SLIM MICROBIOME ACTIVATING,Chest Pain,3,5.80465282181357,3,0.666666666666667,FALSE,0.2,40.484888741282,Low (<50th)
PLEXUS SLIM MICROBIOME ACTIVATING,Pruritus,3,5.24036638162367,3,0.666666666666667,FALSE,0.2,40.484888741282,Low (<50th)
PLEXUS WORLDWIDE INC. PLEXUS SLIM,Vomiting,3,5.04323877719637,3,0.666666666666667,FALSE,0.2,40.484888741282,Low (<50th)
PRESERVISION AREDS 2 FORMULA,Pneumonia,3,5.7256169212691,3,0.666666666666667,FALSE,0.2,40.484888741282,Low (<50th)
PURITAN'S PRIDE TURMERIC CURCUMIN,Asthenia,3,5.6811481768813,3,0.666666666666667,FALSE,0.2,40.484888741282,Low (<50th)
SUSTAIN,Chest Pain,3,6.89344879518072,3,0.666666666666667,FALSE,0.2,40.484888741282,Low (<50th)
TRIM,Vomiting,3,5.04323877719637,3,0.666666666666667,FALSE,0.2,40.484888741282,Low (<50th)
TRUVY ALTER,Headache,3,4.11677908937605,3,0.666666666666667,FALSE,0.2,40.484888741282,Low (<50th)
TRUVY TRUFIX,Headache,3,4.75032429627708,3,0.666666666666667,FALSE,0.2,40.484888741282,Low (<50th)
VITAMIN B6,Tremor,3,5.18374933616569,3,0.666666666666667,FALSE,0.2,40.484888741282,Low (<50th)
VITAMIN D,Hypoaesthesia,3,5.21314102564103,3,0.666666666666667,FALSE,0.2,40.484888741282,Low (<50th)
XENADRINE,Headache,3,4.75032429627708,3,0.666666666666667,FALSE,0.2,40.484888741282,Low (<50th)
HYDROXYCUT,Hypertension,9,3.49457887556545,3,0.555555555555556,FALSE,0.199203986045294,40.4184656260379,Low (<50th)
KRATOM,Hallucination,9,3.44734761016038,3,0.555555555555556,FALSE,0.199203986045294,40.4184656260379,Low (<50th)
CITRACAL,Foreign Body,15,10.0531651829871,4,0,FALSE,0.197666311324831,40.3520425107938,Low (<50th)
LACTAID FAST ACT,Nausea,15,4.91929197354981,4,0,FALSE,0.197666311324831,40.3520425107938,Low (<50th)
HYDROXYCUT HARDCORE CAPSULES,Myocardial Infarction,7,3.97369617155177,3,0.571428571428571,FALSE,0.196522775613806,40.2524078379276,Low (<50th)
MODERE ACTIVATE,Diarrhoea,7,3.50776164760477,3,0.571428571428571,FALSE,0.196522775613806,40.2524078379276,Low (<50th)
"PRESERVISION AREDS 2 FORMULA SOFT GELS (CAPSULE, SOFT)",Cough,7,2.93441832429174,3,0.571428571428571,FALSE,0.196522775613806,40.2524078379276,Low (<50th)
PRESERVISION AREDS 2,Eye Disorder,14,14.1234956839519,4,0,FALSE,0.195622967082668,40.1527731650614,Low (<50th)
KRATOM,Hyperhidrosis,14,2.22314602321159,3,0.5,FALSE,0.195622967082668,40.1527731650614,Low (<50th)
PRESERVISION AREDS 2,Blood Glucose Increased,14,2.10425819533626,3,0,TRUE,0.195622967082668,40.1527731650614,Low (<50th)
ADVOCARE OMEGAPLEX,Vomiting,5,2.92432937568141,3,0.6,FALSE,0.195128991946204,39.8206575888409,Low (<50th)
BENEFIBER WITH WHEAT DEXTRIN (NCH) (WHEAT DEXTRIN) POWDER,Hypertension,5,2.77761308051036,3,0.6,FALSE,0.195128991946204,39.8206575888409,Low (<50th)
CITRACAL REGULAR,Choking,5,4.01100706423526,3,0.6,FALSE,0.195128991946204,39.8206575888409,Low (<50th)
ISAGENIX NATURAL ACCELERATOR,Abdominal Discomfort,5,4.02944383860414,3,0.6,FALSE,0.195128991946204,39.8206575888409,Low (<50th)
MODERE ACTIVATE,Abdominal Pain Upper,5,3.89338247024664,3,0.6,FALSE,0.195128991946204,39.8206575888409,Low (<50th)
NUTRAFOL WOMEN HAIR GROWTH NUTRACEUTICAL,Abdominal Pain,5,3.25984714873604,3,0.6,FALSE,0.195128991946204,39.8206575888409,Low (<50th)
SHAKEOLOGY CHOCOLATE BAG 30 SERVING,Diarrhoea,5,4.08639681264229,3,0.6,FALSE,0.195128991946204,39.8206575888409,Low (<50th)
SUPER BETA PROSTATE P3 ADVANCED,Renal Failure,5,2.87705131544673,3,0.6,FALSE,0.195128991946204,39.8206575888409,Low (<50th)
SUPER BETA VIRILITY BOOST,Renal Failure,5,4.6817368896752,3,0.6,FALSE,0.195128991946204,39.8206575888409,Low (<50th)
TRUVY ALTER,Vomiting,5,4.48470653072472,3,0.6,FALSE,0.195128991946204,39.8206575888409,Low (<50th)
CITRACAL MAXIMUM,Pharyngeal Injury,13,12.9823049001815,4,0,FALSE,0.193428130211335,39.7542344735968,Low (<50th)
"ONE A DAY MEN'S HEALTH FORMULA (MULTIVITAMINS, MINERALS, LYCOPENE) FILM-COATED TABLET",Dysphagia,13,2.9463040446304,3,0,TRUE,0.193428130211335,39.7542344735968,Low (<50th)
"CITRACAL CALCIUM + D SLOW RELEASE 1200 (CALCIUM CARBONATE, CALCIUM CITRATE, VITAMIN D, MAGNESIUM HYDROXIDE) FILM-COATED TABLET",Choking,12,5.35328947368421,4,0,FALSE,0.191057525794866,39.6545998007307,Low (<50th)
CITRACAL PETITES,Retching,12,3.81436420722135,4,0,FALSE,0.191057525794866,39.6545998007307,Low (<50th)
PRESERVISION AREDS 2,Blindness Unilateral,12,16.2328489354512,4,0,FALSE,0.191057525794866,39.6545998007307,Low (<50th)
CITRACAL MAXIMUM(CHOLECALCIFEROL +CALCIUM CITRATE) FILM-COATED TABLET,Choking,11,4.9063750479636,4,0,FALSE,0.188480532080261,39.4885420126204,Low (<50th)
CITRACAL PETITES CHOLECALCIFEROL CALCIUM CITRATE FILM COATED TABLET,Choking,11,6.79413810987565,4,0,FALSE,0.188480532080261,39.4885420126204,Low (<50th)
CITRACAL PETITES(CHOLECALCIFEROL +CALCIUM CITRATE) FILM-COATED TABLET,Choking,11,8.029764841309,4,0,FALSE,0.188480532080261,39.4885420126204,Low (<50th)
OCUVITE ADULT 50+,Macular Degeneration,11,27.9982778415614,4,0,FALSE,0.188480532080261,39.4885420126204,Low (<50th)
PRESERVISION AREDS 2,International Normalised Ratio Increased,11,4.19695453245639,4,0,FALSE,0.188480532080261,39.4885420126204,Low (<50th)
KRATOM,Tremor,15,2.26209602092285,3,0.466666666666667,FALSE,0.187666311324831,39.4221188973763,Low (<50th)
MODERE BURN,Diarrhoea,15,3.24186343331206,3,0.466666666666667,FALSE,0.187666311324831,39.4221188973763,Low (<50th)
CALTRATE 600 + VITAMIN D,Dysphagia,10,3.92073033527275,4,0,FALSE,0.185657754843637,39.1564264363999,Low (<50th)
CALTRATE 600 + VITAMIN D,Foreign Body,10,6.93444766615498,4,0,FALSE,0.185657754843637,39.1564264363999,Low (<50th)
"CENTRUM SILVER ULTRA WOMEN'S MULTIMINERALS, MULTIVITAMINS TABLET",Choking,10,6.69023347583032,4,0,FALSE,0.185657754843637,39.1564264363999,Low (<50th)
CENTRUM SILVER WOMENS 50 MULTIMINERALS MULTIVITAMINS TABLET,Choking,10,5.35185794146662,4,0,FALSE,0.185657754843637,39.1564264363999,Low (<50th)
"CENTRUM ULTRA WOMEN'S (MULTIMINERALS, MULTIVITAMINS) TABLET",Throat Irritation,10,19.1332470892626,4,0,FALSE,0.185657754843637,39.1564264363999,Low (<50th)
CITRACAL PETITES BAYER,Choking,10,5.0172640578757,4,0,FALSE,0.185657754843637,39.1564264363999,Low (<50th)
ONE A DAY WOMEN'S MULTIVITAMINS + MINERALS FILM COATED TABLET,Choking,10,4.45960758522416,4,0,FALSE,0.185657754843637,39.1564264363999,Low (<50th)
HYDROXYCUT REGULAR RAPID RELEASE CAPLETS,Cerebrovascular Accident,10,2.16231636000571,3,0.5,FALSE,0.185657754843637,39.1564264363999,Low (<50th)
CENTRUM SILVER MULTIMINERALS MULTIVITAMINS TABLET,Foreign Body Trauma,9,6.34723828802776,4,0,FALSE,0.182537319378627,38.7578877449352,Low (<50th)
CENTRUM WOMEN UNDER 50 MULTIMINERALS MULTIVITAMINS TABLET,Choking,9,7.22456024987671,4,0,FALSE,0.182537319378627,38.7578877449352,Low (<50th)
EMERGEN-C,Diabetes Mellitus,9,16.6512820512821,4,0,FALSE,0.182537319378627,38.7578877449352,Low (<50th)
LACTAID FAST ACT,Abdominal Pain,9,6.81105976491021,4,0,FALSE,0.182537319378627,38.7578877449352,Low (<50th)
ONE A DAY MEN'S MEN'S HEALTH FORMULA,Foreign Body,9,17.0795693073156,4,0,FALSE,0.182537319378627,38.7578877449352,Low (<50th)
ONE A DAY WOMEN'S FILM-COATED TABLET,Choking,9,5.55701260764552,4,0,FALSE,0.182537319378627,38.7578877449352,Low (<50th)
ONE A DAY WOMEN'S PETITES,Choking,9,4.51479533125103,4,0,FALSE,0.182537319378627,38.7578877449352,Low (<50th)
PRESERVISION AREDS 2,Disease Progression,9,59.5204460966543,4,0,FALSE,0.182537319378627,38.7578877449352,Low (<50th)
RITUAL ESSENTIAL FOR WOMEN PRENATAL MULTIVITAMIN,Hypersensitivity,9,5.64545980335454,4,0,FALSE,0.182537319378627,38.7578877449352,Low (<50th)
SUPER BETA PROSTATE,Penile Haemorrhage,9,48.6440217391304,4,0,FALSE,0.182537319378627,38.7578877449352,Low (<50th)
SUPER BETA PROSTATE,Prostatic Specific Antigen Increased,9,12.1610054347826,4,0,FALSE,0.182537319378627,38.7578877449352,Low (<50th)
SUPER BETA PROSTATE P3 ADVANCED,Nephrolithiasis,9,3.21023736476667,3,0,TRUE,0.182537319378627,38.7578877449352,Low (<50th)
KRATOM,Insomnia,16,2.2647667364139,3,0.4375,FALSE,0.180827732211105,38.7246761873132,Low (<50th)
AG1 WHOLE FOOD DIETARY SUPPLEMENT,Aspartate Aminotransferase Increased,8,19.9889400921659,4,0,FALSE,0.179048969313672,38.1600797077383,Low (<50th)
ARBONNE ESSENTIALS DAILY FIBER BOOST,Pharyngeal Oedema,8,21.1092364265628,4,0,FALSE,0.179048969313672,38.1600797077383,Low (<50th)
ARBONNE ESSENTIALS PROTEIN SHAKE MIX - VANILLA,Pharyngeal Oedema,8,24.9016456180635,4,0,FALSE,0.179048969313672,38.1600797077383,Low (<50th)
"CENTRUM (MULTIMINERALS, MULTIVITAMINS) TABLET",Coeliac Disease,8,14.3259911894273,4,0,FALSE,0.179048969313672,38.1600797077383,Low (<50th)
CENTRUM SILVER ADULTS 50+ MULTIMINERALS MULTIVITAMINS TABLET,Choking,8,4.28007889546351,4,0,FALSE,0.179048969313672,38.1600797077383,Low (<50th)
CENTRUM SILVER WOMEN'S 50+ TABLET,Choking,8,4.28007889546351,4,0,FALSE,0.179048969313672,38.1600797077383,Low (<50th)
CENTRUM SILVER WOMENS 50 MULTIMINERALS MULTIVITAMINS TABLET,Dysphagia,8,10.8726513569937,4,0,FALSE,0.179048969313672,38.1600797077383,Low (<50th)
CITRACAL CALCIUM + D3 GUMMIES,Choking,8,5.83694937541092,4,0,FALSE,0.179048969313672,38.1600797077383,Low (<50th)
CITRACAL MAXIMUM CHOLECALCIFEROL + CALCIUM CITRATE FILM COATED TABLET,Choking,8,4.58589273973889,4,0,FALSE,0.179048969313672,38.1600797077383,Low (<50th)
CITRACAL MAXIMUM PLUS,Foreign Body In Throat,8,24.0809327000185,4,0,FALSE,0.179048969313672,38.1600797077383,Low (<50th)
EMERGEN-C,Nephrolithiasis,8,5.11741528762805,4,0,FALSE,0.179048969313672,38.1600797077383,Low (<50th)
NATUREMADE VITAMIN C,Dyspnoea,8,6.21916499474539,4,0,FALSE,0.179048969313672,38.1600797077383,Low (<50th)
ONE A DAY MEN'S MULTIVITAMIN,Foreign Body,8,14.4118081180812,4,0,FALSE,0.179048969313672,38.1600797077383,Low (<50th)
ONE A DAY MENS 50 PLUS HEATHLY ADVANTAGE,Foreign Body In Throat,8,32.3660477453581,4,0,FALSE,0.179048969313672,38.1600797077383,Low (<50th)
PRESERVISION AREDS 2,Lacrimation Increased,8,7.32559336574207,4,0,FALSE,0.179048969313672,38.1600797077383,Low (<50th)
PRESERVISION AREDS 2 MULTIVITAMIN,Macular Degeneration,8,27.5635901419391,4,0,FALSE,0.179048969313672,38.1600797077383,Low (<50th)
ONE-A-DAY WOMEN'S (MULTIVITAMINS) COATED TABLET,Choking,8,4.01249178172255,3,0,TRUE,0.179048969313672,38.1600797077383,Low (<50th)
AG1 WHOLE FOOD DIETARY SUPPLEMENT,Alanine Aminotransferase Increased,7,17.2309322033898,4,0,FALSE,0.175094204185235,37.0640983062106,Low (<50th)
AGELESS MALE TONIGHT,Hypertension,7,25.831746031746,4,0,FALSE,0.175094204185235,37.0640983062106,Low (<50th)
BENEFIBER PREBIOTIC FIBER SUPPLEMENT,Foreign Body In Throat,7,113.037037037037,4,0,FALSE,0.175094204185235,37.0640983062106,Low (<50th)
BENEFIBER WITH WHEAT DEXTRIN,Haematochezia,7,8.94811320754717,4,0,FALSE,0.175094204185235,37.0640983062106,Low (<50th)
BENEFIBER WITH WHEAT DEXTRIN (NCH) (WHEAT DEXTRIN) POWDER,Underdose,7,150.839009287926,4,0,FALSE,0.175094204185235,37.0640983062106,Low (<50th)
"CENTRUM SILVER (MULTIMINERALS, MULTIVITAMINS)",Coeliac Disease,7,13.8991452991453,4,0,FALSE,0.175094204185235,37.0640983062106,Low (<50th)
"CENTRUM SILVER ULTRA MEN'S (MULTIMINERALS, MULTIVITAMINS) TABLET",Choking,7,4.32070033499779,4,0,FALSE,0.175094204185235,37.0640983062106,Low (<50th)
CENTRUM SILVER ULTRA WOMEN'S MULTIMINERALS MULTIVITAMINS TABLET,Foreign Body Trauma,7,6.81711308929783,4,0,FALSE,0.175094204185235,37.0640983062106,Low (<50th)
CENTRUM SILVER WOMEN'S 50+,Macular Degeneration,7,5.10149925037481,4,0,FALSE,0.175094204185235,37.0640983062106,Low (<50th)
"CENTRUM SILVER WOMEN'S 50+ (MULTIMINERALS, MULTIVITAMINS) TABLET",Body Height Decreased,7,9.31048275862069,4,0,FALSE,0.175094204185235,37.0640983062106,Low (<50th)
"CENTRUM SILVER WOMEN'S 50+ MULTIMINERALS, MULTIVITAMINS TABLET",Retching,7,6.69911087558146,4,0,FALSE,0.175094204185235,37.0640983062106,Low (<50th)
CENTRUM SILVER WOMENS 50 MULTIMINERALS MULTIVITAMINS TABLET,Foreign Body Trauma,7,21.374296435272,4,0,FALSE,0.175094204185235,37.0640983062106,Low (<50th)
"CENTRUM ULTRA WOMEN'S (MULTIMINERAL, MULTIVITAMIN) TABLET",Choking,7,4.68085456039441,4,0,FALSE,0.175094204185235,37.0640983062106,Low (<50th)
CITRACAL MAXIMUM (CHOLECALCIFEROL + CALCIUM CITRATE) FILM-COATED TABLET,Pharyngeal Injury,7,25.4180327868852,4,0,FALSE,0.175094204185235,37.0640983062106,Low (<50th)
CITRACAL PETITES (CHOLECALCIFEROL + CALCIUM CITRATE) FILM-COATED TABLET,Oropharyngeal Pain,7,5.99507874015748,4,0,FALSE,0.175094204185235,37.0640983062106,Low (<50th)
CITRACAL PETITES FILM-COATED TABLET,Choking,7,5.61725554642564,4,0,FALSE,0.175094204185235,37.0640983062106,Low (<50th)
"EMERGEN-C (ASCORBIC ACID, B-COMPLEX, ELECTROLYTE, MULTIMINERAL, MULTIVIT, ZINC) POWDER FOR ORAL SOLUTION",Coeliac Disease,7,11.3692307692308,4,0,FALSE,0.175094204185235,37.0640983062106,Low (<50th)
FLINTSTONES GUMMIES MULTIVITAMINS,Drug Dependence,7,80.0939770330443,4,0,FALSE,0.175094204185235,37.0640983062106,Low (<50th)
LACTAID FAST ACT,Chills,7,20.0666118421053,4,0,FALSE,0.175094204185235,37.0640983062106,Low (<50th)
MODERE ACTIVATE,Blood Pressure Increased,7,5.68112736947123,4,0,FALSE,0.175094204185235,37.0640983062106,Low (<50th)
MOMMY'S BLISS GRIPE WATER ORIGINAL,Choking,7,7.02185702547247,4,0,FALSE,0.175094204185235,37.0640983062106,Low (<50th)
NATUREMADE FULL STRENGTH MINI OMEGA 3,Foreign Body,7,36.0125368731563,4,0,FALSE,0.175094204185235,37.0640983062106,Low (<50th)
NUTRAFOL WOMEN HAIR GROWTH NUTRACEUTICAL,Nephrolithiasis,7,13.7398230088496,4,0,FALSE,0.175094204185235,37.0640983062106,Low (<50th)
"ONE A DAY MEN'S 50+ HEALTHY ADVANTAGE (MULTIVITAMINS, MINERALS, LYCOPENE) FILM-COATED TABLET",Choking,7,4.32070033499779,4,0,FALSE,0.175094204185235,37.0640983062106,Low (<50th)
ONE A DAY MEN'S HEALTH FORMULA MULTIVITAMINS MINERALS LYCOPENE FILM COATED TABLET,Choking,7,5.10649137222679,4,0,FALSE,0.175094204185235,37.0640983062106,Low (<50th)
ONE A DAY WOMENS 50 PLUS HEALTHY ADVANTAGE,Foreign Body In Throat,7,47.583820662768,4,0,FALSE,0.175094204185235,37.0640983062106,Low (<50th)
ONE A DAY WOMENS (MULTIVITAMINS + MINERALS) FILM-COATED TABLET,Throat Irritation,7,17.6136597938144,4,0,FALSE,0.175094204185235,37.0640983062106,Low (<50th)
PHILLIPS' COLON HEALTH (BIFIDOBACTERIUM + LACTOBACILLUS) CAPSULE,Abdominal Distension,7,8.80795419374807,4,0,FALSE,0.175094204185235,37.0640983062106,Low (<50th)
PRESERVISION AREDS 2,Intraocular Pressure Increased,7,11.5734200743494,4,0,FALSE,0.175094204185235,37.0640983062106,Low (<50th)
PRESERVISION AREDS 2 FORMULA CHEWABLES,Macular Degeneration,7,23.5537931034483,4,0,FALSE,0.175094204185235,37.0640983062106,Low (<50th)
RITUAL ESSENTIAL FOR WOMEN MULTIVITAMIN 18 PLUS,Hypersensitivity,7,9.03532055518837,4,0,FALSE,0.175094204185235,37.0640983062106,Low (<50th)
ARBONNE ESSENTIALS BODY CLEANSE,Dyspnoea,7,3.37592135164509,3,0,TRUE,0.175094204185235,37.0640983062106,Low (<50th)
ARBONNE ESSENTIALS ENERGY FIZZ STICKS - CITRUS,Dyspnoea,7,3.76568216883403,3,0,TRUE,0.175094204185235,37.0640983062106,Low (<50th)
PREVAGEN REGULAR STRENGTH,Headache,11,3.49163738123129,3,0.454545454545455,FALSE,0.174844168443897,37.0308867485885,Low (<50th)
AGELESS MALE MAX,Myocardial Infarction,6,4.84636797454931,4,0,FALSE,0.170528762897433,35.5031550979741,Low (<50th)
ARBONNE ESSENTIALS PROTEIN SHAKE MIX - CHOCOLATE,Rash,6,5.60061208875287,4,0,FALSE,0.170528762897433,35.5031550979741,Low (<50th)
ARBONNE ESSENTIALS PROTEIN SHAKE MIX - VANILLA,Throat Irritation,6,9.66260766260766,4,0,FALSE,0.170528762897433,35.5031550979741,Low (<50th)
ARBONNE ESSENTIALS PROTEIN SHAKE MIX VANILLA,Hypersensitivity,6,18.803619561032,4,0,FALSE,0.170528762897433,35.5031550979741,Low (<50th)
ARBONNE ESSENTIALS VANILLA PROTEIN SHAKE MIX,Hypersensitivity,6,9.4004620716211,4,0,FALSE,0.170528762897433,35.5031550979741,Low (<50th)
BENEFIBER WITH WHEAT DEXTRIN,Rectal Haemorrhage,6,15.3396226415094,4,0,FALSE,0.170528762897433,35.5031550979741,Low (<50th)
"CALTRATE 600 + VITAMIN D (CALCIUM CARBONATE, CHOLECALCIFEROL) TABLET",Nephrolithiasis,6,5.80668598880375,4,0,FALSE,0.170528762897433,35.5031550979741,Low (<50th)
CENTRUM MULTIMINERALS MULTIVITAMINS TABLET,Dysphagia,6,6.43185560898492,4,0,FALSE,0.170528762897433,35.5031550979741,Low (<50th)
CENTRUM SILVER MEN'S 50+,Foreign Body In Throat,6,5.75426298586225,4,0,FALSE,0.170528762897433,35.5031550979741,Low (<50th)
CENTRUM SILVER MEN'S 50+,Neuropathy Peripheral,6,9.91302578018996,4,0,FALSE,0.170528762897433,35.5031550979741,Low (<50th)
"CENTRUM SILVER ULTRA WOMEN'S (MULTIMINERALS, MULTIVITAMINS)",Choking,6,6.87756443359467,4,0,FALSE,0.170528762897433,35.5031550979741,Low (<50th)
"CENTRUM SILVER WOMEN'S 50 (MULTIMINERALS, MULTIVITAMINS) TABLET",Choking,6,8.02398948406178,4,0,FALSE,0.170528762897433,35.5031550979741,Low (<50th)
"CENTRUM SILVER WOMEN'S 50 + (MULTIMINERALS, MULTIVITAMINS) TABLET",Foreign Body Trauma,6,10.9799437675726,4,0,FALSE,0.170528762897433,35.5031550979741,Low (<50th)
"CENTRUM SILVER WOMENS 50+ (MULTIMINERALS, MULTIVITAMINS) TABLET",Coeliac Disease,6,8.91228070175439,4,0,FALSE,0.170528762897433,35.5031550979741,Low (<50th)
CITRACAL CALCIUM CITRATE,Choking,6,5.34899769963852,4,0,FALSE,0.170528762897433,35.5031550979741,Low (<50th)
CITRACAL CHOLECALCIFEROL CALCIUM CITRATE COATED TABLET,Choking,6,4.81399934275386,4,0,FALSE,0.170528762897433,35.5031550979741,Low (<50th)
CITRACAL MAXIMUM (CHOLECALCIFEROL +CALCIUM CITRATE) FILM-COATED TABLET,Foreign Body,6,7.99361336281012,4,0,FALSE,0.170528762897433,35.5031550979741,Low (<50th)
CITRACAL PETITES,Regurgitation,6,15.8677551020408,4,0,FALSE,0.170528762897433,35.5031550979741,Low (<50th)
CITRACAL PETITES CHOLECALCIFEROL + CALCIUM CITRATE FILM COATED TABLET,Choking,6,6.87756443359467,4,0,FALSE,0.170528762897433,35.5031550979741,Low (<50th)
CITRACAL PETITES CHOLECALCIFEROL PLUS CALCIUM CITRATE FILM COATED TABLET,Foreign Body Trauma,6,24.9615745079663,4,0,FALSE,0.170528762897433,35.5031550979741,Low (<50th)
"CITRACAL PLUS MAGNESIUM (CALCIUM CITRATE, VITAMIN D, MINERALS) FILM-COATED TABLET",Choking,6,8.02398948406178,4,0,FALSE,0.170528762897433,35.5031550979741,Low (<50th)
EMERGEN-C,Coeliac Disease,6,4.74707602339181,4,0,FALSE,0.170528762897433,35.5031550979741,Low (<50th)
FLINSTONES COMPLETE (MULTIVITAMINS) CHEWABLE TABLET,Drug Dependence,6,55.3503401360544,4,0,FALSE,0.170528762897433,35.5031550979741,Low (<50th)
FLINTSTONES COMPLETE (MULTIVITAMINS) CHEWABLE TABLET,Dependence,6,13.5474108010551,4,0,FALSE,0.170528762897433,35.5031550979741,Low (<50th)
FLINTSTONES COMPLETE (MULTIVITAMINS) CHEWABLE TABLET,Suicide Attempt,6,186.700255102041,4,0,FALSE,0.170528762897433,35.5031550979741,Low (<50th)
FLINTSTONES GUMMIES MULTIVITAMINS,Dependence,6,39.0740296118447,4,0,FALSE,0.170528762897433,35.5031550979741,Low (<50th)
HYDROXYCUT HARDCORE RAPID RELEASE CAPSULES,Blood Pressure Increased,6,10.0618238021638,4,0,FALSE,0.170528762897433,35.5031550979741,Low (<50th)
MOMMY'S BLISS GRIPE WATER NIGHTTIME,Choking,6,8.02398948406178,4,0,FALSE,0.170528762897433,35.5031550979741,Low (<50th)
MOMMYS BLISS GRIPE WATER NIGHTTIME,Choking,6,8.02398948406178,4,0,FALSE,0.170528762897433,35.5031550979741,Low (<50th)
NUTRAFOL MEN HAIR GROWTH NUTRACEUTICAL,Hepatic Enzyme Increased,6,21.4481546572935,4,0,FALSE,0.170528762897433,35.5031550979741,Low (<50th)
"ONE A DAY MEN'S HEALTH FORMULA (MULTIVITAMINS, MINERALS, LYCOPENE) FILM-COATED TABLET",Retching,6,5.15873015873016,4,0,FALSE,0.170528762897433,35.5031550979741,Low (<50th)
"ONE A DAY MENS HEALTH FORMULA MULTIVITAMINS, MINERALS, LYCOPENE",Choking,6,8.02398948406178,4,0,FALSE,0.170528762897433,35.5031550979741,Low (<50th)
ONE A DAY WOMEN'S (MULTIVITAMINS +MINERALS) FILM-COATED TABLET,Choking,6,6.01774564574433,4,0,FALSE,0.170528762897433,35.5031550979741,Low (<50th)
"ONE A DAY WOMEN'S 50+ ADVANTAGE (MULTIVITAMINS, MINERALS, GINKGO BILOBA) FILM-COATED TABLET",Choking,6,5.34899769963852,4,0,FALSE,0.170528762897433,35.5031550979741,Low (<50th)
ONE A DAY WOMEN'S 50+ HEALTHY ADVANTAGE FILM-COATED TABLET,Choking,6,4.81399934275386,4,0,FALSE,0.170528762897433,35.5031550979741,Low (<50th)
ONE A DAY WOMEN'S PETITES,Foreign Body,6,13.4922623434046,4,0,FALSE,0.170528762897433,35.5031550979741,Low (<50th)
PRENA1 PEARL,Abortion Spontaneous,6,135.078838174274,4,0,FALSE,0.170528762897433,35.5031550979741,Low (<50th)
PRESERVISION AREDS 2 FORMULA,Cataract,6,16.5076228119706,4,0,FALSE,0.170528762897433,35.5031550979741,Low (<50th)
PRESERVISION AREDS 2 FORMULA SOFT GELS,Dry Age-Related Macular Degeneration,6,74.7037037037037,4,0,FALSE,0.170528762897433,35.5031550979741,Low (<50th)
PRESERVISION AREDS 2 FORMULA SOFT GELS,Eye Haemorrhage,6,7.81782945736434,4,0,FALSE,0.170528762897433,35.5031550979741,Low (<50th)
AG1 WHOLE FOOD POUCH 360G NON SPECIFIC,Dehydration,6,3.41066847040164,3,0.5,FALSE,0.170528762897433,35.5031550979741,Low (<50th)
GARCINIA CAMBOGIA,Nausea,6,2.66489535941765,3,0.5,FALSE,0.170528762897433,35.5031550979741,Low (<50th)
OMEGAPLEX,Chest Pain,6,3.56260499087036,3,0.5,FALSE,0.170528762897433,35.5031550979741,Low (<50th)
OXYELITE PRO,Pruritus,6,2.49114441416894,3,0.5,FALSE,0.170528762897433,35.5031550979741,Low (<50th)
SUPER BETA PROSTATE P3 ADVANCED,Cardiac Disorder,6,4.12640099626401,3,0.5,FALSE,0.170528762897433,35.5031550979741,Low (<50th)
TRUBIOTICS (BIFIDOBACTERIUM + LACTOBACILLUS) CAPSULE,Diarrhoea,6,2.91170855870188,3,0.5,FALSE,0.170528762897433,35.5031550979741,Low (<50th)
ARBONNE ESSENTIALS DIGESTION PLUS,Vomiting,9,2.16283743842365,3,0.444444444444444,FALSE,0.16587065271196,35.43673198273,Low (<50th)
SUPER BETA PROSTATE,Renal Pain,9,3.13832398316971,3,0.444444444444444,FALSE,0.16587065271196,35.43673198273,Low (<50th)
ARBONNE ESSENTIALS HERBAL DETOX TEA,Pharyngeal Oedema,5,14.6940680517916,4,0,FALSE,0.165128991946204,32.8794420458319,Low (<50th)
ARBONNE ESSENTIALS PROTEIN SHAKE MIX - CHOCOLATE,Swelling,5,7.33173076923077,4,0,FALSE,0.165128991946204,32.8794420458319,Low (<50th)
ARBONNE ESSENTIALS PROTEIN SHAKE MIX - CHOCOLATE,Throat Tightness,5,11.7082533589251,4,0,FALSE,0.165128991946204,32.8794420458319,Low (<50th)
ARBONNE ESSENTIALS PROTEIN SHAKE MIX CHOCOLATE,Hypersensitivity,5,15.6626467380845,4,0,FALSE,0.165128991946204,32.8794420458319,Low (<50th)
ARBONNE ESSENTIALS PROTEIN SHAKE MIX VANILLA,Dyspnoea,5,9.98874979545083,4,0,FALSE,0.165128991946204,32.8794420458319,Low (<50th)
BEAUTY SLIM (PRETTY SLIM),Dry Mouth,5,237.063106796117,4,0,FALSE,0.165128991946204,32.8794420458319,Low (<50th)
BEAUTY SLIM (PRETTY SLIM),Feeling Abnormal,5,75.7131782945736,4,0,FALSE,0.165128991946204,32.8794420458319,Low (<50th)
BEAUTY SLIM (PRETTY SLIM),Hypervigilance,5,6976.42857142857,4,0,FALSE,0.165128991946204,32.8794420458319,Low (<50th)
BEAUTY SLIM (PRETTY SLIM),Weight Decreased,5,73.1062874251497,4,0,FALSE,0.165128991946204,32.8794420458319,Low (<50th)
BENEFIBER,Malaise,5,6.69845233521761,4,0,FALSE,0.165128991946204,32.8794420458319,Low (<50th)
BEROCCA MULTIVITAMINS CAFFEINE EFFERVESCENT TABLET,Drug Dependence,5,74.2277287929462,4,0,FALSE,0.165128991946204,32.8794420458319,Low (<50th)
CALCIUM SUPPLEMENT,Hypersensitivity,5,12.1815596467595,4,0,FALSE,0.165128991946204,32.8794420458319,Low (<50th)
CENTRUM MULTIMINERALS MULTIVITAMINS TABLET,Foreign Body Trauma,5,12.0296175832841,4,0,FALSE,0.165128991946204,32.8794420458319,Low (<50th)
CENTRUM SILVER,Macular Degeneration,5,6.04303156640858,4,0,FALSE,0.165128991946204,32.8794420458319,Low (<50th)
"CENTRUM SILVER (MULTIMINERALS, MULTIVITAMINS) TABLET",Neoplasm Malignant,5,5.59008853627688,4,0,FALSE,0.165128991946204,32.8794420458319,Low (<50th)
CENTRUM SILVER ADULTS 50+,Cataract,5,16.5517826825127,4,0,FALSE,0.165128991946204,32.8794420458319,Low (<50th)
CENTRUM SILVER ADULTS 50+ MULTIMINERALS MULTIVITAMINS TABLET,Dysphagia,5,6.78690575479566,4,0,FALSE,0.165128991946204,32.8794420458319,Low (<50th)
CENTRUM SILVER MEN'S 50+,Vitamin B12 Increased,5,40.3864013266998,4,0,FALSE,0.165128991946204,32.8794420458319,Low (<50th)
CENTRUM SILVER MEN'S 50+ MULTIMINERALS MULTIVITAMINS TABLET,Dysphagia,5,6.78690575479566,4,0,FALSE,0.165128991946204,32.8794420458319,Low (<50th)
"CENTRUM SILVER MULTIMINERALS, MULTIVITAMINS TABLET",Dysphagia,5,6.36259382819016,4,0,FALSE,0.165128991946204,32.8794420458319,Low (<50th)
"CENTRUM SILVER ULTRA MEN'S (MULTIMINERALS, MULTIVITAMINS) TABLET",Dysphagia,5,7.8313658818246,4,0,FALSE,0.165128991946204,32.8794420458319,Low (<50th)
"CENTRUM SILVER ULTRA WOMEN'S (MULTIMINERAL, MULTIVITAMINS) TABLET",Foreign Body Trauma,5,16.3275815944355,4,0,FALSE,0.165128991946204,32.8794420458319,Low (<50th)
CENTRUM SILVER ULTRA WOMEN'S MULTIMINERALS MULTIVITAMINS TABLET,Oesophageal Injury,5,63.3017644006227,4,0,FALSE,0.165128991946204,32.8794420458319,Low (<50th)
CENTRUM SILVER ULTRA WOMEN'S MULTIMINERALS MULTIVITAMINS TABLET,Retching,5,8.22621977947871,4,0,FALSE,0.165128991946204,32.8794420458319,Low (<50th)
"CENTRUM SILVER ULTRA WOMEN'S MULTIMINERALS, MULTIVITAMINS TABLET",Dysphagia,5,8.48415346121768,4,0,FALSE,0.165128991946204,32.8794420458319,Low (<50th)
CENTRUM SILVER ULTRA WOMENS MULTIMINERAL MULTIVITAMINS,Choking,5,6.68555938886151,4,0,FALSE,0.165128991946204,32.8794420458319,Low (<50th)
CENTRUM SILVER ULTRA WOMENS MULTIMINERALS MULTIVITAMINS TABLET,Oesophageal Injury,5,24.3492602958816,4,0,FALSE,0.165128991946204,32.8794420458319,Low (<50th)
"CENTRUM SILVER WOMEN'S 50 PLUS (MUL TIMINERALS, MULTIVITAMINS) TABLET",Choking,5,8.02283555117464,4,0,FALSE,0.165128991946204,32.8794420458319,Low (<50th)
CENTRUM SILVER WOMEN'S 50 PLUS MULTIMINERALS MULTIVITAMINS TABLET,Foreign Body Trauma,5,8.78961394410833,4,0,FALSE,0.165128991946204,32.8794420458319,Low (<50th)
CENTRUM SILVER WOMEN'S 50+,Neoplasm Malignant,5,5.41917502787068,4,0,FALSE,0.165128991946204,32.8794420458319,Low (<50th)
CENTRUM SILVER WOMEN'S 50+ MULTIMINERALS MULTIVITAMIN,Choking,5,8.02283555117464,4,0,FALSE,0.165128991946204,32.8794420458319,Low (<50th)
CENTRUM SILVER WOMEN'S 50+ MULTIMINERALS MULTIVITAMINSTABLET,Choking,5,8.02283555117464,4,0,FALSE,0.165128991946204,32.8794420458319,Low (<50th)
CENTRUM SILVER WOMENS 50 PLUS MULTIMINERALS MULTIVITAMINS TABLET,Dysphagia,5,8.48415346121768,4,0,FALSE,0.165128991946204,32.8794420458319,Low (<50th)
CENTRUM SILVER WOMENS 50+ (MULTIMINERALS MULTIVITAMIN) TABLET,Choking,5,8.02283555117464,4,0,FALSE,0.165128991946204,32.8794420458319,Low (<50th)
CENTRUM SILVER WOMENS 50+ MULTIMINERALS MULTIVITAMIN TABLET,Dysphagia,5,8.48415346121768,4,0,FALSE,0.165128991946204,32.8794420458319,Low (<50th)
CENTRUM ULTRA WOMENS MULTIMINERALS MULTIVITAMINS TABLET,Foreign Body Trauma,5,8.78961394410833,4,0,FALSE,0.165128991946204,32.8794420458319,Low (<50th)
"CENTRUM WOMEN UNDER 50 (MULTIMINERALS, MULTIVITAMINS) TABLET",Retching,5,13.8136744396649,4,0,FALSE,0.165128991946204,32.8794420458319,Low (<50th)
"CENTRUM WOMEN UNDER 50 (MULTIMINERALS, MULTIVITAMINS) TABLET",Throat Irritation,5,11.2036356959236,4,0,FALSE,0.165128991946204,32.8794420458319,Low (<50th)
CITRACAL,Retching,5,7.15883078006691,4,0,FALSE,0.165128991946204,32.8794420458319,Low (<50th)
CITRACAL MAXIMUM (CHOLECALCIFEROL + CALCIUM CITRATE) FILM-COATED TABLET,Regurgitation,5,29.1447368421053,4,0,FALSE,0.165128991946204,32.8794420458319,Low (<50th)
CITRACAL MAXIMUM BAYER,Foreign Body In Throat,5,15.2875939849624,4,0,FALSE,0.165128991946204,32.8794420458319,Low (<50th)
CITRACAL MAXIMUM(CHOLECALCIFEROL +CALCIUM CITRATE) FILM-COATED TABLET,Dysphagia,5,5.65540728384765,4,0,FALSE,0.165128991946204,32.8794420458319,Low (<50th)
CITRACAL PETITES BAYER,Foreign Body,5,11.2352724594993,4,0,FALSE,0.165128991946204,32.8794420458319,Low (<50th)
CITRACAL PETITES FILM-COATED TABLET,Foreign Body,5,17.9786450662739,4,0,FALSE,0.165128991946204,32.8794420458319,Low (<50th)
CITRACAL PETITES(CHOLECALCIFEROL +CALCIUM CITRATE) FILM-COATED TABLET,Dysphagia,5,9.25562969140951,4,0,FALSE,0.165128991946204,32.8794420458319,Low (<50th)
EMERGEN-C,Pneumonia,5,8.19949494949495,4,0,FALSE,0.165128991946204,32.8794420458319,Low (<50th)
EXTENZE PLUS,Hyperhidrosis,5,12.7787958115183,4,0,FALSE,0.165128991946204,32.8794420458319,Low (<50th)
FLINSTONES COMPLETE (MULTIVITAMINS) CHEWABLE TABLET,Dependence,5,26.29767291532,4,0,FALSE,0.165128991946204,32.8794420458319,Low (<50th)
FLINTSTONES WITH IRON (MULTIVITAMINS + IRON) CHEWABLE TABLET,Accidental Drug Intake By Child,5,1953.4,4,0,FALSE,0.165128991946204,32.8794420458319,Low (<50th)
GARCINIA CAMBOGIA,Somnolence,5,30.1606524962926,4,0,FALSE,0.165128991946204,32.8794420458319,Low (<50th)
LIBIDO MAX FOR MEN,Blood Pressure Increased,5,12.5720906282183,4,0,FALSE,0.165128991946204,32.8794420458319,Low (<50th)
LIBIDO MAX FOR MEN,Dizziness,5,8.50104456824513,4,0,FALSE,0.165128991946204,32.8794420458319,Low (<50th)
LIPODRENE,Vomiting,5,6.72774869109948,4,0,FALSE,0.165128991946204,32.8794420458319,Low (<50th)
MODERE TRIM CHOCOLATE,Constipation,5,6.68433596318212,4,0,FALSE,0.165128991946204,32.8794420458319,Low (<50th)
NATUREMADE BURP-LESS FISH OIL,Dyspnoea,5,9.98874979545083,4,0,FALSE,0.165128991946204,32.8794420458319,Low (<50th)
NATUREMADE CALCIUM,Dyspnoea,5,13.9848224513173,4,0,FALSE,0.165128991946204,32.8794420458319,Low (<50th)
NATUREMADE L-LYSINE,Choking,5,5.73036213006642,4,0,FALSE,0.165128991946204,32.8794420458319,Low (<50th)
NATUREMADE VITAMIN C,Foreign Body,5,9.98649975454099,4,0,FALSE,0.165128991946204,32.8794420458319,Low (<50th)
ONE A DAY ESSENTIAL,Foreign Body,5,7.18924889543446,4,0,FALSE,0.165128991946204,32.8794420458319,Low (<50th)
"ONE A DAY MEN'S HEALTH FORMULA (MULTIVITAMINS, MULTIMINERALS, LYCOPENE) FILM-COATED TABLET",Choking,5,6.68555938886151,4,0,FALSE,0.165128991946204,32.8794420458319,Low (<50th)
ONE A DAY WOMEN'S 50 PLUS HEALTHY ADVANTAGE BAYER,Foreign Body,5,17.9786450662739,4,0,FALSE,0.165128991946204,32.8794420458319,Low (<50th)
ONE A DAY WOMEN'S 50+ HEALTHY ADVANTAGE,Foreign Body,5,8.98748159057437,4,0,FALSE,0.165128991946204,32.8794420458319,Low (<50th)
ONE A DAY WOMENS MULTIVITAMIN COATED TABLET,Choking,5,5.73036213006642,4,0,FALSE,0.165128991946204,32.8794420458319,Low (<50th)
ONE A DAY WOMENS MULTIVITAMINS COATED TABLET,Foreign Body Trauma,5,16.3275815944355,4,0,FALSE,0.165128991946204,32.8794420458319,Low (<50th)
PHILLIPS' LAXATIVE DIETARY SUPPLEMENT (MAGNESIUM OXIDE) COATED TABLET,Drug Dependence,5,56.7577307602883,4,0,FALSE,0.165128991946204,32.8794420458319,Low (<50th)
PINK PUSSYCAT,Headache,5,7.92388834793898,4,0,FALSE,0.165128991946204,32.8794420458319,Low (<50th)
PRESERVISION AREDS 2 FORMULA,Condition Aggravated,5,6.70404512933407,4,0,FALSE,0.165128991946204,32.8794420458319,Low (<50th)
PRESERVISION AREDS 2 FORMULA,Macular Degeneration,5,7.25506253722454,4,0,FALSE,0.165128991946204,32.8794420458319,Low (<50th)
PRESERVISION AREDS 2 FORMULA SOFT GELS,Drug Ineffective,5,8.11996779388084,4,0,FALSE,0.165128991946204,32.8794420458319,Low (<50th)
PRESERVISION AREDS 2 FORMULA SOFT GELS,Glaucoma,5,10.1868686868687,4,0,FALSE,0.165128991946204,32.8794420458319,Low (<50th)
"PRESERVISION AREDS 2 FORMULA SOFT GELS (CAPSULE, SOFT)",Macular Degeneration,5,5.27592335703139,4,0,FALSE,0.165128991946204,32.8794420458319,Low (<50th)
PRESERVISION LUTEIN,Macular Degeneration,5,59.7186888454012,4,0,FALSE,0.165128991946204,32.8794420458319,Low (<50th)
REUMOFAN PLUS,Joint Swelling,5,41.8479752916953,4,0,FALSE,0.165128991946204,32.8794420458319,Low (<50th)
SUPER BETA PROSTATE P3 ADVANCED,Blood Urine,5,100.409090909091,4,0,FALSE,0.165128991946204,32.8794420458319,Low (<50th)
TOTAL BODY ESSENTIAL TOTAL BODY FORMULA,Muscle Spasms,5,25.9156050955414,4,0,FALSE,0.165128991946204,32.8794420458319,Low (<50th)
TRUVY TRIM,Palpitations,5,22.531838316722,4,0,FALSE,0.165128991946204,32.8794420458319,Low (<50th)
VITAPEARL PRENATAL MULTIVITAMIN WITH DHA,Abortion Spontaneous,5,112.100550964187,4,0,FALSE,0.165128991946204,32.8794420458319,Low (<50th)
14-DAY ACAI BERRY CLEANSE,Abdominal Distension,4,27.0901525658807,4,0,FALSE,0.158520206416239,27.1670541348389,Low (<50th)
AG1 WHOLE FOOD POUCH 360G NON SPECIFIC,Seizure,4,13.3113948248788,4,0,FALSE,0.158520206416239,27.1670541348389,Low (<50th)
AGELESS MALE MAX,Respiratory Disorder,4,46.0756143667297,4,0,FALSE,0.158520206416239,27.1670541348389,Low (<50th)
ARBONNE ESSENTIALS BODY CLEANSE,Pharyngeal Oedema,4,16.5826397146255,4,0,FALSE,0.158520206416239,27.1670541348389,Low (<50th)
ARBONNE ESSENTIALS CHOCOLATE PROTEIN SHAKE MIX,Pharyngeal Oedema,4,22.9035890218156,4,0,FALSE,0.158520206416239,27.1670541348389,Low (<50th)
ARBONNE ESSENTIALS ENERGY FIZZ STICKS,Vomiting,4,7.68720975993703,4,0,FALSE,0.158520206416239,27.1670541348389,Low (<50th)
ARBONNE ESSENTIALS ENERGY FIZZ STICKS - CITRUS,Pharyngeal Oedema,4,18.4971580143994,4,0,FALSE,0.158520206416239,27.1670541348389,Low (<50th)
ARBONNE ESSENTIALS ENERGY FIZZ STICKS - POMEGRANATE,Erythema,4,9.93345543345543,4,0,FALSE,0.158520206416239,27.1670541348389,Low (<50th)
ARBONNE ESSENTIALS ENERGY FIZZ STICKS - POMEGRANATE,Pharyngeal Oedema,4,17.8117131910235,4,0,FALSE,0.158520206416239,27.1670541348389,Low (<50th)
ARBONNE ESSENTIALS ENERGY FIZZ STICKS CITRUS,Hypersensitivity,4,17.5350089766607,4,0,FALSE,0.158520206416239,27.1670541348389,Low (<50th)
ARBONNE ESSENTIALS ENERGY FIZZ STICKS POMEGRANATE,Hypersensitivity,4,17.5350089766607,4,0,FALSE,0.158520206416239,27.1670541348389,Low (<50th)
ARBONNE ESSENTIALS GREENS BALANCE,Pharyngeal Oedema,4,24.0492610837438,4,0,FALSE,0.158520206416239,27.1670541348389,Low (<50th)
ARBONNE ESSENTIALS GREENS BALANCE,Urticaria,4,7.68818897637795,4,0,FALSE,0.158520206416239,27.1670541348389,Low (<50th)
ARBONNE ESSENTIALS HERBAL TEA,Hypersensitivity,4,21.91921005386,4,0,FALSE,0.158520206416239,27.1670541348389,Low (<50th)
ARBONNE ESSENTIALS PROTEIN SHAKE MIX,Dyspnoea,4,7.98871211811378,4,0,FALSE,0.158520206416239,27.1670541348389,Low (<50th)
ARBONNE ESSENTIALS PROTEIN SHAKE MIX - CHOCOLATE,Erythema,4,6.7032967032967,4,0,FALSE,0.158520206416239,27.1670541348389,Low (<50th)
ARBONNE ESSENTIALS PROTEIN SHAKE MIX - CHOCOLATE,Pharyngeal Oedema,4,12.0197044334975,4,0,FALSE,0.158520206416239,27.1670541348389,Low (<50th)
ARBONNE ESSENTIALS PROTEIN SHAKE MIX - VANILLA,Throat Tightness,4,9.58856469201297,4,0,FALSE,0.158520206416239,27.1670541348389,Low (<50th)
ARBONNE ESSENTIALS PROTEIN SHAKE MIX CHOCOLATE,Dyspnoea,4,7.98871211811378,4,0,FALSE,0.158520206416239,27.1670541348389,Low (<50th)
"BAYER PRO ULTRA OMEGA-3 (OMEGA-3 FATTY ACIDS, VITAMIN D3)",Choking,4,6.41721419185283,4,0,FALSE,0.158520206416239,27.1670541348389,Low (<50th)
BENEFIBER W WHEAT DEXTRIN (NCH) (WHEAT DEXTRIN) POWDER,Drug Dependence,4,6.44756170184609,4,0,FALSE,0.158520206416239,27.1670541348389,Low (<50th)
BENEFIBER W WHEAT DEXTRIN (NCH) (WHEAT DEXTRIN) POWDER,Underdose,4,74.4400305576776,4,0,FALSE,0.158520206416239,27.1670541348389,Low (<50th)
BENEFIBER WITH WHEAT DEXTRIN,Flatulence,4,6.76091476091476,4,0,FALSE,0.158520206416239,27.1670541348389,Low (<50th)
BENEFIBER WITH WHEAT DEXTRIN (NCH) (WHEAT DEXTRIN) POWDER,Gout,4,37.2200152788388,4,0,FALSE,0.158520206416239,27.1670541348389,Low (<50th)
"BEROCCA (CAFFEINE, MINERALS, ASCORBIC ACID, VITAMIN B)",Dependence,4,88.1896162528217,4,0,FALSE,0.158520206416239,27.1670541348389,Low (<50th)
BEROCCA CAFFEINE MINERALS ASCORBIC ACID VITAMIN B EFFERVESCENT TABLET,Drug Dependence,4,48.0551181102362,4,0,FALSE,0.158520206416239,27.1670541348389,Low (<50th)
BODYDYNAMIX SLIMVANCE THERMOGENIC,Chest Pain,4,6.6887716654107,4,0,FALSE,0.158520206416239,27.1670541348389,Low (<50th)
CALTRATE 600 + D CALCIUM CARBONATE CHOLECALCIFEROL TABLET,Choking,4,6.41721419185283,4,0,FALSE,0.158520206416239,27.1670541348389,Low (<50th)
CALTRATE 600 + D CALCIUM CARBONATE CHOLECALCIFEROL TABLET,Dysphagia,4,16.2851187994998,4,0,FALSE,0.158520206416239,27.1670541348389,Low (<50th)
CALTRATE 600 PLUS CHEWABLE CALCIUM CARBONATE VITAMIN D ZINC CHEWABLE TABLET,Choking,4,8.02168199737188,4,0,FALSE,0.158520206416239,27.1670541348389,Low (<50th)
"CENTRUM (MULTIMINERALS, MULTIVITAMINS)",Coeliac Disease,4,13.32096069869,4,0,FALSE,0.158520206416239,27.1670541348389,Low (<50th)
"CENTRUM (MULTIMINERALS, MULTIVITAMINS) TABLET",Diabetes Mellitus,4,16.26,4,0,FALSE,0.158520206416239,27.1670541348389,Low (<50th)
CENTRUM SILVER,Neoplasm Malignant,4,7.20230700976043,4,0,FALSE,0.158520206416239,27.1670541348389,Low (<50th)
"CENTRUM SILVER (MULTIMINERALS, MULTIVITAMINS)",Osteoporosis,4,69.4957264957265,4,0,FALSE,0.158520206416239,27.1670541348389,Low (<50th)
"CENTRUM SILVER (MULTIMINERALS, MULTIVITAMINS) CHEWABLE TABLET",Coeliac Disease,4,13.7509508381462,4,0,FALSE,0.158520206416239,27.1670541348389,Low (<50th)
CENTRUM SILVER ADULTS 50+,Visual Impairment,4,6.75138504155125,4,0,FALSE,0.158520206416239,27.1670541348389,Low (<50th)
CENTRUM SILVER MEN'S 50+,Vitamin B6 Increased,4,15.6334456748515,4,0,FALSE,0.158520206416239,27.1670541348389,Low (<50th)
CENTRUM SILVER MULTIMINERALS MULTIVITAMINS,Coeliac Disease,4,11.2162721213514,4,0,FALSE,0.158520206416239,27.1670541348389,Low (<50th)
"CENTRUM SILVER ULTRA WOMEN'S (MULTIMINERAL, MULTIVITAMIN) TABLET",Choking,4,6.41721419185283,4,0,FALSE,0.158520206416239,27.1670541348389,Low (<50th)
CENTRUM SILVER ULTRA WOMEN'S (MULTIMINERALS MULTIVITAMINS) TABLET,Oesophageal Injury,4,294.168674698795,4,0,FALSE,0.158520206416239,27.1670541348389,Low (<50th)
CENTRUM SILVER ULTRA WOMENS,Dysphagia,4,6.26248116202264,4,0,FALSE,0.158520206416239,27.1670541348389,Low (<50th)
CENTRUM SILVER ULTRA WOMENS MULTIMINERAL MULTIVITAMINS TABLET,Oropharyngeal Pain,4,14.1517721243749,4,0,FALSE,0.158520206416239,27.1670541348389,Low (<50th)
"CENTRUM SILVER WOMEN'S (MULTIMINERALS, MULTIVITAMINS) TABLET",Dysphagia,4,11.6317513249568,4,0,FALSE,0.158520206416239,27.1670541348389,Low (<50th)
"CENTRUM SILVER WOMEN'S 50 (MULTIMINERALS, MULTIVITAMINS) TABLET",Dysphagia,4,13.5706544393497,4,0,FALSE,0.158520206416239,27.1670541348389,Low (<50th)
"CENTRUM SILVER WOMEN'S 50 + (MULTIMINERALS, MULTIVITAMINS) TABLET",Retching,4,12.3582278481013,4,0,FALSE,0.158520206416239,27.1670541348389,Low (<50th)
CENTRUM SILVER WOMEN'S 50+ (MULTIMINERALS + MULTIVITAMINS) TABLET,Choking,4,8.02168199737188,4,0,FALSE,0.158520206416239,27.1670541348389,Low (<50th)
"CENTRUM SILVER WOMEN'S 50+ (MULTIMINERALS, MULTIVITAMINS) TABLET",Apparent Death,4,7.01309090909091,4,0,FALSE,0.158520206416239,27.1670541348389,Low (<50th)
CENTRUM SILVER WOMEN'S 50+ MULTIMINERALS MULTIVITAMIN TABLET,Choking,4,8.02168199737188,4,0,FALSE,0.158520206416239,27.1670541348389,Low (<50th)
CENTRUM SILVER WOMEN'S 50+ MULTIMINERALS MULTIVITAMINS TABLET,Fear,4,6.87733418052173,4,0,FALSE,0.158520206416239,27.1670541348389,Low (<50th)
CENTRUM SILVER WOMEN'S 50+ MULTIMINERALS MULTIVITAMINS TABLET,Oesophageal Injury,4,17.6490624150738,4,0,FALSE,0.158520206416239,27.1670541348389,Low (<50th)
"CENTRUM SILVER WOMENS 50+ (MULTIMINERALS, MULTIVITAMINS) TABLET",Dysphagia,4,20.3568153397249,4,0,FALSE,0.158520206416239,27.1670541348389,Low (<50th)
CENTRUM ULTRA WOMEN'S MULTIMINERALS MULTIVITAMINS TABLET,Dysphagia,4,8.14172571904961,4,0,FALSE,0.158520206416239,27.1670541348389,Low (<50th)
"CENTRUM WOMEN UNDER 50 MULTIMINERALS, MULTIVITAMINS TABLET",Dysphagia,4,13.5706544393497,4,0,FALSE,0.158520206416239,27.1670541348389,Low (<50th)
"CITRACAL CALCIUM + D SLOW RELEASE 1200 (CALCIUM CARBONATE, CALCIUM CITRATE, VITAMIN D, MAGNESIUM HYDROXIDE) FILM-COATED TABLET",Foreign Body Trauma,4,10.14904895541,4,0,FALSE,0.158520206416239,27.1670541348389,Low (<50th)
CITRACAL CALCIUM + D3 GUMMIES,Foreign Body,4,13.06548933039,4,0,FALSE,0.158520206416239,27.1670541348389,Low (<50th)
CITRACAL MAXIMUM CHOLECALCIFEROL + CALCIUM CITRATE FILM-COATED TABLET,Foreign Body,4,7.56299136361876,4,0,FALSE,0.158520206416239,27.1670541348389,Low (<50th)
CITRACAL MAXIMUM CHOLECALCIFEROL CALCIUM CITRATE,Choking,4,6.41721419185283,4,0,FALSE,0.158520206416239,27.1670541348389,Low (<50th)
CITRACAL MAXIMUM CHOLECALCIFEROL CALCIUM CITRATE FILM COATED TABLET,Foreign Body Trauma,4,6.76478536534664,4,0,FALSE,0.158520206416239,27.1670541348389,Low (<50th)
CITRACAL MAXIMUM CHOLECALCIFEROL PLUS CALCIUM CITRATE FILM COATED TABLET,Foreign Body Trauma,4,15.2254443405051,4,0,FALSE,0.158520206416239,27.1670541348389,Low (<50th)
CITRACAL PETITES (CHOLECALCIFEROL + CALCIUM CITRATE) FILM-COATED TABLET,Regurgitation,4,22.6011131725417,4,0,FALSE,0.158520206416239,27.1670541348389,Low (<50th)
CITRACAL PETITES FILM-COATED TABLET,Dysphagia,4,8.14172571904961,4,0,FALSE,0.158520206416239,27.1670541348389,Low (<50th)
CITRACAL PETITES(CHOLECALCIFEROL + CALCIUM CITRATE) FILM-COATED TABLET,Choking,4,8.02168199737188,4,0,FALSE,0.158520206416239,27.1670541348389,Low (<50th)
CITRACAL PLUS MAGNESIUM,Foreign Body,4,11.9764532744665,4,0,FALSE,0.158520206416239,27.1670541348389,Low (<50th)
"CITRACAL, MAXIMUM, BAYER",Foreign Body In Throat,4,36.6149231346082,4,0,FALSE,0.158520206416239,27.1670541348389,Low (<50th)
"CITRACAL, PETITES, BAYER",Choking,4,6.41721419185283,4,0,FALSE,0.158520206416239,27.1670541348389,Low (<50th)
EMERGEN-C,Anaphylactic Shock,4,8.34168272318561,4,0,FALSE,0.158520206416239,27.1670541348389,Low (<50th)
EU NATURAL CONCEPTION FOR HER FERTILITY AID AND MULTI,Ectopic Pregnancy,4,1220.5,4,0,FALSE,0.158520206416239,27.1670541348389,Low (<50th)
EXTENZE PLUS MALE ENHANCEMENT,Vomiting,4,10.7625344352617,4,0,FALSE,0.158520206416239,27.1670541348389,Low (<50th)
FLINTSTONES COMPLETE,Drug Dependence,4,16.3488021444128,4,0,FALSE,0.158520206416239,27.1670541348389,Low (<50th)
FLINTSTONES COMPLETE (MULTIVITAMINS + MINERALS) CHEWABLE TABLET,Accidental Drug Intake By Child,4,208.564102564103,4,0,FALSE,0.158520206416239,27.1670541348389,Low (<50th)
FLORASTOR DAILY PROBIOTIC SUPPLEMENT,Fungal Infection,4,254.3125,4,0,FALSE,0.158520206416239,27.1670541348389,Low (<50th)
FRUTA PLANTA,Insomnia,4,14.209545983702,4,0,FALSE,0.158520206416239,27.1670541348389,Low (<50th)
GNC NIACIN,Erythema,4,29.8113553113553,4,0,FALSE,0.158520206416239,27.1670541348389,Low (<50th)
HYDROXYCUT MAX,Chest Pain,4,9.81160512434062,4,0,FALSE,0.158520206416239,27.1670541348389,Low (<50th)
HYDROXYCUT NATURAL CAPLETS,Renal Failure,4,32.8221848739496,4,0,FALSE,0.158520206416239,27.1670541348389,Low (<50th)
HYDROXYCUT NATURAL CAPLETS,Rhabdomyolysis,4,47.8656862745098,4,0,FALSE,0.158520206416239,27.1670541348389,Low (<50th)
KRATOM 7OH,Dependence,4,110.23927765237,4,0,FALSE,0.158520206416239,27.1670541348389,Low (<50th)
LACTAID FAST ACT,Flatulence,4,10.6799431009957,4,0,FALSE,0.158520206416239,27.1670541348389,Low (<50th)
LACTAID FAST ACT LACTASE ENZYME SUPPLEMENT,Abdominal Pain Upper,4,13.7936586399266,4,0,FALSE,0.158520206416239,27.1670541348389,Low (<50th)
LACTAID FAST ACT LACTASE ENZYME SUPPLEMENT,Diarrhoea,4,8.87267771973654,4,0,FALSE,0.158520206416239,27.1670541348389,Low (<50th)
LACTAID FAST ACT LACTASE ENZYME SUPPLEMENT,Vomiting,4,7.68720975993703,4,0,FALSE,0.158520206416239,27.1670541348389,Low (<50th)
LE-VEL THRIVE,Headache,4,8.23787431463518,4,0,FALSE,0.158520206416239,27.1670541348389,Low (<50th)
LE-VEL THRIVE,Heart Rate Increased,4,13.0387182910547,4,0,FALSE,0.158520206416239,27.1670541348389,Low (<50th)
LIBIDO MAX FOR MEN,Heart Rate Increased,4,13.0387182910547,4,0,FALSE,0.158520206416239,27.1670541348389,Low (<50th)
MELATONIN,Depression,4,8.98691967575534,4,0,FALSE,0.158520206416239,27.1670541348389,Low (<50th)
MNS 3,Nephrolithiasis,4,12.2766599597586,4,0,FALSE,0.158520206416239,27.1670541348389,Low (<50th)
NATURE MADE CALCIUM 600 MG WITH VITAMIN D3,Dyspnoea,4,6.21318828132455,4,0,FALSE,0.158520206416239,27.1670541348389,Low (<50th)
NATURE MADE CALCIUM 600 MG WITH VITAMIN D3,Foreign Body,4,15.9695854795193,4,0,FALSE,0.158520206416239,27.1670541348389,Low (<50th)
NATUREMADE CALCIUM,Foreign Body,4,28.747608535688,4,0,FALSE,0.158520206416239,27.1670541348389,Low (<50th)
NATUREMADE FISH OIL,Foreign Body,4,9.58057395143488,4,0,FALSE,0.158520206416239,27.1670541348389,Low (<50th)
NATUREMADE FULL STRENGTH MINI OMEGA 3 SOFTGEL,Dyspnoea,4,7.98871211811378,4,0,FALSE,0.158520206416239,27.1670541348389,Low (<50th)
NATUREMADE L-LYSINE,Dyspnoea,4,7.98871211811378,4,0,FALSE,0.158520206416239,27.1670541348389,Low (<50th)
NATUREMADE L-LYSINE 1000 MG,Dyspnoea,4,6.98997995991984,4,0,FALSE,0.158520206416239,27.1670541348389,Low (<50th)
NATUREMADE L-LYSINE 1000 MG,Foreign Body Trauma,4,22.8400374181478,4,0,FALSE,0.158520206416239,27.1670541348389,Low (<50th)
NATUREMADE SUPER B COMPLEX TABLET,Pyrexia,4,21.4413702239789,4,0,FALSE,0.158520206416239,27.1670541348389,Low (<50th)
NATUREMADE VITAMIN C 1000 MG TABLET,Foreign Body,4,23.9558498896247,4,0,FALSE,0.158520206416239,27.1670541348389,Low (<50th)
NIACIN,Burning Sensation,4,21.4516695957821,4,0,FALSE,0.158520206416239,27.1670541348389,Low (<50th)
NIACIN,Pruritus,4,8.30340136054422,4,0,FALSE,0.158520206416239,27.1670541348389,Low (<50th)
NIACIN,Rash,4,9.32467532467532,4,0,FALSE,0.158520206416239,27.1670541348389,Low (<50th)
NUTRAFOL WOMEN'S BALANCE,Rash,4,7.10378696933319,4,0,FALSE,0.158520206416239,27.1670541348389,Low (<50th)
OCUVITE ADULT 50 PLUS,Foreign Body In Throat,4,24.4064491938508,4,0,FALSE,0.158520206416239,27.1670541348389,Low (<50th)
ONE A DAY MEN'S 50+ MINIGELS COMPLETE MULTIVITAMIN,Foreign Body,4,28.747608535688,4,0,FALSE,0.158520206416239,27.1670541348389,Low (<50th)
"ONE A DAY MEN'S HEALTH FORMULA (MULTIVITAMINS, MINERALS, LYCOPENE) FILM-COATED TABLET",Choking Sensation,4,13.8004246284501,4,0,FALSE,0.158520206416239,27.1670541348389,Low (<50th)
ONE A DAY MENS 50 PLUS HEATHLY ADVANTAGE,Retching,4,9.65348101265823,4,0,FALSE,0.158520206416239,27.1670541348389,Low (<50th)
ONE A DAY WOMEN'S 50 PLUS ADVANTAGE,Constipation,4,8.68303094983991,4,0,FALSE,0.158520206416239,27.1670541348389,Low (<50th)
ONE A DAY WOMEN'S 50+ HEALTHY ADVANTAGE (MULTIVITAMINS +MINERALS) FILM-COATED TABLET,Choking,4,8.02168199737188,4,0,FALSE,0.158520206416239,27.1670541348389,Low (<50th)
ONE A DAY WOMEN'S MULTIVITAMINS + MINERALS FILM-COATED TABLET,Foreign Body,4,7.98332106941378,4,0,FALSE,0.158520206416239,27.1670541348389,Low (<50th)
ONE A DAY WOMEN'S PRENATAL 1,Abortion Spontaneous,4,80.3786008230453,4,0,FALSE,0.158520206416239,27.1670541348389,Low (<50th)
ONE A DAY WOMENS MULTIVITAMINS + MINERALS,Choking,4,8.02168199737188,4,0,FALSE,0.158520206416239,27.1670541348389,Low (<50th)
OXYLIFE PHENOCANE,Liver Function Test Abnormal,4,55.0386024232178,4,0,FALSE,0.158520206416239,27.1670541348389,Low (<50th)
PHILLIP'S COLON HEALTH,Haematochezia,4,21.8314330427007,4,0,FALSE,0.158520206416239,27.1670541348389,Low (<50th)
PHILLIPS COLON HEALTH,Haematochezia,4,27.7871674491393,4,0,FALSE,0.158520206416239,27.1670541348389,Low (<50th)
PHILLIPS' COLON HEALTH (BIFIDOBACTERIUM + LACTOBACILLUS) CAPSULE,Flatulence,4,7.51305151305151,4,0,FALSE,0.158520206416239,27.1670541348389,Low (<50th)
PHILLIPS' COLON HEALTH BIFIDOBACTERIUM + LACTOBACILLUS CAPSULE,Abdominal Distension,4,16.9292649098474,4,0,FALSE,0.158520206416239,27.1670541348389,Low (<50th)
PRESERVISION AREDS,Age-Related Macular Degeneration,4,37.1576542269612,4,0,FALSE,0.158520206416239,27.1670541348389,Low (<50th)
PRESERVISION AREDS,Macular Degeneration,4,12.8086111840378,4,0,FALSE,0.158520206416239,27.1670541348389,Low (<50th)
PRESERVISION AREDS,Visual Impairment,4,12.3451417004049,4,0,FALSE,0.158520206416239,27.1670541348389,Low (<50th)
PRESERVISION AREDS 2 FORMULA,Age-Related Macular Degeneration,4,16.7800258286698,4,0,FALSE,0.158520206416239,27.1670541348389,Low (<50th)
PRESERVISION AREDS 2 FORMULA SOFT GELS,Blood Pressure Systolic Increased,4,10.1868686868687,4,0,FALSE,0.158520206416239,27.1670541348389,Low (<50th)
PRESERVISION AREDS 2 FORMULA SOFT GELS,Eye Disorder,4,6.49597423510467,4,0,FALSE,0.158520206416239,27.1670541348389,Low (<50th)
PRESERVISION AREDS 2 MULTIVITAMIN SOFT GELS,Macular Degeneration,4,21.4946603545084,4,0,FALSE,0.158520206416239,27.1670541348389,Low (<50th)
QUINCY BIOSCIENCE PREVAGEN,Convulsion,4,18.122668646191,4,0,FALSE,0.158520206416239,27.1670541348389,Low (<50th)
RELACORE,Vision Blurred,4,7.87363834422658,4,0,FALSE,0.158520206416239,27.1670541348389,Low (<50th)
RITUAL ESSENTIAL FOR WOMEN MULTIVITAMIN 50 PLUS,Hypersensitivity,4,17.5350089766607,4,0,FALSE,0.158520206416239,27.1670541348389,Low (<50th)
RITUAL HYACERA,Hypersensitivity,4,17.5350089766607,4,0,FALSE,0.158520206416239,27.1670541348389,Low (<50th)
RITUAL STRESS RELIEF,Gastrointestinal Disorder,4,63.4181818181818,4,0,FALSE,0.158520206416239,27.1670541348389,Low (<50th)
SLIMVANCE THERMOGENIC,Throat Tightness,4,26.7246852764094,4,0,FALSE,0.158520206416239,27.1670541348389,Low (<50th)
SLOW FE BROWN (NCH) (FERROUS SULFATE) TABLET,Blood Iron Decreased,4,81.041095890411,4,0,FALSE,0.158520206416239,27.1670541348389,Low (<50th)
SNI PRO WHEY,Diarrhoea,4,15.5281399046105,4,0,FALSE,0.158520206416239,27.1670541348389,Low (<50th)
SUNDOWN NATURALS NIACIN 500 MG TIME RELEASE CAPLETS,Erythema,4,67.0824175824176,4,0,FALSE,0.158520206416239,27.1670541348389,Low (<50th)
SUPER BETA PROSTATE P3 ADVANCED,Respiratory Disorder,4,17.4624505928854,4,0,FALSE,0.158520206416239,27.1670541348389,Low (<50th)
SUPER BETA VIRILITY BOOST,Haematuria,4,16.7582171743246,4,0,FALSE,0.158520206416239,27.1670541348389,Low (<50th)
TRUBIOTICS (BIFIDOBACTERIUM + LACTOBACILLUS) CAPSULE,Haematochezia,4,9.54773082942097,4,0,FALSE,0.158520206416239,27.1670541348389,Low (<50th)
TRUVY TRUFIX,Palpitations,4,12.4677944462177,4,0,FALSE,0.158520206416239,27.1670541348389,Low (<50th)
UMARY HYALURONIC ACID,Hepatic Enzyme Increased,4,20.1186772432265,4,0,FALSE,0.158520206416239,27.1670541348389,Low (<50th)
VANILLA PROTEIN,Gastric Disorder,4,213.257641921397,4,0,FALSE,0.158520206416239,27.1670541348389,Low (<50th)
VIVAZEN,Anxiety,4,28.6837004405286,4,0,FALSE,0.158520206416239,27.1670541348389,Low (<50th)
VIVAZEN,Diarrhoea,4,10.3516693163752,4,0,FALSE,0.158520206416239,27.1670541348389,Low (<50th)
VIVAZEN,Drug Withdrawal Syndrome,4,353.869565217391,4,0,FALSE,0.158520206416239,27.1670541348389,Low (<50th)
VIVAZEN,Dysphoria,4,32556,4,0,FALSE,0.158520206416239,27.1670541348389,Low (<50th)
VIVAZEN,Insomnia,4,37.8998835855646,4,0,FALSE,0.158520206416239,27.1670541348389,Low (<50th)
VIVAZEN,Irritability,4,214.184210526316,4,0,FALSE,0.158520206416239,27.1670541348389,Low (<50th)
VIVAZEN,Restless Legs Syndrome,4,957.529411764706,4,0,FALSE,0.158520206416239,27.1670541348389,Low (<50th)
VIVAZEN,Tremor,4,40.3920595533499,4,0,FALSE,0.158520206416239,27.1670541348389,Low (<50th)
ZANTREX 3,Erythema,4,14.9029304029304,4,0,FALSE,0.158520206416239,27.1670541348389,Low (<50th)
ZANTREX 3,Urticaria,4,8.54278215223097,4,0,FALSE,0.158520206416239,27.1670541348389,Low (<50th)
AG1 WHOLE FOOD POUCH 360G NON SPECIFIC,Nephrolithiasis,4,3.53876869464208,3,0.5,FALSE,0.158520206416239,27.1670541348389,Low (<50th)
BENEFIBER W WHEAT DEXTRIN (NCH) (WHEAT DEXTRIN) POWDER,Diverticulitis,4,5.76648124038348,3,0.5,FALSE,0.158520206416239,27.1670541348389,Low (<50th)
BENEFIBER WITH WHEAT DEXTRIN (NCH) (WHEAT DEXTRIN) POWDER,Flatulence,4,3.40474152238858,3,0.5,FALSE,0.158520206416239,27.1670541348389,Low (<50th)
CALCIUM,Vomiting,4,3.16467347269486,3,0.5,FALSE,0.158520206416239,27.1670541348389,Low (<50th)
CELL ACTIVATOR,Fatigue,4,5.13657407407407,3,0.5,FALSE,0.158520206416239,27.1670541348389,Low (<50th)
"CENTRUM SILVER MEN'S 50+ (MULTIMINERALS, MULTIVITAMINS) TABLET",Vision Blurred,4,3.89444244676176,3,0.5,FALSE,0.158520206416239,27.1670541348389,Low (<50th)
ENDLESS YOUTH VITAMIN SUPPLEMENT,Dyspnoea,4,5.08330947609505,3,0.5,FALSE,0.158520206416239,27.1670541348389,Low (<50th)
HERBAL CLEANSE WITH CITRUS FIBER DRINK,Dizziness,4,3.99852582870949,3,0.5,FALSE,0.158520206416239,27.1670541348389,Low (<50th)
HERBALIFE CELL ACTIVATOR,Alanine Aminotransferase Increased,4,4.88781954887218,3,0.5,FALSE,0.158520206416239,27.1670541348389,Low (<50th)
HERBALIFE FORMULA 2 MULTIVITAMIN COMPLEX,Abdominal Pain,4,4.98819802789557,3,0.5,FALSE,0.158520206416239,27.1670541348389,Low (<50th)
KRATOM,Mood Swings,4,5.77788381247763,3,0.5,FALSE,0.158520206416239,27.1670541348389,Low (<50th)
LEPTIBURN,Loss Of Consciousness,4,3.59222443119063,3,0.5,FALSE,0.158520206416239,27.1670541348389,Low (<50th)
MODERE BURN,Nephrolithiasis,4,4.76995305164319,3,0.5,FALSE,0.158520206416239,27.1670541348389,Low (<50th)
MODERE SUSTAIN,Vomiting,4,4.13875821148548,3,0.5,FALSE,0.158520206416239,27.1670541348389,Low (<50th)
NIACIN,Nausea,4,3.10822510822511,3,0.5,FALSE,0.158520206416239,27.1670541348389,Low (<50th)
NUTRILITE SLIMMETRY,Hypersensitivity,4,3.98384201077199,3,0.5,FALSE,0.158520206416239,27.1670541348389,Low (<50th)
PHILLIPS' COLON HEALTH,Abdominal Pain Upper,4,3.44693171386202,3,0.5,FALSE,0.158520206416239,27.1670541348389,Low (<50th)
PLEXUS BIO CLEANSE,Urticaria,4,3.20157480314961,3,0.5,FALSE,0.158520206416239,27.1670541348389,Low (<50th)
PREVAGEN EXTRA STRENGTH,Tremor,4,4.24735536110748,3,0.5,FALSE,0.158520206416239,27.1670541348389,Low (<50th)
PREVAGEN REGULAR STRENGTH,Syncope,4,5.36947846429063,3,0.5,FALSE,0.158520206416239,27.1670541348389,Low (<50th)
RECONNECT,Dizziness,4,5.66515837104072,3,0.5,FALSE,0.158520206416239,27.1670541348389,Low (<50th)
TRIVEREX,Swelling,4,4.68571428571429,3,0.5,FALSE,0.158520206416239,27.1670541348389,Low (<50th)
TRUVY TRUFIX,Dizziness,4,5.22926985996948,3,0.5,FALSE,0.158520206416239,27.1670541348389,Low (<50th)
TRUVY TRUFIX,Nausea,4,3.82574288456641,3,0.5,FALSE,0.158520206416239,27.1670541348389,Low (<50th)
VITAMIN E,Diarrhoea,4,4.77700868289104,3,0.5,FALSE,0.158520206416239,27.1670541348389,Low (<50th)
ZANTREX 3,Headache,4,4.57584704062983,3,0.5,FALSE,0.158520206416239,27.1670541348389,Low (<50th)
SUPER BETA PROSTATE,Pollakiuria,10,2.80773574251835,3,0.4,FALSE,0.155657754843637,27.1006310195948,Low (<50th)
SUPER BETA PROSTATE P3 ADVANCED,Hypertension,10,2.74341778440139,3,0.4,FALSE,0.155657754843637,27.1006310195948,Low (<50th)
ARBONNE ESSENTIALS PROTEIN SHAKE MIX - CHOCOLATE,Vomiting,7,2.35456299972429,3,0.428571428571429,FALSE,0.153665632756663,26.9677847891066,Low (<50th)
ARBONNE ESSENTIALS PROTEIN SHAKE MIX - VANILLA,Vomiting,7,2.41498589637547,3,0.428571428571429,FALSE,0.153665632756663,26.9677847891066,Low (<50th)
PROTANDIM US,Fatigue,7,2.67420289855072,3,0.428571428571429,FALSE,0.153665632756663,26.9677847891066,Low (<50th)
VITAMIN B6,Nausea,7,2.4875127420999,3,0.428571428571429,FALSE,0.153665632756663,26.9677847891066,Low (<50th)
5 HOUR ENERGY BERRY,Convulsion,3,16.044578313253,4,0,FALSE,0.15,15.6758551976088,Low (<50th)
5-HOUR ENERGY,Cardiac Disorder,3,8.40810112036771,4,0,FALSE,0.15,15.6758551976088,Low (<50th)
ADVOCARE DIETARY SUPPLEMENTS,Body Temperature Increased,3,160.64802631579,4,0,FALSE,0.15,15.6758551976088,Low (<50th)
ADVOCARE DIETARY SUPPLEMENTS,Dizziness,3,16.9926931106472,4,0,FALSE,0.15,15.6758551976088,Low (<50th)
ADVOCARE DIETARY SUPPLEMENTS,Dyspnoea,3,13.9773898111048,4,0,FALSE,0.15,15.6758551976088,Low (<50th)
ADVOCARE DIETARY SUPPLEMENTS,Headache,3,20.5889544688027,4,0,FALSE,0.15,15.6758551976088,Low (<50th)
ADVOCARE DIETARY SUPPLEMENTS,Heart Rate Increased,3,32.5797198132088,4,0,FALSE,0.15,15.6758551976088,Low (<50th)
AG1 WHOLE FOOD POUCH 360G NON SPECIFIC,Cystitis,3,17.9466126656848,4,0,FALSE,0.15,15.6758551976088,Low (<50th)
AGELESS MALE,Prostatic Specific Antigen Increased,3,74.0708502024292,4,0,FALSE,0.15,15.6758551976088,Low (<50th)
AGELESS MALE PERFORMANCE,Hypertension,3,9.90933694181326,4,0,FALSE,0.15,15.6758551976088,Low (<50th)
ARBONNE ESSENTIALS ENERGY FIZZ STICKS CITRUS,Dyspnoea,3,8.38609044075558,4,0,FALSE,0.15,15.6758551976088,Low (<50th)
ARBONNE ESSENTIALS ENERGY FIZZ STICKS POMEGRANATE,Pharyngeal Oedema,3,71.992628992629,4,0,FALSE,0.15,15.6758551976088,Low (<50th)
ARBONNE ESSENTIALS HERBAL TEA,Dyspnoea,3,10.4828277046365,4,0,FALSE,0.15,15.6758551976088,Low (<50th)
ARBONNE ESSENTIALS PROTEIN SHAKE MIX - CHOCOLATE,Swelling Face,3,8.77697841726619,4,0,FALSE,0.15,15.6758551976088,Low (<50th)
BAYER ONE A DAY WEIGHT SMART,Nausea,3,12.4330448065173,4,0,FALSE,0.15,15.6758551976088,Low (<50th)
BEACHBODY SHAKEOLOGY CHOCOLATE,Abdominal Pain,3,8.60187903699354,4,0,FALSE,0.15,15.6758551976088,Low (<50th)
BENEFIBER PREBIOTIC FIBER SUPPLEMENT,Oropharyngeal Pain,3,35.765625,4,0,FALSE,0.15,15.6758551976088,Low (<50th)
BENEFIBER W WHEAT DEXTRIN (NCH) (WHEAT DEXTRIN) POWDER,Barrett's Oesophagus,3,94.4815772462831,4,0,FALSE,0.15,15.6758551976088,Low (<50th)
BENEFIBER W WHEAT DEXTRIN (NCH) (WHEAT DEXTRIN) POWDER,Hiatus Hernia,3,33.1962298432887,4,0,FALSE,0.15,15.6758551976088,Low (<50th)
BENEFIBER WITH WHEAT DEXTRIN,Diverticulitis,3,8.55789473684211,4,0,FALSE,0.15,15.6758551976088,Low (<50th)
BENEFIBER WITH WHEAT DEXTRIN (NCH) (WHEAT DEXTRIN) POWDER,Irritable Bowel Syndrome,3,13.6473389355742,4,0,FALSE,0.15,15.6758551976088,Low (<50th)
BEROCCA CAFFEINE MINERALS ASCORBIC ACID VITAMIN B,Drug Dependence,3,191.517647058824,4,0,FALSE,0.15,15.6758551976088,Low (<50th)
BEROCCA MULTIVITAMINS CAFFEINE EFFERVESCENT TABLET,Dependence,3,25.3778586278586,4,0,FALSE,0.15,15.6758551976088,Low (<50th)
BLINK NUTRITEARS,Vision Blurred,3,27.3449691991786,4,0,FALSE,0.15,15.6758551976088,Low (<50th)
BLOOD PRESSURE FACTORS,Blood Pressure Increased,3,12.5601851851852,4,0,FALSE,0.15,15.6758551976088,Low (<50th)
"CALTRATE 600 + VITAMIN D (CALCIUM CARBONATE, CHOLECALCIFEROL)",Coeliac Disease,3,53.1960784313726,4,0,FALSE,0.15,15.6758551976088,Low (<50th)
"CALTRATE 600 + VITAMIN D (CALCIUM CARBONATE, CHOLECALCIFEROL) TABLET",Pharyngeal Injury,3,13.042001070091,4,0,FALSE,0.15,15.6758551976088,Low (<50th)
CALTRATE 600 PLUS CHEWABLE CALCIUM CARBONATE VITAMIN D ZINC CHEWABLE TABLET,Dysphagia,3,15.26125,4,0,FALSE,0.15,15.6758551976088,Low (<50th)
"CALTRATE PLUS (CALCIUM CARBONATE, VITAMIN D, ZINC) TABLET",Foreign Body Trauma,3,12.4457943925234,4,0,FALSE,0.15,15.6758551976088,Low (<50th)
CALTRATE PLUS CALCIUM CARBONATE VITAMIN D ZINC TABLET,Foreign Body Trauma,3,17.1140186915888,4,0,FALSE,0.15,15.6758551976088,Low (<50th)
CATALYST BOTTLE,Paraesthesia,3,8.98306956201693,4,0,FALSE,0.15,15.6758551976088,Low (<50th)
"CENTRUM FLAVOR BURST (MULTIMINERALS, MULTIVITAMINS) CHEWABLE TABLET",Tooth Fracture,3,348.771428571429,4,0,FALSE,0.15,15.6758551976088,Low (<50th)
"CENTRUM SILVER (MULTIMINERALS, MULTIVITAMINS)",Dysuria,3,14.6504504504505,4,0,FALSE,0.15,15.6758551976088,Low (<50th)
"CENTRUM SILVER ADULTS 50+ (MULTIMINERALS, MULTIVITAMINS) TABLET",Oesophageal Pain,3,26.0588235294118,4,0,FALSE,0.15,15.6758551976088,Low (<50th)
CENTRUM SILVER FOR MEN,Foreign Body,3,11.9683823529412,4,0,FALSE,0.15,15.6758551976088,Low (<50th)
CENTRUM SILVER MEN'S 50+ MULTIMINERALS MULTIVITAMINS TABLET,Coeliac Disease,3,21.2745098039216,4,0,FALSE,0.15,15.6758551976088,Low (<50th)
"CENTRUM SILVER MEN'S 50+ MULTIMINERALS, MULTIVITAMINS TABLET",Coeliac Disease,3,21.2745098039216,4,0,FALSE,0.15,15.6758551976088,Low (<50th)
"CENTRUM SILVER MENS 50 + (MULTIMINERALS, MULTIVITAMINS) TABLET",Dysphagia,3,10.17375,4,0,FALSE,0.15,15.6758551976088,Low (<50th)
CENTRUM SILVER MULTIMINERALS MULTIVITAMINS CHEWABLE TABLET,Mastication Disorder,3,523.135714285714,4,0,FALSE,0.15,15.6758551976088,Low (<50th)
"CENTRUM SILVER MULTIMINERALS, MULTIVITAMINS TABLET",Coeliac Disease,3,19.9444444444444,4,0,FALSE,0.15,15.6758551976088,Low (<50th)
"CENTRUM SILVER MULTIMINERALS, MULTIVITAMINS TABLET",Foreign Body Trauma,3,8.55560747663551,4,0,FALSE,0.15,15.6758551976088,Low (<50th)
CENTRUM SILVER MULTIVITAMIN MULTIMINERAL SUPPLEMENT,Cerebrovascular Accident,3,23.5557163531114,4,0,FALSE,0.15,15.6758551976088,Low (<50th)
"CENTRUM SILVER ULTRA WOMEN'S (MULTIMINERALS, MULTIVITAMINS)TABLET",Choking,3,8.02052882246674,4,0,FALSE,0.15,15.6758551976088,Low (<50th)
"CENTRUM SILVER ULTRA WOMEN'S (MULTIVITAMINS, MULTIMINERALS) TABLET",Choking,3,8.02052882246674,4,0,FALSE,0.15,15.6758551976088,Low (<50th)
CENTRUM SILVER ULTRA WOMEN'S MULTIMINERALS MULTIVITAMINS TABLET,Drug Intolerance,3,115.34988179669,4,0,FALSE,0.15,15.6758551976088,Low (<50th)
CENTRUM SILVER ULTRA WOMENS MULTIMINERALS MULTIVITAMIN TABLET,Choking,3,8.02052882246674,4,0,FALSE,0.15,15.6758551976088,Low (<50th)
CENTRUM SILVER ULTRA WOMENS MULTIMINERALS MULTIVITAMINS TABLET,Choking Sensation,3,7.58217472504669,4,0,FALSE,0.15,15.6758551976088,Low (<50th)
CENTRUM SILVER ULTRA WOMENS MULTIMINERALS MULTIVITAMINS TABLET,Vitamin D Decreased,3,44.3697632058288,4,0,FALSE,0.15,15.6758551976088,Low (<50th)
CENTRUM SILVER ULTRA WOMENS MULTIMINERALS MULTIVITAMINS TABLETS,Choking,3,8.02052882246674,4,0,FALSE,0.15,15.6758551976088,Low (<50th)
CENTRUM SILVER ULTRA WOMENS TABLET,Choking,3,8.02052882246674,4,0,FALSE,0.15,15.6758551976088,Low (<50th)
"CENTRUM SILVER ULTRA WOMENS (MULTIMINERALS, MULTIVITAMINS) TABLET",Choking,3,8.02052882246674,4,0,FALSE,0.15,15.6758551976088,Low (<50th)
"CENTRUM SILVER WOMEN'S 50 + (MULTIMINERALS, MULTIVITAMINS) TABLET",Oesophageal Injury,3,69.7357142857143,4,0,FALSE,0.15,15.6758551976088,Low (<50th)
"CENTRUM SILVER WOMEN'S 50 + (MULTIMINERALS, MULTIVITAMINS) TABLET",Throat Irritation,3,7.51,4,0,FALSE,0.15,15.6758551976088,Low (<50th)
"CENTRUM SILVER WOMEN'S 50 PLUS (MULTIMINERALS, MULTIVITAMINS) TABLET",Foreign Body Trauma,3,9.77823765020027,4,0,FALSE,0.15,15.6758551976088,Low (<50th)
"CENTRUM SILVER WOMEN'S 50 PLUS (MULTIMINERALS, MULTIVITAMINS) TABLET",Retching,3,16.5287745429926,4,0,FALSE,0.15,15.6758551976088,Low (<50th)
CENTRUM SILVER WOMEN'S 50+,Glaucoma,3,11.1235697940503,4,0,FALSE,0.15,15.6758551976088,Low (<50th)
"CENTRUM SILVER WOMEN'S 50+ (MULTIMINERAL, MULTIVITAMINS) TABLET",Dysphagia,3,8.72017857142857,4,0,FALSE,0.15,15.6758551976088,Low (<50th)
"CENTRUM SILVER WOMEN'S 50+ (MULTIMINERALS, MULTIVITAMINS) TABLET",Drug Intolerance,3,8.57155555555556,4,0,FALSE,0.15,15.6758551976088,Low (<50th)
CENTRUM SILVER WOMEN'S 50+ MULTIMINERALS MULTIVITAMIN TABLET,Foreign Body Trauma,3,34.2308411214953,4,0,FALSE,0.15,15.6758551976088,Low (<50th)
CENTRUM SILVER WOMEN'S 50+ MULTIMINERALS MULTIVITAMINS TABLET,Arthropathy,3,34.3329417293233,4,0,FALSE,0.15,15.6758551976088,Low (<50th)
CENTRUM SILVER WOMEN'S 50+ MULTIMINERALS MULTIVITAMINS TABLETS,Choking,3,8.02052882246674,4,0,FALSE,0.15,15.6758551976088,Low (<50th)
CENTRUM SILVER WOMEN'S 50+ MULTIMINERALS MULTIVITAMINSTABLET,Dysphagia,3,12.20875,4,0,FALSE,0.15,15.6758551976088,Low (<50th)
CENTRUM SILVER WOMEN'S MULTIMINERALS MULTIVITAMINS TABLET,Choking,3,8.02052882246674,4,0,FALSE,0.15,15.6758551976088,Low (<50th)
CENTRUM SILVER WOMENS 50 PLUS MULTIMINERALS MULTIVITAMINS TABLET,Foreign Body Trauma,3,11.4084112149533,4,0,FALSE,0.15,15.6758551976088,Low (<50th)
CENTRUM SILVER WOMENS 50+ (MULTIMINERALS MULTIVITAMIN) TABLET,Dysphagia,3,12.20875,4,0,FALSE,0.15,15.6758551976088,Low (<50th)
"CENTRUM SILVER WOMENS 50+ (MULTIMINERALS, MULTIVITAMINS) TABLET",Oesophageal Injury,3,24.1904761904762,4,0,FALSE,0.15,15.6758551976088,Low (<50th)
CENTRUM ULTRA WOMENS,Choking,3,8.02052882246674,4,0,FALSE,0.15,15.6758551976088,Low (<50th)
CENTRUM ULTRA WOMENS MULTIMINERALS MULTIVITAMINS TABLET,Retching,3,8.89792198323004,4,0,FALSE,0.15,15.6758551976088,Low (<50th)
CENTRUM ULTRA WOMENS MULTIVITAMINS MULTIMINERALS TABLET,Choking,3,8.02052882246674,4,0,FALSE,0.15,15.6758551976088,Low (<50th)
CENTRUM WOMEN UNDER 50 MULTIMINERALS MULTIVITAMIN,Choking,3,8.02052882246674,4,0,FALSE,0.15,15.6758551976088,Low (<50th)
CITRACAL CHOLECALCIFEROL PLUS CALCIUM CITRATE COATED TABLET,Choking,3,8.02052882246674,4,0,FALSE,0.15,15.6758551976088,Low (<50th)
CITRACAL MAXIMUM,Odynophagia,3,9.65350877192983,4,0,FALSE,0.15,15.6758551976088,Low (<50th)
CITRACAL MAXIMUM ( CHOLECALCIFEROL+ CALCIUM CITRATE) FILM-COATED TABLET,Choking,3,8.02052882246674,4,0,FALSE,0.15,15.6758551976088,Low (<50th)
CITRACAL MAXIMUM (CHOLECALCIFEROL + CALCIUM CITRATE) FILM-COATED TABLET,Choking Sensation,3,8.41139240506329,4,0,FALSE,0.15,15.6758551976088,Low (<50th)
CITRACAL MAXIMUM (CHOLECALCIFEROL + CALCIUM CITRATE) FILM-COATED TABLET,Laceration,3,24.6111111111111,4,0,FALSE,0.15,15.6758551976088,Low (<50th)
CITRACAL MAXIMUM (CHOLECALCIFEROL +CALCIUM CITRATE) FILM-COATED TABLET,Nephrolithiasis,3,9.5319273579379,4,0,FALSE,0.15,15.6758551976088,Low (<50th)
CITRACAL MAXIMUM (CHOLECALCIFEROL +CALCIUM CITRATE) FILM-COATED TABLET,Retching,3,8.56819378620326,4,0,FALSE,0.15,15.6758551976088,Low (<50th)
CITRACAL MAXIMUM BAYER,Pharyngeal Injury,3,27.6632653061225,4,0,FALSE,0.15,15.6758551976088,Low (<50th)
CITRACAL MAXIMUM CAPLETS + D,Foreign Body Trauma,3,19.5592790387183,4,0,FALSE,0.15,15.6758551976088,Low (<50th)
CITRACAL MAXIMUM CHOLECALCIFEROL + CALCIUM CITRATE FILM COATED TABLET,Oropharyngeal Pain,3,20.4349888392857,4,0,FALSE,0.15,15.6758551976088,Low (<50th)
CITRACAL MAXIMUM CHOLECALCIFEROL PLUS CALCIUM CITRATE FILM COATED TABLET,Cough,3,16.5182679296346,4,0,FALSE,0.15,15.6758551976088,Low (<50th)
CITRACAL PETITES (CALCIUM CITRATE),Foreign Body Trauma,3,19.5592790387183,4,0,FALSE,0.15,15.6758551976088,Low (<50th)
CITRACAL PETITES (CHOLECALCIFEROL +CALCIUM CITRATE) FILM-COATED TABLET,Regurgitation,3,75.1,4,0,FALSE,0.15,15.6758551976088,Low (<50th)
CITRACAL PETITES CHOLECALCIFEROL CALCIUM CITRATE FILM COATED TABLET,Foreign Body Trauma,3,10.530625449317,4,0,FALSE,0.15,15.6758551976088,Low (<50th)
CITRACAL PETITES FILM-COATED TABLET,Oropharyngeal Pain,3,28.611328125,4,0,FALSE,0.15,15.6758551976088,Low (<50th)
CITRACAL PETITES(CHOLECALCIFEROL +CALCIUM CITRATE) FILM-COATED TABLET,Foreign Body,3,9.79191176470588,4,0,FALSE,0.15,15.6758551976088,Low (<50th)
CITRACAL PLUS (CALCIUM CARBONATE + VITAMIN D),Choking,3,8.02052882246674,4,0,FALSE,0.15,15.6758551976088,Low (<50th)
"CITRACAL PLUS BONE DENSITY BUILDER (CALCIUM CARBONATE, CALCIUM CITRATE, MINERALS, GENESTEIN) FILM-COATED TABLET",Drug Dependence,3,82.072268907563,4,0,FALSE,0.15,15.6758551976088,Low (<50th)
"CITRACAL PLUS MAGNESIUM (CALCIUM CITRATE, VITAMIN D, MINERALS) FILM-COATED TABLET",Dysphagia,3,10.17375,4,0,FALSE,0.15,15.6758551976088,Low (<50th)
CITRACAL SLOW RELEASE,Foreign Body,3,13.4647058823529,4,0,FALSE,0.15,15.6758551976088,Low (<50th)
CITRICAL MAXIMUM,Foreign Body,3,8.97573529411765,4,0,FALSE,0.15,15.6758551976088,Low (<50th)
CONCEPTION FOR HER FERTILITY AID AND MULTI,Abortion Spontaneous,3,150.110655737705,4,0,FALSE,0.15,15.6758551976088,Low (<50th)
"EMERGEN-C (ASCORBIC ACID, B-COMPLEX, ELECTROLYTE, MULTIMINERAL, MULTIVIT, ZINC) POWDER FOR ORAL SOLUTION",Choking Sensation,3,14.0316455696203,4,0,FALSE,0.15,15.6758551976088,Low (<50th)
EMERGEN-C ASCORBIC ACID B-COMPLEX ELECTROL YTE MUL TIMINERAL MUL TIVIT ZINC POWDER FOR,Cough,3,39.6495263870095,4,0,FALSE,0.15,15.6758551976088,Low (<50th)
EMERGEN-C ASCORBIC ACID B-COMPLEX ELECTROLYTE MULTIMINERAL MULTIVITAMIN ZINC POWDER FOR ORAL SOLUTION,Choking Sensation,3,66.2197106690778,4,0,FALSE,0.15,15.6758551976088,Low (<50th)
EMERGEN-C ASCORBIC ACID B-COMPLEX ELECTROLYTE MULTIMINERAL MULTIVITAMIN ZINC POWDER FOR ORAL SOLUTION,Cough,3,14.1579354339841,4,0,FALSE,0.15,15.6758551976088,Low (<50th)
EMERGEN-C CRYSTALS-STRAWBERRY BURST,Drug Dependence,3,143.635294117647,4,0,FALSE,0.15,15.6758551976088,Low (<50th)
EMERGEN-C IMMUNE PLUS,Neoplasm Malignant,3,46.4695431472081,4,0,FALSE,0.15,15.6758551976088,Low (<50th)
ENDOMUNE ADVANCED PROBIOTIC ADULT AND JR BOTTLES,Constipation,3,52.0650319829424,4,0,FALSE,0.15,15.6758551976088,Low (<50th)
EQUELLE MENOPAUSE SYMPTOM RELIEF,Postmenopausal Haemorrhage,3,813.833333333333,4,0,FALSE,0.15,15.6758551976088,Low (<50th)
ESSENTIAL FOR WOMEN PRENATAL MULTIVITAMIN,Gastrointestinal Disorder,3,47.440414507772,4,0,FALSE,0.15,15.6758551976088,Low (<50th)
ESTROVEN NIGHTTIME + MELATONIN CAPLETS,Hypersensitivity,3,13.1453566621804,4,0,FALSE,0.15,15.6758551976088,Low (<50th)
ESTROVEN WEIGHT MANAGEMENT,Chest Pain,3,10.0278614457831,4,0,FALSE,0.15,15.6758551976088,Low (<50th)
EXTENZE PLUS,Dyspepsia,3,7.73817701453104,4,0,FALSE,0.15,15.6758551976088,Low (<50th)
EXTENZE PLUS MALE ENHANCEMENT,Dizziness,3,10.1951983298539,4,0,FALSE,0.15,15.6758551976088,Low (<50th)
FLINSTONES COMPLETE CHILDREN'S MULTIVITAMIN SUPPLEMENT CHEWABLE,Aphthous Stomatitis,3,6976.71428571429,4,0,FALSE,0.15,15.6758551976088,Low (<50th)
FLINSTONES COMPLETE CHILDREN'S MULTIVITAMIN SUPPLEMENT CHEWABLE,Decreased Appetite,3,80.3240131578948,4,0,FALSE,0.15,15.6758551976088,Low (<50th)
FLINSTONES COMPLETE CHILDRENS MULTIVITAMIN,Aphthous Stomatitis,3,6976.71428571429,4,0,FALSE,0.15,15.6758551976088,Low (<50th)
FLINSTONES COMPLETE CHILDRENS MULTIVITAMIN,Decreased Appetite,3,80.3240131578948,4,0,FALSE,0.15,15.6758551976088,Low (<50th)
FLINSTONES GUMMIES (MULTIVITAMINS),Dependence,3,36.6599099099099,4,0,FALSE,0.15,15.6758551976088,Low (<50th)
FLINSTONES GUMMIES MULTIVITAMINS,Dependence,3,41.2432432432432,4,0,FALSE,0.15,15.6758551976088,Low (<50th)
FLINTSTONES COMPLETE,Premature Labour,3,222.460486322188,4,0,FALSE,0.15,15.6758551976088,Low (<50th)
FLINTSTONES COMPLETE (MULTIVITAMINS + MINERALS) CHEWABLE TABLET,Failure Of Child Resistant Mechanism For Pharmaceutical Product,3,1016.75,4,0,FALSE,0.15,15.6758551976088,Low (<50th)
FLINTSTONES COMPLETE CHEWABLE,Coeliac Disease,3,11.0009015100293,4,0,FALSE,0.15,15.6758551976088,Low (<50th)
FLINTSTONES COMPLETE MULTIVITAMINS + MINERALS CHEWABLE TABLET,Accidental Drug Intake By Child,3,301.37037037037,4,0,FALSE,0.15,15.6758551976088,Low (<50th)
FLINTSTONES COMPLETE MULTIVITAMINS CHEWABLE TABLET,Gastric Lavage,3,213.960526315789,4,0,FALSE,0.15,15.6758551976088,Low (<50th)
FLINTSTONES COMPLETE MULTIVITAMINS CHEWABLE TABLET,Overdose,3,11.3106886158127,4,0,FALSE,0.15,15.6758551976088,Low (<50th)
FLINTSTONES GUMMIES,Drug Dependence,3,24.9703324808184,4,0,FALSE,0.15,15.6758551976088,Low (<50th)
FLINTSTONES GUMMIES MULTIVITAMINS,Drug Abuser,3,574.388235294118,4,0,FALSE,0.15,15.6758551976088,Low (<50th)
FLINTSTONES GUMMIES MULTIVITAMINS ORAL DROPS,Dependence,3,36.6599099099099,4,0,FALSE,0.15,15.6758551976088,Low (<50th)
FLINTSTONES GUMMIES MULTIVITAMINS ORAL DROPS,Drug Dependence,3,63.8313725490196,4,0,FALSE,0.15,15.6758551976088,Low (<50th)
FLINTSTONES MULTIVITAMINS,Drug Dependence,3,95.7529411764706,4,0,FALSE,0.15,15.6758551976088,Low (<50th)
FLINTSTONES UNKNOWN MULTIVITAMINS,Drug Dependence,3,82.072268907563,4,0,FALSE,0.15,15.6758551976088,Low (<50th)
FLINTSTONES WITH IRON MULTIVITAMINS + IRON CHEWABLE TABLET,Accidental Drug Intake By Child,3,1356.55555555556,4,0,FALSE,0.15,15.6758551976088,Low (<50th)
GARCINIA CAMBOGIA,Depression,3,14.1730545876887,4,0,FALSE,0.15,15.6758551976088,Low (<50th)
GARCINIA CAMBOGIA,Elevated Mood,3,5229.85714285714,4,0,FALSE,0.15,15.6758551976088,Low (<50th)
GARCINIA CAMBOGIA,Irritability,3,34.1820728291317,4,0,FALSE,0.15,15.6758551976088,Low (<50th)
GARCINIA CAMBOGIA,Myalgia,3,14.4871388998813,4,0,FALSE,0.15,15.6758551976088,Low (<50th)
GCB TRIM COFFEE BEAN EXTRACT,Urinary Tract Infection,3,156.02875399361,4,0,FALSE,0.15,15.6758551976088,Low (<50th)
GNC HERBAL PLUS WHOLE HERB FENUGREEK SUPPLEMENT 100 CAPSULES,Flatulence,3,101.321576763485,4,0,FALSE,0.15,15.6758551976088,Low (<50th)
GNC HERBAL PLUS WHOLE HERB FENUGREEK SUPPLEMENT 100 CAPSULES,Haematochezia,3,76.3078125,4,0,FALSE,0.15,15.6758551976088,Low (<50th)
GNC MENS STAMINOL RAPID SURGE,Chest Pain,3,27.5805722891566,4,0,FALSE,0.15,15.6758551976088,Low (<50th)
GNC MENS STAMINOL RAPID SURGE,Heart Rate Increased,3,24.4342895263509,4,0,FALSE,0.15,15.6758551976088,Low (<50th)
GNC NIACIN,Pruritus,3,11.0652617267165,4,0,FALSE,0.15,15.6758551976088,Low (<50th)
GO RUBY GO,Blood Glucose Increased,3,14.992628992629,4,0,FALSE,0.15,15.6758551976088,Low (<50th)
GOVVI WOW,Chest Pain,3,22.0640060240964,4,0,FALSE,0.15,15.6758551976088,Low (<50th)
HEALTHY LIFE CHEMISTRY MULTIMINERALS,Fatigue,3,28.2458068247542,4,0,FALSE,0.15,15.6758551976088,Low (<50th)
HERBAL CLEANSE - PEACHES & CREAM FIBER DRINK,Nausea,3,9.32459266802444,4,0,FALSE,0.15,15.6758551976088,Low (<50th)
HERBAL CLEANSE DIETARY SUPPLEMENT,Nausea,3,7.45952138492872,4,0,FALSE,0.15,15.6758551976088,Low (<50th)
HYDROXYCUT 24 AM,Anxiety,3,25.7931338028169,4,0,FALSE,0.15,15.6758551976088,Low (<50th)
HYDROXYCUT 24 AM,Discomfort,3,124.156779661017,4,0,FALSE,0.15,15.6758551976088,Low (<50th)
HYDROXYCUT 24 AM,Fear,3,136.920560747664,4,0,FALSE,0.15,15.6758551976088,Low (<50th)
HYDROXYCUT 24 AM,Injury,3,132.58371040724,4,0,FALSE,0.15,15.6758551976088,Low (<50th)
HYDROXYCUT 24 AM,Nervousness,3,98.9898648648649,4,0,FALSE,0.15,15.6758551976088,Low (<50th)
HYDROXYCUT 24 AM,Pain,3,15.7363050483351,4,0,FALSE,0.15,15.6758551976088,Low (<50th)
HYDROXYCUT 24 PM,Anxiety,3,25.7931338028169,4,0,FALSE,0.15,15.6758551976088,Low (<50th)
HYDROXYCUT 24 PM,Discomfort,3,124.156779661017,4,0,FALSE,0.15,15.6758551976088,Low (<50th)
HYDROXYCUT 24 PM,Fear,3,136.920560747664,4,0,FALSE,0.15,15.6758551976088,Low (<50th)
HYDROXYCUT 24 PM,Injury,3,132.58371040724,4,0,FALSE,0.15,15.6758551976088,Low (<50th)
HYDROXYCUT 24 PM,Nervousness,3,98.9898648648649,4,0,FALSE,0.15,15.6758551976088,Low (<50th)
HYDROXYCUT 24 PM,Pain,3,15.7363050483351,4,0,FALSE,0.15,15.6758551976088,Low (<50th)
HYDROXYCUT CARB CONTROL CAPSULES,Anxiety,3,12.8952464788732,4,0,FALSE,0.15,15.6758551976088,Low (<50th)
HYDROXYCUT CARB CONTROL CAPSULES,Discomfort,3,62.0720338983051,4,0,FALSE,0.15,15.6758551976088,Low (<50th)
HYDROXYCUT CARB CONTROL CAPSULES,Fear,3,68.4532710280374,4,0,FALSE,0.15,15.6758551976088,Low (<50th)
HYDROXYCUT CARB CONTROL CAPSULES,Liver Injury,3,44.6615853658537,4,0,FALSE,0.15,15.6758551976088,Low (<50th)
HYDROXYCUT CARB CONTROL CAPSULES,Nervousness,3,49.4898648648649,4,0,FALSE,0.15,15.6758551976088,Low (<50th)
HYDROXYCUT HARDCORE,Hepatic Function Abnormal,3,33.2659090909091,4,0,FALSE,0.15,15.6758551976088,Low (<50th)
HYDROXYCUT HARDCORE RAPID RELEASE CAPSULES,Convulsion,3,11.7650602409639,4,0,FALSE,0.15,15.6758551976088,Low (<50th)
HYDROXYCUT HARDCORE RAPID RELEASE CAPSULES,Feeling Abnormal,3,15.0927357032458,4,0,FALSE,0.15,15.6758551976088,Low (<50th)
HYDROXYCUT HARDCORE RAPID RELEASE CAPSULES,Hyperhidrosis,3,12.7480417754569,4,0,FALSE,0.15,15.6758551976088,Low (<50th)
HYDROXYCUT HARDCORE RAPID RELEASE CAPSULES,Tremor,3,12.1003717472119,4,0,FALSE,0.15,15.6758551976088,Low (<50th)
HYDROXYCUT MAX LIQUID CAPS,Hepatitis,3,22.2964824120603,4,0,FALSE,0.15,15.6758551976088,Low (<50th)
HYDROXYCUT MAX POWDER PACKETS,Emotional Distress,3,117.204,4,0,FALSE,0.15,15.6758551976088,Low (<50th)
HYDROXYCUT MAX POWDER PACKETS,Injury,3,132.58371040724,4,0,FALSE,0.15,15.6758551976088,Low (<50th)
HYDROXYCUT PRO CLINICAL CAPLETS,Loss Of Consciousness,3,7.65499398944233,4,0,FALSE,0.15,15.6758551976088,Low (<50th)
HYDROXYCUT REGULAR DRINK MIX SACHETS,Discomfort,3,29.5514527845036,4,0,FALSE,0.15,15.6758551976088,Low (<50th)
HYDROXYCUT REGULAR DRINK MIX SACHETS,Fear,3,32.5894526034713,4,0,FALSE,0.15,15.6758551976088,Low (<50th)
HYDROXYCUT REGULAR DRINK MIX SACHETS,Hepatocellular Injury,3,64.5753968253968,4,0,FALSE,0.15,15.6758551976088,Low (<50th)
HYDROXYCUT REGULAR DRINK MIX SACHETS,Nervousness,3,23.5612934362934,4,0,FALSE,0.15,15.6758551976088,Low (<50th)
HYDROXYCUT REGULAR DRINK MIX SACHETS,Renal Disorder,3,27.3495798319328,4,0,FALSE,0.15,15.6758551976088,Low (<50th)
HYDROXYCUT REGULAR DRINK MIX SACHETS,Rhabdomyolysis,3,28.9383521043272,4,0,FALSE,0.15,15.6758551976088,Low (<50th)
HYDROXYCUT WEIGHT LOSS SHOT,Anxiety,3,16.1197183098592,4,0,FALSE,0.15,15.6758551976088,Low (<50th)
HYDROXYCUT WEIGHT LOSS SHOT,Discomfort,3,77.5932203389831,4,0,FALSE,0.15,15.6758551976088,Low (<50th)
HYDROXYCUT WEIGHT LOSS SHOT,Fear,3,85.5700934579439,4,0,FALSE,0.15,15.6758551976088,Low (<50th)
HYDROXYCUT WEIGHT LOSS SHOT,Nervousness,3,61.8648648648649,4,0,FALSE,0.15,15.6758551976088,Low (<50th)
HYDROXYCUT WEIGHT LOSS SHOT,Pain,3,9.83458646616541,4,0,FALSE,0.15,15.6758551976088,Low (<50th)
HYDROXYCUT WITH EPHEDRA,Rhabdomyolysis,3,21.7006520450504,4,0,FALSE,0.15,15.6758551976088,Low (<50th)
HYDROXYCUT WITH EPHEDRA (NO PREF. NAME),Cardio-Respiratory Distress,3,861.794117647059,4,0,FALSE,0.15,15.6758551976088,Low (<50th)
IT WORKS! SLIMMING GUMMIES,Anaphylactic Reaction,3,98.7250673854447,4,0,FALSE,0.15,15.6758551976088,Low (<50th)
KIRKLAND GENERIC MULTIVITAMIN WITH HERBS,Anxiety,3,42.9903169014085,4,0,FALSE,0.15,15.6758551976088,Low (<50th)
KIRKLAND GENERIC MULTIVITAMIN WITH HERBS,Panic Attack,3,208.705128205128,4,0,FALSE,0.15,15.6758551976088,Low (<50th)
LACTAID FAST ACT ULTRA,Abdominal Pain Upper,3,18.0963438735178,4,0,FALSE,0.15,15.6758551976088,Low (<50th)
LACTAID FAST ACTING,Diarrhoea,3,11.642403051494,4,0,FALSE,0.15,15.6758551976088,Low (<50th)
LACTAID FAST ACTING,Vomiting,3,10.0873037730653,4,0,FALSE,0.15,15.6758551976088,Low (<50th)
LEE SWANSON SIGNATURE LINE HEALTHY BLOOD PRESSURE SUPPORT FORMULA,Gastrooesophageal Reflux Disease,3,138.215094339623,4,0,FALSE,0.15,15.6758551976088,Low (<50th)
LIMBEX,Headache,3,12.3528667790894,4,0,FALSE,0.15,15.6758551976088,Low (<50th)
LIVE IT UP SUPER GREENS,Diarrhoea,3,15.5235219326128,4,0,FALSE,0.15,15.6758551976088,Low (<50th)
LIVE IT UP SUPER GREENS,Vomiting,3,13.4500137703112,4,0,FALSE,0.15,15.6758551976088,Low (<50th)
MAGNESIUM,Syncope,3,9.68511904761905,4,0,FALSE,0.15,15.6758551976088,Low (<50th)
MASS COMPLEX,Anxiety,3,42.9903169014085,4,0,FALSE,0.15,15.6758551976088,Low (<50th)
MASS COMPLEX,Haematocrit Increased,3,8139.5,4,0,FALSE,0.15,15.6758551976088,Low (<50th)
MASS COMPLEX,Haemoglobin Increased,3,3255.8,4,0,FALSE,0.15,15.6758551976088,Low (<50th)
MNS 3,Rectal Haemorrhage,3,16.2923898531375,4,0,FALSE,0.15,15.6758551976088,Low (<50th)
MNS MAX 3,Dehydration,3,7.50507328072153,4,0,FALSE,0.15,15.6758551976088,Low (<50th)
MNS MAX C (MAXIMUM APPETITE CONTROL),Swelling,3,10.330723656369,4,0,FALSE,0.15,15.6758551976088,Low (<50th)
MODERE CARB BLOCKER,Blood Pressure Increased,3,7.53549382716049,4,0,FALSE,0.15,15.6758551976088,Low (<50th)
MODERE CARB BLOCKER,Constipation,3,15.6172707889126,4,0,FALSE,0.15,15.6758551976088,Low (<50th)
MODERE CARB BLOCKER,Dehydration,3,16.5152198421646,4,0,FALSE,0.15,15.6758551976088,Low (<50th)
MODERE LIQUID BIOCELL LIFE,Constipation,3,14.1972281449893,4,0,FALSE,0.15,15.6758551976088,Low (<50th)
MOMMYS BLISS GRIPE WATER,Choking,3,8.02052882246674,4,0,FALSE,0.15,15.6758551976088,Low (<50th)
NATROL SLEEP MELATONIN 5MG FAST DISSOLVE,Dizziness,3,16.9926931106472,4,0,FALSE,0.15,15.6758551976088,Low (<50th)
NATURE MADE CALCIUM 600 MG WITH VITAMIN D3,Cough,3,22.0257104194858,4,0,FALSE,0.15,15.6758551976088,Low (<50th)
NATURE MADE MULTI COMPLETE VITAMIN,Hypersensitivity,3,21.9098250336474,4,0,FALSE,0.15,15.6758551976088,Low (<50th)
NATURE MADE MULTI COMPLETE VITAMIN,Nausea,3,12.4330448065173,4,0,FALSE,0.15,15.6758551976088,Low (<50th)
NATURE'S SUNSHINE SUPER OMEGA 3 EPA DIETARY SUPPLEMENT,Arthralgia,3,109.011160714286,4,0,FALSE,0.15,15.6758551976088,Low (<50th)
NATUREMADE FISH OIL,Cough,3,13.213802435724,4,0,FALSE,0.15,15.6758551976088,Low (<50th)
NATUREMADE FULL STRENGTH MINI OMEGA 3 SOFTGEL,Foreign Body,3,15.3885504201681,4,0,FALSE,0.15,15.6758551976088,Low (<50th)
NATUREMADE FULL STRENGTH MINIS SUPER OMEGA 3 SOFTGEL,Choking,3,8.02052882246674,4,0,FALSE,0.15,15.6758551976088,Low (<50th)
NATUREMADE L-LYSINE 1000 MG TABLET,Foreign Body,3,26.9316176470588,4,0,FALSE,0.15,15.6758551976088,Low (<50th)
NATUREMADE MAGNESIUM CITRATE SOFTGEL,Foreign Body,3,26.9316176470588,4,0,FALSE,0.15,15.6758551976088,Low (<50th)
NATUREMADE TRIPLE OMEGA SOFTGEL,Dyspnoea,3,13.9773898111048,4,0,FALSE,0.15,15.6758551976088,Low (<50th)
NATUREMADE VITAMIN B6,Adverse Event,3,76.296875,4,0,FALSE,0.15,15.6758551976088,Low (<50th)
NATUREMADE VITAMIN C,Adverse Event,3,42.3802083333333,4,0,FALSE,0.15,15.6758551976088,Low (<50th)
NATUREMADE VITAMIN C 500 MG WITH ROSE HIPS TABLET,Choking,3,8.02052882246674,4,0,FALSE,0.15,15.6758551976088,Low (<50th)
NATUREMADE VITAMIN C 500 MG WITH ROSE HIPS TABLET,Cough,3,66.085250338295,4,0,FALSE,0.15,15.6758551976088,Low (<50th)
NEURITERX,Burning Sensation,3,85.6789473684211,4,0,FALSE,0.15,15.6758551976088,Low (<50th)
NEURIVA BRAIN PERFORMANCE ORIGINAL,Hallucination,3,32.7984773846843,4,0,FALSE,0.15,15.6758551976088,Low (<50th)
NIACIN,Paraesthesia,3,14.6004784688995,4,0,FALSE,0.15,15.6758551976088,Low (<50th)
NIACIN 250 DIETARY SUPPLEMENT TABLET,Dyspnoea,3,13.9773898111048,4,0,FALSE,0.15,15.6758551976088,Low (<50th)
NIACIN 250 DIETARY SUPPLEMENT TABLET,Swelling Face,3,117.115107913669,4,0,FALSE,0.15,15.6758551976088,Low (<50th)
NOW NIACIN,Bronchospasm,3,1927.73684210526,4,0,FALSE,0.15,15.6758551976088,Low (<50th)
NOW NIACIN,Food Allergy,3,377.59793814433,4,0,FALSE,0.15,15.6758551976088,Low (<50th)
NOW NIACIN,Rash,3,27.9595419847328,4,0,FALSE,0.15,15.6758551976088,Low (<50th)
NURISH BY NATUREMADE MAGNESIUM OXIDE,Nausea,3,12.4330448065173,4,0,FALSE,0.15,15.6758551976088,Low (<50th)
NURISH BY NATUREMADE VITAMIN D3,Nausea,3,9.32459266802444,4,0,FALSE,0.15,15.6758551976088,Low (<50th)
NUTRAFOL HAIRBIOTIC,Rash,3,22.3671755725191,4,0,FALSE,0.15,15.6758551976088,Low (<50th)
NUTRAFOL POSTPARTUM HAIR GROWTH NUTRACEUTICAL,Hepatic Enzyme Increased,3,32.013986013986,4,0,FALSE,0.15,15.6758551976088,Low (<50th)
NUTRAFOL STRESS ADAPTOGEN HAIR WELLNESS BOOSTER,Hepatic Enzyme Increased,3,21.3409090909091,4,0,FALSE,0.15,15.6758551976088,Low (<50th)
NUTRAFOL WOMEN'S BALANCE,Abdominal Discomfort,3,7.58883879993782,4,0,FALSE,0.15,15.6758551976088,Low (<50th)
NUTRAFOL WOMENS BALANCE HAIR GROWTH NUTRACEUTICAL,Blood Alkaline Phosphatase Increased,3,7.73223350253807,4,0,FALSE,0.15,15.6758551976088,Low (<50th)
NUTRIGOLD GARCINIA CAMBOGIA GOLD,Rash,3,22.3671755725191,4,0,FALSE,0.15,15.6758551976088,Low (<50th)
NUTRILITE DOUBLE X MULTIVITAMIN 31 DAY REFILL,Macular Degeneration,3,166.112244897959,4,0,FALSE,0.15,15.6758551976088,Low (<50th)
NUTRILITE GLUCOSE HEALTH,Hepatic Enzyme Increased,3,25.6101398601399,4,0,FALSE,0.15,15.6758551976088,Low (<50th)
NUTRILITE SLIMMETRY,Hepatic Enzyme Increased,3,11.6381118881119,4,0,FALSE,0.15,15.6758551976088,Low (<50th)
OCUVITE ADULT,Macular Degeneration,3,20.7551020408163,4,0,FALSE,0.15,15.6758551976088,Low (<50th)
"OCUVITE ADULT 50+ (CAPSULE, SOFT)",Foreign Body,3,8.97573529411765,4,0,FALSE,0.15,15.6758551976088,Low (<50th)
OMEGAPLEX,Blood Potassium Decreased,3,11.1331405964699,4,0,FALSE,0.15,15.6758551976088,Low (<50th)
"ONE A DAY MEN'S 50+ HEALTHY ADVANTAGE (MULTIVITAMINS, MINERALS, LYCOPENE) FILM-COATED TABLET",Foreign Body Trauma,3,10.530625449317,4,0,FALSE,0.15,15.6758551976088,Low (<50th)
"ONE A DAY MEN'S HEALTH FORMULA (MULTIVITAMINS, MINERALS, LYCOPENE) FILM-COATED TABLET",Regurgitation,3,20.8333333333333,4,0,FALSE,0.15,15.6758551976088,Low (<50th)
ONE A DAY MEN'S HEALTH FORMULA MULTIVITAMINS MINERALS LYCOPENE FILM COATED TABLET,Foreign Body Trauma,3,12.4457943925234,4,0,FALSE,0.15,15.6758551976088,Low (<50th)
ONE A DAY MEN'S MULTIVITAMIN,Foreign Body In Throat,3,19.1701570680628,4,0,FALSE,0.15,15.6758551976088,Low (<50th)
ONE A DAY MENS 50 PLUS HEALTHY ADVANTAGE,Foreign Body In Throat,3,95.8821989528796,4,0,FALSE,0.15,15.6758551976088,Low (<50th)
ONE A DAY MENS 50 PLUS HEATHLY ADVANTAGE BAYER,Foreign Body In Throat,3,25.5628272251309,4,0,FALSE,0.15,15.6758551976088,Low (<50th)
ONE A DAY MENS HEALTH FORMULA MULTIVITAMINS MINERALS LYCOPENE FILM COATED TABLET,Choking,3,8.02052882246674,4,0,FALSE,0.15,15.6758551976088,Low (<50th)
ONE A DAY WOMEN'S (MULTIVITAMINS + MINERALS) FILM-COATED TABLET,Pharyngeal Injury,3,13.3423645320197,4,0,FALSE,0.15,15.6758551976088,Low (<50th)
ONE A DAY WOMEN'S (MULTIVITAMINS +MINERALS) FILM-COATED TABLET,Dysphagia,3,7.63,4,0,FALSE,0.15,15.6758551976088,Low (<50th)
ONE A DAY WOMEN'S (MULTIVITAMINS +MINERALS) FILM-COATED TABLET,Foreign Body,3,13.4647058823529,4,0,FALSE,0.15,15.6758551976088,Low (<50th)
"ONE A DAY WOMEN'S (MULTIVITAMINS, MULTIMINERALS) FILM-COATED TABLET",Choking,3,8.02052882246674,4,0,FALSE,0.15,15.6758551976088,Low (<50th)
ONE A DAY WOMEN'S 50+ ADVANTAGE,Oropharyngeal Pain,3,8.41096047794118,4,0,FALSE,0.15,15.6758551976088,Low (<50th)
ONE A DAY WOMEN'S 50+ HEALTHY ADVANTAGE MULTIVITAMINS + MINERALS FILM COATED TABLET,Foreign Body Trauma,3,17.1140186915888,4,0,FALSE,0.15,15.6758551976088,Low (<50th)
ONE A DAY WOMEN'S 50+ HEALTHY ADVANTAGE(MULTIVITAMINS + MINERALS) FILM-COATED TABLET,Dysphagia,3,8.72017857142857,4,0,FALSE,0.15,15.6758551976088,Low (<50th)
ONE A DAY WOMEN'S FILM-COATED TABLET,Foreign Body,3,8.28512443438914,4,0,FALSE,0.15,15.6758551976088,Low (<50th)
ONE A DAY WOMEN'S MINIGELS COMPLETE MULTIVITAMIN,Cough,3,8.25710419485792,4,0,FALSE,0.15,15.6758551976088,Low (<50th)
ONE A DAY WOMEN'S MINIGELS COMPLETE MULTIVITAMIN,Oropharyngeal Pain,3,11.91796875,4,0,FALSE,0.15,15.6758551976088,Low (<50th)
ONE A DAY WOMEN'S PETITES FILM-COATED TABLET,Choking,3,8.02052882246674,4,0,FALSE,0.15,15.6758551976088,Low (<50th)
ONE A DAY WOMEN'S PRENATAL,Abortion Spontaneous,3,75.0491803278689,4,0,FALSE,0.15,15.6758551976088,Low (<50th)
ONE A DAY WOMENS,Oropharyngeal Pain,3,13.6213727678571,4,0,FALSE,0.15,15.6758551976088,Low (<50th)
ONE A DAY WOMENS 50 PLUS ADVANTAGE,Choking,3,8.02052882246674,4,0,FALSE,0.15,15.6758551976088,Low (<50th)
ONE A DAY WOMENS MULTIVITAMINS MINERALS FILM COATED TABLET,Choking,3,8.02052882246674,4,0,FALSE,0.15,15.6758551976088,Low (<50th)
ONE-A-DAY PROACTIVE 65+ (MULTIVITAMINS + MINERALS) FILM-COATED TABLET,Dysphagia,3,10.17375,4,0,FALSE,0.15,15.6758551976088,Low (<50th)
ONE-A-DAY WOMEN'S (MULTIVITAMINS) COATED TABLET,Foreign Body Trauma,3,8.55560747663551,4,0,FALSE,0.15,15.6758551976088,Low (<50th)
ONE-A-DAY WOMEN'S PRENATAL SINGLE,Abortion Spontaneous,3,66.7090163934426,4,0,FALSE,0.15,15.6758551976088,Low (<50th)
OXYLIFE PHENOCANE,Alanine Aminotransferase Increased,3,43.9672869147659,4,0,FALSE,0.15,15.6758551976088,Low (<50th)
OXYLIFE PHENOCANE,Aspartate Aminotransferase Increased,3,44.5285714285714,4,0,FALSE,0.15,15.6758551976088,Low (<50th)
PATRIOT POWER GREENS,Muscular Weakness,3,9.11739780658026,4,0,FALSE,0.15,15.6758551976088,Low (<50th)
PHILLIPS' COLON HEALTH,Rectal Haemorrhage,3,16.2923898531375,4,0,FALSE,0.15,15.6758551976088,Low (<50th)
PHILLIPS' COLON HEALTH (BIFIDOBACTERIUM + LACTOBACILLUS) CAPSULE,Colitis,3,20.3784461152882,4,0,FALSE,0.15,15.6758551976088,Low (<50th)
PHILLIPS' COLON HEALTH (BIFIDOBACTERIUM + LACTOBACILLUS) CAPSULE,Dysgeusia,3,12.9681020733652,4,0,FALSE,0.15,15.6758551976088,Low (<50th)
PHILLIPS' COLON HEALTH (BIFIDOBACTERIUM + LACTOBACILLUS) CAPSULE,Rectal Haemorrhage,3,8.44340602284528,4,0,FALSE,0.15,15.6758551976088,Low (<50th)
PHILLIPS' COLON HEALTH (BIFIDOBACTERIUM + LACTOBACILLUS) CAPSULE,Stomach Discomfort,3,27.656462585034,4,0,FALSE,0.15,15.6758551976088,Low (<50th)
PHILLIPS' COLON HEALTH BIFIDOBACTERIUM + LACTOBACILLUS CAPSULE,Constipation,3,9.75959488272921,4,0,FALSE,0.15,15.6758551976088,Low (<50th)
PHILLIPS' COLON HEALTH BIFIDOBACTERIUM + LACTOBACILLUS CAPSULE,Fungal Infection,3,140.838461538462,4,0,FALSE,0.15,15.6758551976088,Low (<50th)
PHILLIPS' LAXATIVE DIETARY SUPPLEMENT (MAGNESIUM OXIDE) COATED TABLET,Retching,3,13.6110956230834,4,0,FALSE,0.15,15.6758551976088,Low (<50th)
PRESERVISION AREDS,Cataract,3,17.9279764821166,4,0,FALSE,0.15,15.6758551976088,Low (<50th)
PRESERVISION AREDS 2,Impaired Driving Ability,3,8.92806691449814,4,0,FALSE,0.15,15.6758551976088,Low (<50th)
PRESERVISION AREDS 2,Throat Cancer,3,8.92806691449814,4,0,FALSE,0.15,15.6758551976088,Low (<50th)
PRESERVISION AREDS 2 CHEWABLES,Cataract,3,93.3057324840764,4,0,FALSE,0.15,15.6758551976088,Low (<50th)
PRESERVISION AREDS 2 FORMULA,Blindness Unilateral,3,23.9827727645611,4,0,FALSE,0.15,15.6758551976088,Low (<50th)
PRESERVISION AREDS 2 FORMULA CHEWABLE,Blood Pressure Increased,3,7.53549382716049,4,0,FALSE,0.15,15.6758551976088,Low (<50th)
PRESERVISION AREDS 2 FORMULA CHEWABLES,Blindness,3,16.8241379310345,4,0,FALSE,0.15,15.6758551976088,Low (<50th)
PRESERVISION AREDS 2 FORMULA CHEWABLES,Cataract,3,18.6458598726115,4,0,FALSE,0.15,15.6758551976088,Low (<50th)
PRESERVISION AREDS 2 FORMULA CHEWABLES,Condition Aggravated,3,9.20566037735849,4,0,FALSE,0.15,15.6758551976088,Low (<50th)
PRESERVISION AREDS 2 FORMULA CHEWABLES,Neovascular Age-Related Macular Degeneration,3,66.5318181818182,4,0,FALSE,0.15,15.6758551976088,Low (<50th)
PRESERVISION AREDS 2 FORMULA SOFT GELS,Accidental Exposure To Product,3,28.0138888888889,4,0,FALSE,0.15,15.6758551976088,Low (<50th)
"PRESERVISION AREDS 2 FORMULA SOFT GELS (CAPSULE, SOFT)",Age-Related Macular Degeneration,3,9.06217423678332,4,0,FALSE,0.15,15.6758551976088,Low (<50th)
"PRESERVISION AREDS 2 FORMULA SOFT GELS (CAPSULE, SOFT)",Lacrimation Increased,3,13.2048824593128,4,0,FALSE,0.15,15.6758551976088,Low (<50th)
PRESERVISION AREDS 2 MULTIVITAMIN,Cataract,3,19.0267775900169,4,0,FALSE,0.15,15.6758551976088,Low (<50th)
PRESERVISION AREDS 2 MULTIVITAMIN,Condition Aggravated,3,9.39372352714671,4,0,FALSE,0.15,15.6758551976088,Low (<50th)
PRESERVISION AREDS 2 MULTIVITAMIN,Eye Haemorrhage,3,33.5640908048613,4,0,FALSE,0.15,15.6758551976088,Low (<50th)
PRESERVISION AREDS 2 MULTIVITAMIN SOFT GELS,Visual Impairment,3,15.4867265996827,4,0,FALSE,0.15,15.6758551976088,Low (<50th)
"PRESERVISION AREDS 2 SOFT GELS (CAPSULE, SOFT)",Disease Progression,3,177.4,4,0,FALSE,0.15,15.6758551976088,Low (<50th)
PRESERVISION AREDS SOFT GELS,Macular Degeneration,3,11.8556851311953,4,0,FALSE,0.15,15.6758551976088,Low (<50th)
PRESERVISION AREDS SOFT GELS,Neuropathy Peripheral,3,15.6303651505445,4,0,FALSE,0.15,15.6758551976088,Low (<50th)
"PRESERVISION AREDS SOFT GELS (CAPSULE, SOFT)",Condition Aggravated,3,25.5880503144654,4,0,FALSE,0.15,15.6758551976088,Low (<50th)
PREVAGEN,Transient Ischaemic Attack,3,19.0187134502924,4,0,FALSE,0.15,15.6758551976088,Low (<50th)
PROTEIN FREE TRIAL,Diarrhoea,3,11.642403051494,4,0,FALSE,0.15,15.6758551976088,Low (<50th)
PROTEIN TIN CHOCOLATE,Gastric Disorder,3,212.334782608696,4,0,FALSE,0.15,15.6758551976088,Low (<50th)
PURITAN'S PRIDE NIACIN 500MG COATED CAPLETS,Pruritus,3,7.6599382942007,4,0,FALSE,0.15,15.6758551976088,Low (<50th)
PURITAN'S PRIDE SUPER CHELATED MULTI-MINERAL COATED CAPLETS,Headache,3,12.3528667790894,4,0,FALSE,0.15,15.6758551976088,Low (<50th)
PURITAN'S PRIDE SUPER CHELATED MULTI-MINERAL COATED CAPLETS,Vertigo,3,153.408376963351,4,0,FALSE,0.15,15.6758551976088,Low (<50th)
QUINCY BIOSCIENCE PREVAGEN 10MG,Convulsion,3,14.7072289156627,4,0,FALSE,0.15,15.6758551976088,Low (<50th)
RELACORE,Acne,3,33.7640138408305,4,0,FALSE,0.15,15.6758551976088,Low (<50th)
RITUAL ESSENTIAL FOR WOMEN POSTNATAL MULTIVITAMIN,Hypersensitivity,3,13.1453566621804,4,0,FALSE,0.15,15.6758551976088,Low (<50th)
SAMBUCOL BLACK ELDERBERRY,Dizziness,3,12.7442588726514,4,0,FALSE,0.15,15.6758551976088,Low (<50th)
SAMBUCOL BLACK ELDERBERRY,Malaise,3,19.0765625,4,0,FALSE,0.15,15.6758551976088,Low (<50th)
SCHIFF MOVE FREE ADVANCED,Malaise,3,15.2609375,4,0,FALSE,0.15,15.6758551976088,Low (<50th)
SENSA,Headache,3,10.293844856661,4,0,FALSE,0.15,15.6758551976088,Low (<50th)
SHAKEOLOGY GREENBERRY,Dehydration,3,55.0586245772266,4,0,FALSE,0.15,15.6758551976088,Low (<50th)
SHAKEOLOGY GREENBERRY,Nausea,3,12.4330448065173,4,0,FALSE,0.15,15.6758551976088,Low (<50th)
SHAKEOLOGY GREENBERRY,Vomiting,3,13.4500137703112,4,0,FALSE,0.15,15.6758551976088,Low (<50th)
SPARK ENERGY DRINK 14 CT - MANDARIN ORANGE,Nausea,3,7.45952138492872,4,0,FALSE,0.15,15.6758551976088,Low (<50th)
STACKER 2,Feeling Jittery,3,43.0764705882353,4,0,FALSE,0.15,15.6758551976088,Low (<50th)
STACKER 2,Nervousness,3,24.7398648648649,4,0,FALSE,0.15,15.6758551976088,Low (<50th)
SUPER BETA PROSTATE,Genital Haemorrhage,3,9.26552795031056,4,0,FALSE,0.15,15.6758551976088,Low (<50th)
SUPER BETA PROSTATE,Renal Haemorrhage,3,25.9434782608696,4,0,FALSE,0.15,15.6758551976088,Low (<50th)
SUPER BETA VIRILITY BOOST,Haematospermia,3,51.5976686683151,4,0,FALSE,0.15,15.6758551976088,Low (<50th)
SUPER BETA VIRILITY BOOST,Prostatic Disorder,3,31.6243775709028,4,0,FALSE,0.15,15.6758551976088,Low (<50th)
THE MASTER'S MIRACLE FORTIFIED MINERAL NEUTRALIZER DIETARY SUPPLEMENT,Malaise,3,15.2609375,4,0,FALSE,0.15,15.6758551976088,Low (<50th)
"TOTAL BODY ESSENTIAL NUTRITION TOTAL BODY FORMULA, TROPICAL ORANGE FLAVOR",Blood Selenium Increased,3,1878.34615384615,4,0,FALSE,0.15,15.6758551976088,Low (<50th)
"TOTAL BODY ESSENTIAL NUTRITION TOTAL BODY FORMULA, TROPICAL ORANGE FLAVOR",Fatigue,3,28.2458068247542,4,0,FALSE,0.15,15.6758551976088,Low (<50th)
TOTAL BODY FORMULA,Breath Odour,3,424.495652173913,4,0,FALSE,0.15,15.6758551976088,Low (<50th)
TOTAL BODY FORMULA,Myalgia,3,17.638323497531,4,0,FALSE,0.15,15.6758551976088,Low (<50th)
TOTAL BODY FORMULA,Nail Discolouration,3,244.901337792642,4,0,FALSE,0.15,15.6758551976088,Low (<50th)
TOTAL BODY FORMULA,Onychoclasis,3,276.844990548204,4,0,FALSE,0.15,15.6758551976088,Low (<50th)
TRUBIOTICS (BIFIDOBACTERIUM + LACTOBACILLUS) CAPSULE,Urinary Tract Infection,3,14.6190095846645,4,0,FALSE,0.15,15.6758551976088,Low (<50th)
TRUBIOTICS BIFIDOBACTERIUM + LACTOBACILLUS CAPSULE,Fungal Infection,3,375.646153846154,4,0,FALSE,0.15,15.6758551976088,Low (<50th)
TRUVISION TRUCONTROL,Nausea,3,7.45952138492872,4,0,FALSE,0.15,15.6758551976088,Low (<50th)
TRUVY TRIM,Insomnia,3,18.9267441860465,4,0,FALSE,0.15,15.6758551976088,Low (<50th)
UNSPECIFIED HYDROXYCUT,Convulsion,3,16.044578313253,4,0,FALSE,0.15,15.6758551976088,Low (<50th)
VITACLEAR,Throat Tightness,3,28.0095602294455,4,0,FALSE,0.15,15.6758551976088,Low (<50th)
VITAL PROTEINS COLLAGEN PEPTIDES,Headache,3,15.4413996627319,4,0,FALSE,0.15,15.6758551976088,Low (<50th)
VITAMIN C,Chills,3,19.0615564809995,4,0,FALSE,0.15,15.6758551976088,Low (<50th)
VITAMIN D,Renal Disorder,3,12.756862745098,4,0,FALSE,0.15,15.6758551976088,Low (<50th)
VITAMIN D3,Gait Disturbance,3,11.6202380952381,4,0,FALSE,0.15,15.6758551976088,Low (<50th)
VIVAZEN,Drug Dependence,3,95.7529411764706,4,0,FALSE,0.15,15.6758551976088,Low (<50th)
WOMENS ULTRA MEGA ENERGY AND METABOLISM VITAPAK PACKET,Dyspnoea,3,10.4828277046365,4,0,FALSE,0.15,15.6758551976088,Low (<50th)
YOHIMBE 451,Tremor,3,60.5167286245353,4,0,FALSE,0.15,15.6758551976088,Low (<50th)
ZANTREX 3,Paraesthesia,3,12.9776714513557,4,0,FALSE,0.15,15.6758551976088,Low (<50th)
ZENWISE HEALTH CALMING SLEEP SUPPORT WITH MELATONIN,Insomnia,3,42.5895348837209,4,0,FALSE,0.15,15.6758551976088,Low (<50th)
ZENWISE HEALTH CALMING SLEEP SUPPORT WITH MELATONIN,Nausea,3,9.32459266802444,4,0,FALSE,0.15,15.6758551976088,Low (<50th)
MODERE BURN,Abdominal Pain Upper,8,2.68383688294535,3,0.375,FALSE,0.141548969313672,15.6094320823647,Low (<50th)
OMEGAPLEX,Headache,8,2.65903484743176,3,0.375,FALSE,0.141548969313672,15.6094320823647,Low (<50th)
5 HOUR ENERGY,Palpitations,5,2.97855188587063,3,0.4,FALSE,0.135128991946204,15.0448356027898,Low (<50th)
AG1 WHOLE FOOD DIETARY SUPPLEMENT,Abdominal Pain,5,3.41521793902746,3,0.4,FALSE,0.135128991946204,15.0448356027898,Low (<50th)
AG1 WHOLE FOOD POUCH 360G NON SPECIFIC,Pyrexia,5,4.97529856078391,3,0.4,FALSE,0.135128991946204,15.0448356027898,Low (<50th)
AG1 WHOLE FOOD POUCH 360G NON SPECIFIC,Syncope,5,4.50273436056609,3,0.4,FALSE,0.135128991946204,15.0448356027898,Low (<50th)
ALL DAY ENERGY GREENS,Gastrooesophageal Reflux Disease,5,4.97301606770514,3,0.4,FALSE,0.135128991946204,15.0448356027898,Low (<50th)
BENEFIBER STICK PACKS (WHEAT DEXTRIN) POWDER,Malaise,5,3.34792272652434,3,0.4,FALSE,0.135128991946204,15.0448356027898,Low (<50th)
BENEFIBER WITH WHEAT DEXTRIN (NCH) (WHEAT DEXTRIN) POWDER,Feeling Abnormal,5,3.17379975245912,3,0.4,FALSE,0.135128991946204,15.0448356027898,Low (<50th)
"CENTRUM (MULTIMINERALS, MULTIVITAMINS)",Dysphagia,5,3.18025437864887,3,0.4,FALSE,0.135128991946204,15.0448356027898,Low (<50th)
CITRACAL (CHOLECALCIFEROL+ CALCIUM CITRATE) COATED TABLET,Choking,5,4.01100706423526,3,0.4,FALSE,0.135128991946204,15.0448356027898,Low (<50th)
HYDROXYCUT HARDCORE,Asthenia,5,3.79098679098679,3,0.4,FALSE,0.135128991946204,15.0448356027898,Low (<50th)
KRATOM,Influenza Like Illness,5,4.16288503850385,3,0.4,FALSE,0.135128991946204,15.0448356027898,Low (<50th)
LACTAID FAST ACT CAPLETS,Hypersensitivity,5,4.05902310033428,3,0.4,FALSE,0.135128991946204,15.0448356027898,Low (<50th)
MODERE TRIM CHOCOLATE,Abdominal Pain Upper,5,3.09423267138401,3,0.4,FALSE,0.135128991946204,15.0448356027898,Low (<50th)
PRESERVISION AREDS 2,Diplopia,5,5.31432554434413,3,0.4,FALSE,0.135128991946204,15.0448356027898,Low (<50th)
PRESERVISION AREDS 2,Drug Hypersensitivity,5,5.13107293936675,3,0.4,FALSE,0.135128991946204,15.0448356027898,Low (<50th)
PRESERVISION AREDS 2 FORMULA,Cerebrovascular Accident,5,3.07471445699502,3,0.4,FALSE,0.135128991946204,15.0448356027898,Low (<50th)
WOMENS BALANCE HAIR GROWTH NUTRACEUTICAL,Diarrhoea,5,3.88199745547074,3,0.4,FALSE,0.135128991946204,15.0448356027898,Low (<50th)
"CALTRATE 600 + VITAMIN D (CALCIUM CARBONATE, CHOLECALCIFEROL) TABLET",Constipation,6,3.51506339001382,3,0.333333333333333,FALSE,0.120528762897433,14.9452009299236,Low (<50th)
"PRESERVISION AREDS 2 FORMULA SOFT GELS (CAPSULE, SOFT)",Weight Decreased,6,2.77163949670734,3,0.333333333333333,FALSE,0.120528762897433,14.9452009299236,Low (<50th)
UMARY,Abdominal Pain Upper,6,3.01781296387927,3,0.333333333333333,FALSE,0.120528762897433,14.9452009299236,Low (<50th)
NUTRAFOL WOMENS BALANCE HAIR GROWTH NUTRACEUTICAL,Urticaria,7,2.80524861878453,3,0.285714285714286,FALSE,0.110808489899521,14.9119893723016,Low (<50th)
EXTENZE,Vomiting,8,3.98872341729485,3,0.25,FALSE,0.104048969313672,14.7791431418134,Low (<50th)
ONE A DAY WOMEN'S,Cough,8,2.37616842413949,3,0.25,FALSE,0.104048969313672,14.7791431418134,Low (<50th)
PROTANDIM US,Abdominal Pain,8,3.10482921083628,3,0.25,FALSE,0.104048969313672,14.7791431418134,Low (<50th)
SUPER BETA VIRILITY BOOST,Hypertension,8,3.56169193350767,3,0.25,FALSE,0.104048969313672,14.7791431418134,Low (<50th)
ADVOCARE OMEGAPLEX,Dehydration,3,7.178618695162,3,0.333333333333333,FALSE,0.1,11.4911989372302,Low (<50th)
ADVOCARE THERMOPLUS,Vomiting,3,5.76381949089192,3,0.333333333333333,FALSE,0.1,11.4911989372302,Low (<50th)
AG1 WHOLE FOOD DIETARY SUPPLEMENT,Feeling Abnormal,3,5.38728196069773,3,0.333333333333333,FALSE,0.1,11.4911989372302,Low (<50th)
AG1 WHOLE FOOD DIETARY SUPPLEMENT,Hepatic Enzyme Increased,3,6.09365634365634,3,0.333333333333333,FALSE,0.1,11.4911989372302,Low (<50th)
AGELESS MALE,Haemorrhage,3,4.7305753070459,3,0.333333333333333,FALSE,0.1,11.4911989372302,Low (<50th)
AGELOC TR90 CONTROL (US),Abdominal Pain,3,7.16793893129771,3,0.333333333333333,FALSE,0.1,11.4911989372302,Low (<50th)
AGELOC YOUTH (US),Blood Pressure Increased,3,5.38205467372134,3,0.333333333333333,FALSE,0.1,11.4911989372302,Low (<50th)
ALL DAY ENERGY GREENS,Gastritis,3,4.69905350589144,3,0.333333333333333,FALSE,0.1,11.4911989372302,Low (<50th)
ALL DAY ENERGY GREENS FRUITY,Cardiac Disorder,3,4.38521073946303,3,0.333333333333333,FALSE,0.1,11.4911989372302,Low (<50th)
ARBONNE GUTHEALTH DIGESTION & MICROBIOME SUPPORT,Vomiting,3,5.04323877719637,3,0.333333333333333,FALSE,0.1,11.4911989372302,Low (<50th)
ARTRI AJO KING,Abdominal Distension,3,6.33760387811634,3,0.333333333333333,FALSE,0.1,11.4911989372302,Low (<50th)
ARTRI KING,Blood Glucose Increased,3,7.3395677681392,3,0.333333333333333,FALSE,0.1,11.4911989372302,Low (<50th)
BAUSCH + LOMB PRESERVISION AREDS 2,Dysphagia,3,5.08625,3,0.333333333333333,FALSE,0.1,11.4911989372302,Low (<50th)
BEACHBODY SHAKEOLOGY CHOCOLATE,Vomiting,3,4.03442577802258,3,0.333333333333333,FALSE,0.1,11.4911989372302,Low (<50th)
BENEFIBER STICK PACKS (WHEAT DEXTRIN) POWDER,Feeling Abnormal,3,5.95485235499878,3,0.333333333333333,FALSE,0.1,11.4911989372302,Low (<50th)
BENEFIBER WITH WHEAT DEXTRIN POWDER,Malaise,3,5.86862980769231,3,0.333333333333333,FALSE,0.1,11.4911989372302,Low (<50th)
CALTRATE 600 + VITAMIN D CALCIUM CARBONATE CHOLECALCIFEROL TABLET,Dysphagia,3,5.54875,3,0.333333333333333,FALSE,0.1,11.4911989372302,Low (<50th)
"CALTRATE 600 PLUS CHEWABLE (CALCIUM CARBONATE, VITAMIN D, ZINC) CHEWABLE TABLET",Foreign Body,3,6.73125,3,0.333333333333333,FALSE,0.1,11.4911989372302,Low (<50th)
CBD,Dyspnoea,3,5.98981928203451,3,0.333333333333333,FALSE,0.1,11.4911989372302,Low (<50th)
CELL ACTIVATOR,Asthenia,3,5.1644685802948,3,0.333333333333333,FALSE,0.1,11.4911989372302,Low (<50th)
CENTRUM ADULTS,Abdominal Pain Upper,3,5.16932523997741,3,0.333333333333333,FALSE,0.1,11.4911989372302,Low (<50th)
"CENTRUM SILVER (MULTIMINERALS, MULTIVITAMINS) CHEWABLE TABLET",Abdominal Discomfort,3,5.13977324581417,3,0.333333333333333,FALSE,0.1,11.4911989372302,Low (<50th)
CENTRUM SILVER MEN'S 50+,Pneumonia,3,4.91185962081485,3,0.333333333333333,FALSE,0.1,11.4911989372302,Low (<50th)
"CENTRUM SILVER MEN'S 50+ (MULTIMINERALS, MULTIVITAMINS) TABLET",Visual Impairment,3,4.6541779404743,3,0.333333333333333,FALSE,0.1,11.4911989372302,Low (<50th)
"CENTRUM SILVER MEN'S 50+ MULTIMINERALS, MULTIVITAMINS TABLET",Dysphagia,3,4.06875,3,0.333333333333333,FALSE,0.1,11.4911989372302,Low (<50th)
CENTRUM SILVER MULTIMINERAL MULTIVITAMINS TABLET,Choking,3,4.81212021678437,3,0.333333333333333,FALSE,0.1,11.4911989372302,Low (<50th)
CENTRUM SILVER WOMEN'S 50 PLUS,Foreign Body,3,5.38455882352941,3,0.333333333333333,FALSE,0.1,11.4911989372302,Low (<50th)
"CENTRUM SILVER WOMEN'S 50+ (MULTIMINERALS, MULTIVITAMINS) TABLET",Arthropathy,3,7.23225,3,0.333333333333333,FALSE,0.1,11.4911989372302,Low (<50th)
"CENTRUM SILVER WOMENS 50+ (MULTIMINERALS, MULTIVITAMINS) TABLET",Oropharyngeal Pain,3,3.96875,3,0.333333333333333,FALSE,0.1,11.4911989372302,Low (<50th)
CITRACAL PETITES CHOLECALCIFEROL + CALCIUM CITRATE FILM-COATED TABLET,Foreign Body,3,6.73125,3,0.333333333333333,FALSE,0.1,11.4911989372302,Low (<50th)
COLONIX ADVANCED INTERNAL CLEANSING PROGRAM PARANIL,Abdominal Pain,3,5.73399882560188,3,0.333333333333333,FALSE,0.1,11.4911989372302,Low (<50th)
COLONIX ADVANCED INTERNAL CLEANSING PROGRAM PARANIL,Abdominal Pain Upper,3,4.824604743083,3,0.333333333333333,FALSE,0.1,11.4911989372302,Low (<50th)
FLINTSTONES COMPLETE,Haemorrhage,3,5.23436438405149,3,0.333333333333333,FALSE,0.1,11.4911989372302,Low (<50th)
FLINTSTONES WITH IRON,Malaise,3,5.44933035714286,3,0.333333333333333,FALSE,0.1,11.4911989372302,Low (<50th)
FRUTA PLANTA,Heart Rate Increased,3,6.10707138092061,3,0.333333333333333,FALSE,0.1,11.4911989372302,Low (<50th)
GAS-X PREVENTION (NCH) (ALPHA-GALACTOSIDASE) CAPSULE,Malaise,3,4.76796875,3,0.333333333333333,FALSE,0.1,11.4911989372302,Low (<50th)
GNC MEGA MEN SPORT MULTIVITAMIN,Dyspnoea,3,6.98826559816829,3,0.333333333333333,FALSE,0.1,11.4911989372302,Low (<50th)
HERBAL CLEANSE WITH CITRUS FIBER DRINK,Abdominal Pain,3,5.05920348174502,3,0.333333333333333,FALSE,0.1,11.4911989372302,Low (<50th)
HERBAL CLEANSE WITH CITRUS FIBER DRINK,Blood Pressure Increased,3,4.43200798838054,3,0.333333333333333,FALSE,0.1,11.4911989372302,Low (<50th)
HERBALIFE TOTAL CONTROL,Chromaturia,3,5.43983495037359,3,0.333333333333333,FALSE,0.1,11.4911989372302,Low (<50th)
HERBALIFE TOTAL CONTROL,Hepatic Enzyme Increased,3,4.19399862432649,3,0.333333333333333,FALSE,0.1,11.4911989372302,Low (<50th)
HYDROXYCUT CAFFEINE FREE,Nausea,3,6.21614052953157,3,0.333333333333333,FALSE,0.1,11.4911989372302,Low (<50th)
HYDROXYCUT HARDCORE,Muscle Spasms,3,4.64666666666667,3,0.333333333333333,FALSE,0.1,11.4911989372302,Low (<50th)
HYDROXYCUT RAPID RELEASE CAPLETS,Abdominal Pain Upper,3,4.25682980702162,3,0.333333333333333,FALSE,0.1,11.4911989372302,Low (<50th)
HYDROXYCUT REGULAR RAPID RELEASE,Pain,3,5.24436090225564,3,0.333333333333333,FALSE,0.1,11.4911989372302,Low (<50th)
HYDROXYCUT REGULAR RAPID RELEASE CAPLETS,Hepatitis Acute,3,5.99604482531312,3,0.333333333333333,FALSE,0.1,11.4911989372302,Low (<50th)
HYDROXYCUT REGULAR RAPID RELEASE CAPLETS,Hepatomegaly,3,5.10008410428932,3,0.333333333333333,FALSE,0.1,11.4911989372302,Low (<50th)
I-COOL TABLETS,Vomiting,3,5.04323877719637,3,0.333333333333333,FALSE,0.1,11.4911989372302,Low (<50th)
KRATOM,Crying,3,5.28931275480489,3,0.333333333333333,FALSE,0.1,11.4911989372302,Low (<50th)
KRATOM,Restlessness,3,5.44959495949595,3,0.333333333333333,FALSE,0.1,11.4911989372302,Low (<50th)
LACTAID,Vomiting,3,5.04323877719637,3,0.333333333333333,FALSE,0.1,11.4911989372302,Low (<50th)
LACTAID FAST ACT,Tremor,3,4.77421248288006,3,0.333333333333333,FALSE,0.1,11.4911989372302,Low (<50th)
LIPODRENE,Headache,3,6.17580101180438,3,0.333333333333333,FALSE,0.1,11.4911989372302,Low (<50th)
MAGNESIUM,Abdominal Discomfort,3,5.90170475154153,3,0.333333333333333,FALSE,0.1,11.4911989372302,Low (<50th)
MEDIX SELECT ACTALIN,Heart Rate Increased,3,6.51434289526351,3,0.333333333333333,FALSE,0.1,11.4911989372302,Low (<50th)
MELATONIN,Paraesthesia,3,3.95596464195929,3,0.333333333333333,FALSE,0.1,11.4911989372302,Low (<50th)
MNS MAX 3,Abdominal Pain,3,3.90898414562537,3,0.333333333333333,FALSE,0.1,11.4911989372302,Low (<50th)
MODERE ACTIVATE,Abdominal Discomfort,3,5.13977324581417,3,0.333333333333333,FALSE,0.1,11.4911989372302,Low (<50th)
MODERE ACTIVATE,Dehydration,3,5.32519911263047,3,0.333333333333333,FALSE,0.1,11.4911989372302,Low (<50th)
MODERE ACTIVATE,Hyperhidrosis,3,6.16638591762823,3,0.333333333333333,FALSE,0.1,11.4911989372302,Low (<50th)
MODERE CARB BLOCKER,Vomiting,3,4.03442577802258,3,0.333333333333333,FALSE,0.1,11.4911989372302,Low (<50th)
MODERE TRIM CHOCOLATE,Abdominal Distension,3,5.19933944172171,3,0.333333333333333,FALSE,0.1,11.4911989372302,Low (<50th)
MODERE TRIM CHOCOLATE,Chest Discomfort,3,6.35181569699336,3,0.333333333333333,FALSE,0.1,11.4911989372302,Low (<50th)
NIACIN,Fatigue,3,5.29467900520532,3,0.333333333333333,FALSE,0.1,11.4911989372302,Low (<50th)
NO XPLODE,Jaundice,3,6.8578856152513,3,0.333333333333333,FALSE,0.1,11.4911989372302,Low (<50th)
NUTRAFOL STRESS ADAPTOGEN,Diarrhoea,3,5.82072472981564,3,0.333333333333333,FALSE,0.1,11.4911989372302,Low (<50th)
NUTRILITE GLUCOSE HEALTH,Hypersensitivity,3,6.57200538358008,3,0.333333333333333,FALSE,0.1,11.4911989372302,Low (<50th)
NUTRILITE SLIMMETRY TABLET,Nausea,3,6.21614052953157,3,0.333333333333333,FALSE,0.1,11.4911989372302,Low (<50th)
OKINAWA LIFE,Abdominal Pain Upper,3,4.25682980702162,3,0.333333333333333,FALSE,0.1,11.4911989372302,Low (<50th)
OMEGAPLEX,Atrial Fibrillation,3,5.29198611312021,3,0.333333333333333,FALSE,0.1,11.4911989372302,Low (<50th)
OMEGAPLEX,Swelling Face,3,5.6600139243444,3,0.333333333333333,FALSE,0.1,11.4911989372302,Low (<50th)
OMEGAPLEX,Tachycardia,3,6.61127676877203,3,0.333333333333333,FALSE,0.1,11.4911989372302,Low (<50th)
ONE A DAY WEIGHT SMART ADVANCED,Blood Pressure Increased,3,5.02314814814815,3,0.333333333333333,FALSE,0.1,11.4911989372302,Low (<50th)
ONE A DAY WOMEN'S,Skin Discolouration,3,4.33139310426751,3,0.333333333333333,FALSE,0.1,11.4911989372302,Low (<50th)
OXYELITE PRO,Depression,3,4.95528455284553,3,0.333333333333333,FALSE,0.1,11.4911989372302,Low (<50th)
PERFORMIX SST,Dyspnoea,3,5.98981928203451,3,0.333333333333333,FALSE,0.1,11.4911989372302,Low (<50th)
PLEXUS EASE,Diarrhoea,3,5.17387158296249,3,0.333333333333333,FALSE,0.1,11.4911989372302,Low (<50th)
PLEXUS SLIM MICROBIOME ACTIVATING,Blood Pressure Increased,3,3.965318388564,3,0.333333333333333,FALSE,0.1,11.4911989372302,Low (<50th)
PRESERVISION AREDS 2,Dementia,3,5.10175252257037,3,0.333333333333333,FALSE,0.1,11.4911989372302,Low (<50th)
PRESERVISION AREDS 2,Ill-Defined Disorder,3,6.37719065321296,3,0.333333333333333,FALSE,0.1,11.4911989372302,Low (<50th)
PRESERVISION AREDS 2 FORMULA CHEWABLES,Weight Decreased,3,4.36925373134328,3,0.333333333333333,FALSE,0.1,11.4911989372302,Low (<50th)
PRESERVISION AREDS 2 MULTIVITAMIN,Hypertension,3,4.04222473833918,3,0.333333333333333,FALSE,0.1,11.4911989372302,Low (<50th)
PRESERVISION LUTEIN,Blood Pressure Increased,3,5.38205467372134,3,0.333333333333333,FALSE,0.1,11.4911989372302,Low (<50th)
PRESERVISION LUTEIN SOFT GELS,Blood Pressure Increased,3,4.18569958847737,3,0.333333333333333,FALSE,0.1,11.4911989372302,Low (<50th)
PREVAGEN REGULAR STRENGTH,Gait Disturbance,3,6.25320512820513,3,0.333333333333333,FALSE,0.1,11.4911989372302,Low (<50th)
PURITAN'S PRIDE NIACIN 500MG COATED CAPLETS,Hypersensitivity,3,5.05507816544156,3,0.333333333333333,FALSE,0.1,11.4911989372302,Low (<50th)
PURITAN'S PRIDE OMEGA 3 FISH OIL,Diarrhoea,3,5.82072472981564,3,0.333333333333333,FALSE,0.1,11.4911989372302,Low (<50th)
PURITAN'S PRIDE PROBIOTIC ACIDOPHILUS,Diarrhoea,3,6.65239306148397,3,0.333333333333333,FALSE,0.1,11.4911989372302,Low (<50th)
REUMOFAN PLUS,Rectal Haemorrhage,3,7.35272836900814,3,0.333333333333333,FALSE,0.1,11.4911989372302,Low (<50th)
RSP AMINO LEAN,Nausea,3,6.21614052953157,3,0.333333333333333,FALSE,0.1,11.4911989372302,Low (<50th)
SHAKEOLOGY CHOCOLATE,Abdominal Pain,3,4.77803875513799,3,0.333333333333333,FALSE,0.1,11.4911989372302,Low (<50th)
SHAKEOLOGY CHOCOLATE BAG 30 SERVING,Pain,3,4.13994572898411,3,0.333333333333333,FALSE,0.1,11.4911989372302,Low (<50th)
SHAKEOLOGY VANILLA,Dyspnoea,3,5.98981928203451,3,0.333333333333333,FALSE,0.1,11.4911989372302,Low (<50th)
STACKER 2,Heart Rate Increased,3,4.88525683789193,3,0.333333333333333,FALSE,0.1,11.4911989372302,Low (<50th)
TRIPLE ACTION VIRILITY,Rectal Haemorrhage,3,4.601246105919,3,0.333333333333333,FALSE,0.1,11.4911989372302,Low (<50th)
TRUVY ALTER,Heart Rate Increased,3,6.51434289526351,3,0.333333333333333,FALSE,0.1,11.4911989372302,Low (<50th)
TRUVY TRIM,Vomiting,3,4.48278711098871,3,0.333333333333333,FALSE,0.1,11.4911989372302,Low (<50th)
VITAMIN D3,Erythema,3,5.73838918283363,3,0.333333333333333,FALSE,0.1,11.4911989372302,Low (<50th)
YOUTHEORY TURMERIC,Nausea,3,6.21614052953157,3,0.333333333333333,FALSE,0.1,11.4911989372302,Low (<50th)
SUPER BETA PROSTATE,Haematemesis,9,2.64729370008873,3,0.222222222222222,FALSE,0.0992039860452937,11.4579873796081,Low (<50th)
OMEGAPLEX,Nausea,10,2.00648287550082,3,0.2,FALSE,0.0956577548436368,11.391564264364,Low (<50th)
PREVAGEN EXTRA STRENGTH,Dizziness,10,2.98514860573128,3,0.2,FALSE,0.0956577548436368,11.391564264364,Low (<50th)
OMEGAPLEX,Vomiting,13,2.82453608431105,3,0.153846153846154,FALSE,0.0895819763651812,11.3583527067419,Low (<50th)
ARBONNE ESSENTIALS HERBAL DETOX TEA,Swelling,4,5.71533979445437,3,0.25,FALSE,0.0835202064162389,10.096313517104,Low (<50th)
BENEFIBER STICK PACKS (WHEAT DEXTRIN) POWDER,Constipation,4,5.48244677863282,3,0.25,FALSE,0.0835202064162389,10.096313517104,Low (<50th)
BENEFIBER W WHEAT DEXTRIN (NCH) (WHEAT DEXTRIN) POWDER,Atrial Fibrillation,4,3.68018128599755,3,0.25,FALSE,0.0835202064162389,10.096313517104,Low (<50th)
BENEFIBER WITH WHEAT DEXTRIN (NCH) (WHEAT DEXTRIN) POWDER,Blood Glucose Increased,4,4.03369623711554,3,0.25,FALSE,0.0835202064162389,10.096313517104,Low (<50th)
BENEFIBER WITH WHEAT DEXTRIN (NCH) (WHEAT DEXTRIN) POWDER,Fall,4,3.86245441572856,3,0.25,FALSE,0.0835202064162389,10.096313517104,Low (<50th)
BURN,Blood Pressure Increased,4,4.18733916623778,3,0.25,FALSE,0.0835202064162389,10.096313517104,Low (<50th)
BURN,Heart Rate Increased,4,5.43124165554072,3,0.25,FALSE,0.0835202064162389,10.096313517104,Low (<50th)
"CALTRATE 600 + D PLUS MINERAL (CALCIUM CARBONATE, MULTIMINERAL, VITAMIN D) TABLET",Dysphagia,4,4.78856386239364,3,0.25,FALSE,0.0835202064162389,10.096313517104,Low (<50th)
CATALYST,Diarrhoea,4,4.13990461049285,3,0.25,FALSE,0.0835202064162389,10.096313517104,Low (<50th)
CATALYST,Vomiting,4,3.58677685950413,3,0.25,FALSE,0.0835202064162389,10.096313517104,Low (<50th)
CATALYST BOTTLE,Headache,4,3.16737501216624,3,0.25,FALSE,0.0835202064162389,10.096313517104,Low (<50th)
"CENTRUM SILVER ADULTS 50+ (MULTIMINERALS, MULTIVITAMINS) TABLET",Oropharyngeal Pain,4,3.46771037181996,3,0.25,FALSE,0.0835202064162389,10.096313517104,Low (<50th)
EXTENZE,Heart Rate Increased,4,4.82747366859516,3,0.25,FALSE,0.0835202064162389,10.096313517104,Low (<50th)
EXTENZE PLUS,Headache,4,3.29413749472796,3,0.25,FALSE,0.0835202064162389,10.096313517104,Low (<50th)
FERROUS SULFATE,Vomiting,4,3.16467347269486,3,0.25,FALSE,0.0835202064162389,10.096313517104,Low (<50th)
FLINTSTONES COMPLETE MULTIVITAMINS CHEWABLE TABLET,Dyspepsia,4,4.52826510721248,3,0.25,FALSE,0.0835202064162389,10.096313517104,Low (<50th)
HERBAL CLEANSE WITH CITRUS FIBER DRINK,Dyspnoea,4,3.28879607955407,3,0.25,FALSE,0.0835202064162389,10.096313517104,Low (<50th)
HYDROXYCUT,Emotional Distress,4,4.57211301345734,3,0.25,FALSE,0.0835202064162389,10.096313517104,Low (<50th)
HYDROXYCUT HARDCORE,Hypertension,4,5.28888888888889,3,0.25,FALSE,0.0835202064162389,10.096313517104,Low (<50th)
MODERE ACTIVATE,Abdominal Pain,4,3.70031462037072,3,0.25,FALSE,0.0835202064162389,10.096313517104,Low (<50th)
MODERE BURN,Chest Discomfort,4,4.59209039548023,3,0.25,FALSE,0.0835202064162389,10.096313517104,Low (<50th)
MODERE TRIM CHOCOLATE,Palpitations,4,4.15371848068943,3,0.25,FALSE,0.0835202064162389,10.096313517104,Low (<50th)
NATUREMADE IRON,Nausea,4,5.52652576181988,3,0.25,FALSE,0.0835202064162389,10.096313517104,Low (<50th)
NATUREMADE SUPER B COMPLEX TABLET,Diarrhoea,4,3.44970853206147,3,0.25,FALSE,0.0835202064162389,10.096313517104,Low (<50th)
NATUREMADE SUPER B COMPLEX TABLET,Pain,4,5.82984058749776,3,0.25,FALSE,0.0835202064162389,10.096313517104,Low (<50th)
NATUREMADE VITAMIN C 1000 MG,Choking,4,4.01051248357425,3,0.25,FALSE,0.0835202064162389,10.096313517104,Low (<50th)
NUTRILITE SLIMMETRY,Malaise,4,4.62532569046378,3,0.25,FALSE,0.0835202064162389,10.096313517104,Low (<50th)
OKINAWA LIFE,Hypersensitivity,4,5.156088288098,3,0.25,FALSE,0.0835202064162389,10.096313517104,Low (<50th)
ONE A DAY WOMEN'S,Breast Cancer,4,5.35002338441223,3,0.25,FALSE,0.0835202064162389,10.096313517104,Low (<50th)
ONE A DAY WOMEN'S ACTIVE METABOLISM,Dizziness,4,3.57748181801528,3,0.25,FALSE,0.0835202064162389,10.096313517104,Low (<50th)
OXYELITE PRO,Back Pain,4,5.05809128630706,3,0.25,FALSE,0.0835202064162389,10.096313517104,Low (<50th)
SUPER BETA PROSTATE,Urine Output Decreased,4,6.17701863354037,3,0.25,FALSE,0.0835202064162389,10.096313517104,Low (<50th)
SUPER BETA PROSTATE P3 ADVANCED,Drug Interaction,4,5.25014854426619,3,0.25,FALSE,0.0835202064162389,10.096313517104,Low (<50th)
SUPER BETA PROSTATE P3 ADVANCED,Pollakiuria,4,5.02045454545455,3,0.25,FALSE,0.0835202064162389,10.096313517104,Low (<50th)
SUPER BETA VIRILITY BOOST,Thrombosis,4,5.61004695106144,3,0.25,FALSE,0.0835202064162389,10.096313517104,Low (<50th)
THERMOPLUS,Abdominal Pain,4,5.46348833305355,3,0.25,FALSE,0.0835202064162389,10.096313517104,Low (<50th)
TRUVY ALTER,Nausea,4,3.31550802139037,3,0.25,FALSE,0.0835202064162389,10.096313517104,Low (<50th)
VITAMIN D3,Pruritus,4,3.79436345966958,3,0.25,FALSE,0.0835202064162389,10.096313517104,Low (<50th)
AGELESS MALE MAX,Haematochezia,5,4.15258279950934,3,0.2,FALSE,0.0751289919462039,9.26602457655264,Low (<50th)
ARBONNE ESSENTIALS DIGESTION PLUS,Urticaria,5,3.43239896431386,3,0.2,FALSE,0.0751289919462039,9.26602457655264,Low (<50th)
ARBONNE ESSENTIALS HERBAL DETOX TEA,Rash,5,4.54976877750429,3,0.2,FALSE,0.0751289919462039,9.26602457655264,Low (<50th)
BENEFIBER WITH WHEAT DEXTRIN (NCH) (WHEAT DEXTRIN) POWDER,Abdominal Distension,5,2.84319561157797,3,0.2,FALSE,0.0751289919462039,9.26602457655264,Low (<50th)
CALTRATE 600 + VITAMIN D CALCIUM CARBONATE CHOLECALCIFEROL TABLET,Choking,5,3.6462953836044,3,0.2,FALSE,0.0751289919462039,9.26602457655264,Low (<50th)
CENTRUM SILVER ADULTS 50 PLUS,Choking,5,4.4567657850063,3,0.2,FALSE,0.0751289919462039,9.26602457655264,Low (<50th)
"CENTRUM SILVER ADULTS 50+ MULTIMINERALS, MULTIVITAMINS TABLET",Choking,5,5.0139641859701,3,0.2,FALSE,0.0751289919462039,9.26602457655264,Low (<50th)
"CENTRUM SILVER WOMENS 50+ (MULTIMINERALS, MULTIVITAMINS) TABLET",Throat Irritation,5,4.35304198800343,3,0.2,FALSE,0.0751289919462039,9.26602457655264,Low (<50th)
GARCINIA CAMBOGIA,Headache,5,3.67781796262809,3,0.2,FALSE,0.0751289919462039,9.26602457655264,Low (<50th)
HYDROXYCUT,Faeces Discoloured,5,4.92411825411279,3,0.2,FALSE,0.0751289919462039,9.26602457655264,Low (<50th)
HYDROXYCUT CAFFEINE-FREE CAPLETS,Hypersensitivity,5,2.73911091154019,3,0.2,FALSE,0.0751289919462039,9.26602457655264,Low (<50th)
MAGNESIUM,Diarrhoea,5,2.87514136273678,3,0.2,FALSE,0.0751289919462039,9.26602457655264,Low (<50th)
MNS 3,Diarrhoea,5,2.77240094511087,3,0.2,FALSE,0.0751289919462039,9.26602457655264,Low (<50th)
MODERE BURN,Palpitations,5,2.81284606866002,3,0.2,FALSE,0.0751289919462039,9.26602457655264,Low (<50th)
NATUREMADE L-LYSINE 1000 MG,Choking,5,5.0139641859701,3,0.2,FALSE,0.0751289919462039,9.26602457655264,Low (<50th)
NUTRAFOL WOMENS BALANCE HAIR GROWTH NUTRACEUTICAL,Dehydration,5,2.86864406779661,3,0.2,FALSE,0.0751289919462039,9.26602457655264,Low (<50th)
OMEGAPLEX,Palpitations,5,3.26720072875362,3,0.2,FALSE,0.0751289919462039,9.26602457655264,Low (<50th)
OMEGAPLEX,Urticaria,5,3.09985002160706,3,0.2,FALSE,0.0751289919462039,9.26602457655264,Low (<50th)
ONE A DAY WOMEN'S 50+ HEALTHY ADVANTAGE MULTIVITAMINS + MINERALS FILM COATED TABLET,Choking,5,5.0139641859701,3,0.2,FALSE,0.0751289919462039,9.26602457655264,Low (<50th)
ONE A DAY WOMENS VITACRAVES GUMMIES,Choking,5,2.86477035368115,3,0.2,FALSE,0.0751289919462039,9.26602457655264,Low (<50th)
PRESERVISION AREDS 2,Glaucoma,5,5.41094964515039,3,0.2,FALSE,0.0751289919462039,9.26602457655264,Low (<50th)
PREVAGEN EXTRA STRENGTH,Loss Of Consciousness,5,4.25792092170725,3,0.2,FALSE,0.0751289919462039,9.26602457655264,Low (<50th)
PROTANDIM US,Hypertension,5,4.4708276797829,3,0.2,FALSE,0.0751289919462039,9.26602457655264,Low (<50th)
SHAKEOLOGY CHOCOLATE,Vomiting,5,3.7370258105998,3,0.2,FALSE,0.0751289919462039,9.26602457655264,Low (<50th)
ZANTREX 3,Nausea,5,3.45432161657327,3,0.2,FALSE,0.0751289919462039,9.26602457655264,Low (<50th)
ARBONNE ESSENTIALS CHOCOLATE PROTEIN SHAKE MIX,Dyspnoea,6,3.99549862912796,3,0.166666666666667,FALSE,0.070528762897433,9.09996678844238,Low (<50th)
CENTRUM ADULTS UNDER 50,Choking,6,3.00837988826816,3,0.166666666666667,FALSE,0.070528762897433,9.09996678844238,Low (<50th)
"CENTRUM SILVER (MULTIMINERALS, MULTIVITAMINS) CHEWABLE TABLET",Dysphagia,6,3.94113609754128,3,0.166666666666667,FALSE,0.070528762897433,9.09996678844238,Low (<50th)
"CENTRUM SILVER ULTRA WOMEN'S (MULTIMINERALS, MULTIVITAMINS) TABLET",Feeling Abnormal,6,2.85251377006914,3,0.166666666666667,FALSE,0.070528762897433,9.09996678844238,Low (<50th)
MODERE TRIM CHOCOLATE,Dizziness,6,2.61506309782172,3,0.166666666666667,FALSE,0.070528762897433,9.09996678844238,Low (<50th)
MNS 3,Vomiting,7,3.36448855803695,3,0.142857142857143,FALSE,0.0679513470423778,8.83427432746596,Low (<50th)
PATRIOT POWER GREENS,Abdominal Pain Upper,7,2.48546884100175,3,0.142857142857143,FALSE,0.0679513470423778,8.83427432746596,Low (<50th)
PATRIOT POWER GREENS,Rash,7,3.84429330690929,3,0.142857142857143,FALSE,0.0679513470423778,8.83427432746596,Low (<50th)
PRESERVISION AREDS,Blood Pressure Increased,7,3.38536875495638,3,0.142857142857143,FALSE,0.0679513470423778,8.83427432746596,Low (<50th)
PRESERVISION AREDS 2 FORMULA SOFT GELS,Epistaxis,7,3.54927099044746,3,0.142857142857143,FALSE,0.0679513470423778,8.83427432746596,Low (<50th)
RELACORE,Dizziness,7,2.33328550932568,3,0.142857142857143,FALSE,0.0679513470423778,8.83427432746596,Low (<50th)
SUPER BETA PROSTATE,Renal Impairment,7,2.88260869565217,3,0.142857142857143,FALSE,0.0679513470423778,8.83427432746596,Low (<50th)
SUPER BETA VIRILITY BOOST,Haemorrhage,7,3.87055269762318,3,0.142857142857143,FALSE,0.0679513470423778,8.83427432746596,Low (<50th)
CENTRUM SILVER WOMEN'S 50 PLUS,Choking,8,3.20973044049967,3,0.125,FALSE,0.0665489693136718,8.76785121222185,Low (<50th)
EMERGEN-C,Cough,8,3.93218286406297,3,0.125,FALSE,0.0665489693136718,8.76785121222185,Low (<50th)
PRESERVISION AREDS 2 FORMULA,Dysphagia,12,2.12645245758551,3,0.0833333333333333,FALSE,0.0660575257948659,8.7346396545998,Low (<50th)
MODERE BURN,Blood Pressure Increased,9,3.14551083591331,3,0.111111111111111,FALSE,0.0658706527119604,8.63500498173364,Low (<50th)
OMEGAPLEX,Blood Pressure Increased,9,3.65360031958454,3,0.111111111111111,FALSE,0.0658706527119604,8.63500498173364,Low (<50th)
ONE A DAY MENS 50 PLUS HEATHLY ADVANTAGE,Choking,9,2.25665789906296,3,0.111111111111111,FALSE,0.0658706527119604,8.63500498173364,Low (<50th)
OMEGAPLEX,Diarrhoea,11,2.75785891979687,3,0.0909090909090909,FALSE,0.065753259352988,8.60179342411159,Low (<50th)
ONE A DAY MEN'S 50+ HEALTHY ADVANTAGE,Choking,10,3.64847089773101,3,0.1,FALSE,0.0656577548436368,8.56858186648954,Low (<50th)
"CENTRUM SILVER (MULTIMINERALS, MULTIVITAMINS) CHEWABLE TABLET",Choking,11,2.84810435465304,3,0,FALSE,0.0384805320802608,8.50215875124543,Low (<50th)
ONE A DAY WOMEN'S (MULTIVITAMINS + MINERALS) FILM-COATED TABLET,Dysphagia,11,2.57699515626802,3,0,FALSE,0.0384805320802608,8.50215875124543,Low (<50th)
"CENTRUM (MULTIMINERALS, MULTIVITAMINS) UNKNOWN",Choking,10,3.21045708648471,3,0,FALSE,0.0356577548436368,8.43573563600133,Low (<50th)
CITRACAL (CHOLECALCIFEROL + CALCIUM CITRATE) COATED TABLET,Choking,10,3.34429463992108,3,0,FALSE,0.0356577548436368,8.43573563600133,Low (<50th)
"CENTRUM (MULTIMINERALS, MULTIVITAMINS) TABLET",Dysphagia,9,3.05639097744361,3,0,FALSE,0.032537319378627,8.36931252075722,Low (<50th)
PRESERVISION AREDS 2 FORMULA SOFT GELS,Atrial Fibrillation,9,2.29204545454545,3,0,FALSE,0.032537319378627,8.36931252075722,Low (<50th)
CENTRUM MULTIMINERALS MULTIVITAMINS TABLET,Choking,8,3.37873282812554,3,0,FALSE,0.0290489693136718,8.17004317502491,Low (<50th)
"CENTRUM SILVER ADULTS 50+ (MULTIMINERALS, MULTIVITAMINS) TABLET",Foreign Body Trauma,8,3.32769953051643,3,0,FALSE,0.0290489693136718,8.17004317502491,Low (<50th)
"CENTRUM SILVER MULTIMINERALS, MULTIVITAMINS TABLET",Choking,8,4.01249178172255,3,0,FALSE,0.0290489693136718,8.17004317502491,Low (<50th)
CENTRUM SILVER WOMEN'S 50+,Retching,8,2.6923289947383,3,0,FALSE,0.0290489693136718,8.17004317502491,Low (<50th)
FLINTSTONES COMPLETE CHEWABLE,Choking,8,2.21319912036092,3,0,FALSE,0.0290489693136718,8.17004317502491,Low (<50th)
ONE A DAY WOMENS,Choking,8,3.05682351836198,3,0,FALSE,0.0290489693136718,8.17004317502491,Low (<50th)
"CALTRATE 600 + D PLUS MINERAL (CALCIUM CARBONATE, MULTIMINERAL, VITAMIN D) TABLET",Choking,7,3.30379428681908,3,0,FALSE,0.0250942041852349,7.70508136831618,Low (<50th)
"CALTRATE 600 PLUS CHEWABLE (CALCIUM CARBONATE, VITAMIN D, ZINC) CHEWABLE TABLET",Choking,7,3.51035332785538,3,0,FALSE,0.0250942041852349,7.70508136831618,Low (<50th)
CENTRUM SILVER MULTIMINERALS MULTIVITAMINS,Dysphagia,7,3.75202091204639,3,0,FALSE,0.0250942041852349,7.70508136831618,Low (<50th)
CITRACAL PETITES,Oropharyngeal Pain,7,2.73312710911136,3,0,FALSE,0.0250942041852349,7.70508136831618,Low (<50th)
CITRACAL PETITES (CHOLECALCIFEROL + CALCIUM CITRATE) FILM-COATED TABLET,Throat Irritation,7,3.92461340206186,3,0,FALSE,0.0250942041852349,7.70508136831618,Low (<50th)
EMERGEN-C,Feeling Abnormal,7,3.92759633661655,3,0,FALSE,0.0250942041852349,7.70508136831618,Low (<50th)
MODERE TRIM CHOCOLATE,Vomiting,7,2.41498589637547,3,0,FALSE,0.0250942041852349,7.70508136831618,Low (<50th)
NATUREMADE VITAMIN C,Choking,7,3.12018625034237,3,0,FALSE,0.0250942041852349,7.70508136831618,Low (<50th)
OAD WOMEN'S 50+ MINIGELS COMPLETE MULTIVITAMIN,Choking,7,3.74445357436319,3,0,FALSE,0.0250942041852349,7.70508136831618,Low (<50th)
OAD WOMEN'S MINIGELS COMPLETE MULTIVITAMIN,Choking,7,3.30379428681908,3,0,FALSE,0.0250942041852349,7.70508136831618,Low (<50th)
ONE A DAY ESSENTIAL,Choking,7,2.24621199671323,3,0,FALSE,0.0250942041852349,7.70508136831618,Low (<50th)
ONE A DAY WOMEN'S,Coeliac Disease,7,3.35405312176613,3,0,FALSE,0.0250942041852349,7.70508136831618,Low (<50th)
ONE A DAY WOMEN'S (MULTIVITAMINS + MINERALS) FILM-COATED TABLET,Foreign Body Trauma,7,3.67978909232063,3,0,FALSE,0.0250942041852349,7.70508136831618,Low (<50th)
PRESERVISION AREDS 2,Local Swelling,7,2.55609277715693,3,0,FALSE,0.0250942041852349,7.70508136831618,Low (<50th)
CALTRATE 600 + D PLUS MINERAL,Choking,6,2.40650673677292,3,0,FALSE,0.020528762897433,7.3397542344736,Low (<50th)
CENTRUM SILVER MEN 50 PLUS,Choking,6,2.40650673677292,3,0,FALSE,0.020528762897433,7.3397542344736,Low (<50th)
"CENTRUM SILVER ULTRA WOMEN'S (MULTIMINERALS, MULTIVITAMINS) TABLET",Coeliac Disease,6,4.0285501489573,3,0,FALSE,0.020528762897433,7.3397542344736,Low (<50th)
CENTRUM WOMEN UNDER 50,Choking,6,2.53321687392981,3,0,FALSE,0.020528762897433,7.3397542344736,Low (<50th)
MODERE TRIM CHOCOLATE,Blood Pressure Increased,6,3.86802996076566,3,0,FALSE,0.020528762897433,7.3397542344736,Low (<50th)
NATUREMADE FISH OIL,Choking,6,3.2090042720999,3,0,FALSE,0.020528762897433,7.3397542344736,Low (<50th)
"ONE A DAY MEN'S HEALTH FORMULA (MULTIVITAMINS, MINERALS, LYCOPENE) FILM-COATED TABLET",Throat Irritation,6,4.18275418275418,3,0,FALSE,0.020528762897433,7.3397542344736,Low (<50th)
ONE A DAY MEN'S MEN'S HEALTH FORMULA,Choking,6,2.53321687392981,3,0,FALSE,0.020528762897433,7.3397542344736,Low (<50th)
ONE A DAY WOMEN'S 50+ HEALTHY ADVANTAGE (MULTIVITAMINS + MINERALS) FILM-COATED TABLET,Foreign Body Trauma,6,4.35372874548132,3,0,FALSE,0.020528762897433,7.3397542344736,Low (<50th)
PHILLIPS' COLON HEALTH (BIFIDOBACTERIUM + LACTOBACILLUS) CAPSULE,Abdominal Pain Upper,6,2.68217054263566,3,0,FALSE,0.020528762897433,7.3397542344736,Low (<50th)
"PRESERVISION AREDS 2 FORMULA SOFT GELS (CAPSULE, SOFT)",Blood Glucose Increased,6,4.57594936708861,3,0,FALSE,0.020528762897433,7.3397542344736,Low (<50th)
AGELESS MALE MAX,Blood Urine Present,5,4.64797864225782,3,0,FALSE,0.0151289919462038,6.37661906343408,Low (<50th)
AGELESS MALE PERFORMANCE,Dyspnoea,5,3.49513172966781,3,0,FALSE,0.0151289919462038,6.37661906343408,Low (<50th)
ALL DAY ENERGY GREENS FRUITY,Back Pain,5,4.48245727006789,3,0,FALSE,0.0151289919462038,6.37661906343408,Low (<50th)
ARBONNE ESSENTIALS DAILY FIBER BOOST,Rash,5,4.05481318973541,3,0,FALSE,0.0151289919462038,6.37661906343408,Low (<50th)
ARBONNE ESSENTIALS DIGESTION PLUS,Rash,5,3.33005679335955,3,0,FALSE,0.0151289919462038,6.37661906343408,Low (<50th)
ARBONNE ESSENTIALS PROTEIN SHAKE MIX - CHOCOLATE,Urticaria,5,4.80693459416864,3,0,FALSE,0.0151289919462038,6.37661906343408,Low (<50th)
ARBONNE ESSENTIALS PROTEIN SHAKE MIX - VANILLA,Rash,5,4.78328628557986,3,0,FALSE,0.0151289919462038,6.37661906343408,Low (<50th)
"CENTRUM (MULTIMINERALS, MULTIVITAMINS) TABLET",Foreign Body Trauma,5,3.8061797752809,3,0,FALSE,0.0151289919462038,6.37661906343408,Low (<50th)
"CENTRUM CARDIO (MULTIVITAMIN, MULTIMINERAL, PHYTOSTEROLS) TABLET",Choking,5,4.01100706423526,3,0,FALSE,0.0151289919462038,6.37661906343408,Low (<50th)
CENTRUM SILVER,Coeliac Disease,5,3.86119303586719,3,0,FALSE,0.0151289919462038,6.37661906343408,Low (<50th)
CENTRUM SILVER MEN'S 50+ MULTIMINERALS MULTIVITAMINS TABLET,Choking,5,2.67373090192213,3,0,FALSE,0.0151289919462038,6.37661906343408,Low (<50th)
"CENTRUM SILVER MEN'S 50+ MULTIMINERALS, MULTIVITAMINS TABLET",Choking,5,2.67373090192213,3,0,FALSE,0.0151289919462038,6.37661906343408,Low (<50th)
CENTRUM SILVER MULTIMINERALS MULTIVITAMINS CHEWABLE TABLET,Choking,5,2.86477035368115,3,0,FALSE,0.0151289919462038,6.37661906343408,Low (<50th)
CENTRUM SILVER WOMEN'S 50+,Foreign Body In Throat,5,2.78089244851259,3,0,FALSE,0.0151289919462038,6.37661906343408,Low (<50th)
"CENTRUM SILVER WOMEN'S 50+ (MULTIMINERALS, MULTIVITAMINS) TABLET",Oesophageal Injury,5,4.70390243902439,3,0,FALSE,0.0151289919462038,6.37661906343408,Low (<50th)
CENTRUM SILVER WOMENS 50+ (MULTIMINERALS MULTIVITAMINS) TABLET,Choking,5,4.4567657850063,3,0,FALSE,0.0151289919462038,6.37661906343408,Low (<50th)
CITRACAL CALCIUM + D SLOW RELEASE,Choking,5,5.0139641859701,3,0,FALSE,0.0151289919462038,6.37661906343408,Low (<50th)
"CITRACAL CALCIUM+ D SLOW RELEASE 1200 (CALCIUM CARBONATE, CALCIUM CITRATE, VITAMIN D, MAGNESIUM HYDROXIDE) FILM-COATED TABLET",Choking,5,5.0139641859701,3,0,FALSE,0.0151289919462038,6.37661906343408,Low (<50th)
CITRACAL MAXIMUM PLUS,Foreign Body,5,4.17825461520019,3,0,FALSE,0.0151289919462038,6.37661906343408,Low (<50th)
CITRACAL PLUS MAGNESIUM,Choking,5,3.34236898307869,3,0,FALSE,0.0151289919462038,6.37661906343408,Low (<50th)
"EMERGEN-C (ASCORBIC ACID, B-COMPLEX, ELECTROLYTE, MULTIMINERAL, MULTIVIT, ZINC) POWDER FOR ORAL SOLUTION",Cough,5,5.01356852103121,3,0,FALSE,0.0151289919462038,6.37661906343408,Low (<50th)
EXTENZE PLUS,Abdominal Pain Upper,5,4.82838773491593,3,0,FALSE,0.0151289919462038,6.37661906343408,Low (<50th)
ONE A DAY WOMEN'S,Foreign Body In Throat,5,2.8685980646684,3,0,FALSE,0.0151289919462038,6.37661906343408,Low (<50th)
ONE A DAY WOMEN'S (MULTIVITAMINS + MINERALS) FILM-COATED TABLET,Retching,5,4.44040657959451,3,0,FALSE,0.0151289919462038,6.37661906343408,Low (<50th)
ONE A DAY WOMENS MULTIVITAMINS FILM COATED TABLET,Choking,5,4.4567657850063,3,0,FALSE,0.0151289919462038,6.37661906343408,Low (<50th)
PRESERVISION AREDS 2,Body Height Decreased,5,4.96003717472119,3,0,FALSE,0.0151289919462038,6.37661906343408,Low (<50th)
PRESERVISION AREDS 2,Drug Ineffective,5,4.31307580410538,3,0,FALSE,0.0151289919462038,6.37661906343408,Low (<50th)
"PRESERVISION AREDS 2 FORMULA SOFT GELS (CAPSULE, SOFT)",Vision Blurred,5,3.17643220670756,3,0,FALSE,0.0151289919462038,6.37661906343408,Low (<50th)
SUPER BETA PROSTATE,Haemoptysis,5,2.88260869565217,3,0,FALSE,0.0151289919462038,6.37661906343408,Low (<50th)
ADVOCARE OMEGAPLEX,Blood Pressure Increased,4,4.36948689834187,3,0,FALSE,0.00852020641623889,4.54998339422119,Low (<50th)
ARBONNE ESSENTIALS DAILY FIBER BOOST,Urticaria,4,3.34091064703869,3,0,FALSE,0.00852020641623889,4.54998339422119,Low (<50th)
ARBONNE ESSENTIALS ENERGY FIZZ STICKS - CITRUS,Rash,4,5.7370864429688,3,0,FALSE,0.00852020641623889,4.54998339422119,Low (<50th)
ARBONNE ESSENTIALS PROTEIN SHAKE MIX - VANILLA,Urticaria,4,3.94112658994549,3,0,FALSE,0.00852020641623889,4.54998339422119,Low (<50th)
BENEFIBER WITH WHEAT DEXTRIN (NCH)(WHEAT DEXTRIN) POWDER,Diarrhoea,4,5.64578696343402,3,0,FALSE,0.00852020641623889,4.54998339422119,Low (<50th)
CALTRATE PLUS CALCIUM CARBONATE VITAMIN D ZINC TABLET,Choking,4,4.01051248357425,3,0,FALSE,0.00852020641623889,4.54998339422119,Low (<50th)
"CENTRUM MULTIMINERALS, MULTIVITAMINS",Choking,4,3.56482698204117,3,0,FALSE,0.00852020641623889,4.54998339422119,Low (<50th)
CENTRUM SILVER ADULTS 50 PLUS MULTIMINERALS MULTIVITAMINS TABLET,Choking,4,5.34756898817346,3,0,FALSE,0.00852020641623889,4.54998339422119,Low (<50th)
CENTRUM SILVER ADULTS 50+,Oropharyngeal Pain,4,4.01647955505201,3,0,FALSE,0.00852020641623889,4.54998339422119,Low (<50th)
"CENTRUM SILVER ADULTS 50+ (MULTIMINERALS, MULTIVITAMINS)",Choking,4,3.56482698204117,3,0,FALSE,0.00852020641623889,4.54998339422119,Low (<50th)
CENTRUM SILVER ADULTS 50+ MULTIMINERALS MULTIVITAMIN,Malaise,4,3.17926003126629,3,0,FALSE,0.00852020641623889,4.54998339422119,Low (<50th)
CENTRUM SILVER ADULTS 50+ TABLET,Choking,4,4.58353669983105,3,0,FALSE,0.00852020641623889,4.54998339422119,Low (<50th)
CENTRUM SILVER MULTIMINERALS MULTIVITAMINS TABLET,Hypertension,4,4.06712528663748,3,0,FALSE,0.00852020641623889,4.54998339422119,Low (<50th)
CENTRUM SILVER WOMEN'S 50 PLUS MULTIMINERALS MULTIVITAMINS TABLET,Dysphagia,4,3.13040690031103,3,0,FALSE,0.00852020641623889,4.54998339422119,Low (<50th)
CENTRUM SILVER WOMEN'S 50+,Neuropathy Peripheral,4,3.80806893850372,3,0,FALSE,0.00852020641623889,4.54998339422119,Low (<50th)
CENTRUM SILVER WOMEN'S 50+ MULTIMINERALS MULTIVITAMINS TABLET,Coeliac Disease,4,3.19841087434744,3,0,FALSE,0.00852020641623889,4.54998339422119,Low (<50th)
CENTRUM SILVER WOMENS 50 PLUS,Choking,4,4.58353669983105,3,0,FALSE,0.00852020641623889,4.54998339422119,Low (<50th)
"CENTRUM ULTRA WOMEN'S (MULTIMINERALS, MULTIVITAMINS) TABLET",Foreign Body Trauma,4,5.53414405986904,3,0,FALSE,0.00852020641623889,4.54998339422119,Low (<50th)
CENTRUM ULTRA WOMENS MULTIMINERAL MULTIVITAMINS TABLET,Choking,4,5.34756898817346,3,0,FALSE,0.00852020641623889,4.54998339422119,Low (<50th)
"CENTRUM WOMEN UNDER 50 MULTIMINERALS, MULTIVITAMINS TABLET",Choking,4,5.34756898817346,3,0,FALSE,0.00852020641623889,4.54998339422119,Low (<50th)
"CITRACAL CALCIUM + D SLOW RELEASE 1200 (CALCIUM CARBONATE, CALCIUM CITRATE, VITAMIN D, MAGNESIUM HYDROXIDE) FILM-COATED TABLET",Dysphagia,4,4.52243990551619,3,0,FALSE,0.00852020641623889,4.54998339422119,Low (<50th)
CITRACAL CHOLECALCIFEROL + CALCIUM CITRATE COATED TABLET,Choking,4,4.01051248357425,3,0,FALSE,0.00852020641623889,4.54998339422119,Low (<50th)
CITRACAL MAXIMUM (CHOLECALCIFEROL + CALCIUM CITRATE),Choking,4,4.58353669983105,3,0,FALSE,0.00852020641623889,4.54998339422119,Low (<50th)
CITRACAL MAXIMUM (CHOLECALCIFEROL + CALCIUM CITRATE) FILM COATED TABLET,Choking,4,3.56482698204117,3,0,FALSE,0.00852020641623889,4.54998339422119,Low (<50th)
CITRACAL MAXIMUM (CHOLECALCIFEROL + CALCIUM CITRATE) FILM-COATED TABLET,Coeliac Disease,4,3.86899563318777,3,0,FALSE,0.00852020641623889,4.54998339422119,Low (<50th)
CITRACAL PETITES (CHOLECALCIFEROL + CALCIUM CITRATE) FILM COATED TABLET,Choking,4,4.01051248357425,3,0,FALSE,0.00852020641623889,4.54998339422119,Low (<50th)
CITRACAL REGULAR (CHOLECALCIFEROL + CALCIUM CITRATE) FILM-COATED TABLET,Choking,4,5.34756898817346,3,0,FALSE,0.00852020641623889,4.54998339422119,Low (<50th)
CITRICAL PETITES,Choking,4,5.34756898817346,3,0,FALSE,0.00852020641623889,4.54998339422119,Low (<50th)
"EMERGEN-C (ASCORBIC ACID, B-COMPLEX, ELECTROLYTE, MULTIMINERAL, MULTIVIT, ZINC) POWDER FOR ORAL SOLUTION",Nephrolithiasis,4,5.20422535211268,3,0,FALSE,0.00852020641623889,4.54998339422119,Low (<50th)
FLINTSTONES COMPLETE GUMMIES,Choking,4,4.58353669983105,3,0,FALSE,0.00852020641623889,4.54998339422119,Low (<50th)
GREEN TEA FAT BURNER,Dizziness,4,3.39853811347024,3,0,FALSE,0.00852020641623889,4.54998339422119,Low (<50th)
KRATOM,Rhinorrhoea,4,5.64193360512522,3,0,FALSE,0.00852020641623889,4.54998339422119,Low (<50th)
MNS MAX C (MAXIMUM APPETITE CONTROL),Dyspnoea,4,3.28879607955407,3,0,FALSE,0.00852020641623889,4.54998339422119,Low (<50th)
NATUREMADE FISH OIL,Dyspnoea,4,3.72745490981964,3,0,FALSE,0.00852020641623889,4.54998339422119,Low (<50th)
NATUREMADE FULL STRENGTH MINI OMEGA 3,Choking,4,4.58353669983105,3,0,FALSE,0.00852020641623889,4.54998339422119,Low (<50th)
NATUREMADE MULTI FOR HER 50+,Choking,4,4.58353669983105,3,0,FALSE,0.00852020641623889,4.54998339422119,Low (<50th)
NATUREMADE SUPER B COMPLEX TABLET,Blood Pressure Increased,4,5.58380511236919,3,0,FALSE,0.00852020641623889,4.54998339422119,Low (<50th)
"ONE A DAY MEN'S HEALTH FORMULA (MULTIVITAMINS, MINERALS, LYCOPENE) FILM-COATED TABLET",Oropharyngeal Pain,4,4.24005218525766,3,0,FALSE,0.00852020641623889,4.54998339422119,Low (<50th)
"ONE A DAY MEN'S HEALTH FORMULA MULTIVITAMINS, MINERALS, LYCOPENE FILM-COATED TABLET",Choking,4,4.01051248357425,3,0,FALSE,0.00852020641623889,4.54998339422119,Low (<50th)
ONE A DAY WOMEN'S 50+ ADVANTAGE,Foreign Body,4,4.22507899407003,3,0,FALSE,0.00852020641623889,4.54998339422119,Low (<50th)
ONE A DAY WOMEN'S 50+ HEALTHY ADVANTAGE (MULTIVITAMINS + MINERALS) FILM-COATED TABLET,Throat Irritation,4,3.97554862766673,3,0,FALSE,0.00852020641623889,4.54998339422119,Low (<50th)
"ONE A DAY WOMEN'S, 50 PLUS HEALTHY ADVANTAGE, BAYER",Choking,4,5.34756898817346,3,0,FALSE,0.00852020641623889,4.54998339422119,Low (<50th)
ONE-A-DAY MEN'S HEALTH (MULTIVITAMINS) TABLET,Choking,4,4.58353669983105,3,0,FALSE,0.00852020641623889,4.54998339422119,Low (<50th)
ONE-A-DAY PROACTIVE 65+ (MULTIVITAMINS + MINERALS) FILM-COATED TABLET,Choking,4,5.34756898817346,3,0,FALSE,0.00852020641623889,4.54998339422119,Low (<50th)
PHILLIP'S COLON HEALTH,Diarrhoea,4,4.43570292982058,3,0,FALSE,0.00852020641623889,4.54998339422119,Low (<50th)
PHILLIPS' COLON HEALTH (BIFIDOBACTERIUM + LACTOBACILLUS) CAPSULE,Constipation,4,3.85675323135302,3,0,FALSE,0.00852020641623889,4.54998339422119,Low (<50th)
PROTANDIM,Vomiting,4,5.38071625344353,3,0,FALSE,0.00852020641623889,4.54998339422119,Low (<50th)
PROTANDIM US,Liver Function Test Abnormal,4,5.19921104536489,3,0,FALSE,0.00852020641623889,4.54998339422119,Low (<50th)
PURITAN'S PRIDE NIACIN 500MG COATED CAPLETS,Dizziness,4,5.22926985996948,3,0,FALSE,0.00852020641623889,4.54998339422119,Low (<50th)
RHINO,Dizziness,4,5.66515837104072,3,0,FALSE,0.00852020641623889,4.54998339422119,Low (<50th)
SHAKEOLOGY CHOCOLATE,Diarrhoea,4,3.44970853206147,3,0,FALSE,0.00852020641623889,4.54998339422119,Low (<50th)
SUPER BETA PROSTATE P3 ADVANCED,Gastrointestinal Haemorrhage,4,5.6969696969697,3,0,FALSE,0.00852020641623889,4.54998339422119,Low (<50th)
SUPER BETA VIRILITY BOOST,Rectal Haemorrhage,4,4.08481543624161,3,0,FALSE,0.00852020641623889,4.54998339422119,Low (<50th)
TOTAL BODY ESSENTIAL TOTAL BODY FORMULA,Nausea,4,3.31550802139037,3,0,FALSE,0.00852020641623889,4.54998339422119,Low (<50th)
UMARY HYALURONIC ACID,Diarrhoea,4,3.65270737865894,3,0,FALSE,0.00852020641623889,4.54998339422119,Low (<50th)
AG1 WHOLE FOOD DIETARY SUPPLEMENT,Tremor,3,4.31917153478492,3,0,FALSE,0,0,Low (<50th)
AG1 WHOLE FOOD NON SPECIFIC,Vomiting,3,5.76381949089192,3,0,FALSE,0,0,Low (<50th)
AG1 WHOLE FOOD POUCH 360G NON SPECIFIC,Diverticulitis,3,5.28952794357027,3,0,FALSE,0,0,Low (<50th)
AGELESS MALE TONIGHT,Palpitations,3,6.74709784411277,3,0,FALSE,0,0,Low (<50th)
ARBONNE CLEANTOX HERBAL DETOX TEA,Abdominal Pain Upper,3,6.03112648221344,3,0,FALSE,0,0,Low (<50th)
ARBONNE ESSENTIALS DAILY FIBER BOOST,Pyrexia,3,6.27656290198096,3,0,FALSE,0,0,Low (<50th)
ARBONNE ESSENTIALS DAILY FIBER BOOST,Throat Irritation,3,4.07976588628763,3,0,FALSE,0,0,Low (<50th)
ARBONNE ESSENTIALS DIGESTION PLUS,Pyrexia,3,5.15469146238377,3,0,FALSE,0,0,Low (<50th)
ARBONNE ESSENTIALS ENERGY FIZZ STICKS - CITRUS,Swelling,3,6.75345877144438,3,0,FALSE,0,0,Low (<50th)
ARBONNE ESSENTIALS ENERGY FIZZ STICKS - CITRUS,Urticaria,3,4.43145917811535,3,0,FALSE,0,0,Low (<50th)
ARBONNE ESSENTIALS ENERGY FIZZ STICKS - POMEGRANATE,Rash,3,4.14020356234097,3,0,FALSE,0,0,Low (<50th)
ARBONNE ESSENTIALS ENERGY FIZZ STICKS - POMEGRANATE,Swelling,3,6.50319744204636,3,0,FALSE,0,0,Low (<50th)
ARBONNE ESSENTIALS ENERGY FIZZ STICKS - POMEGRANATE,Urticaria,3,4.26724364017834,3,0,FALSE,0,0,Low (<50th)
ARBONNE ESSENTIALS GREENS BALANCE,Pruritus,3,4.97824609109449,3,0,FALSE,0,0,Low (<50th)
ARBONNE ESSENTIALS HERBAL DETOX TEA,Erythema,3,4.89802268393054,3,0,FALSE,0,0,Low (<50th)
ARBONNE ESSENTIALS HERBAL DETOX TEA,Pyrexia,3,7.04271900707173,3,0,FALSE,0,0,Low (<50th)
ARBONNE ESSENTIALS PROTEIN SHAKE MIX - VANILLA,Erythema,3,5.1494143716366,3,0,FALSE,0,0,Low (<50th)
ARBONNE ESSENTIALS PROTEIN SHAKE MIX - VANILLA,Swelling,3,4.5011068068622,3,0,FALSE,0,0,Low (<50th)
BALANCE OF NATURE WHOLE PRODUCE FRUITS,Myocardial Infarction,3,5.55386949924128,3,0,FALSE,0,0,Low (<50th)
BENEFIBER W WHEAT DEXTRIN (NCH) (WHEAT DEXTRIN) POWDER,Asthma,3,7.31107442977191,3,0,FALSE,0,0,Low (<50th)
BENEFIBER W WHEAT DEXTRIN (NCH) (WHEAT DEXTRIN) POWDER,Blood Cholesterol Increased,3,7.31107442977191,3,0,FALSE,0,0,Low (<50th)
BENEFIBER W WHEAT DEXTRIN (NCH) (WHEAT DEXTRIN) POWDER,Neuropathy Peripheral,3,5.5078946376757,3,0,FALSE,0,0,Low (<50th)
BENEFIBER W WHEAT DEXTRIN (NCH) (WHEAT DEXTRIN) POWDER,Pain In Extremity,3,4.08059968173316,3,0,FALSE,0,0,Low (<50th)
BENEFIBER WITH WHEAT DEXTRIN (NCH) (WHEAT DEXTRIN) POWDER,Drug Dependence,3,4.81670785961444,3,0,FALSE,0,0,Low (<50th)
BENEFIBER WITH WHEAT DEXTRIN (NCH) (WHEAT DEXTRIN) POWDER,Renal Disorder,3,4.81670785961444,3,0,FALSE,0,0,Low (<50th)
BURN,Asthenia,3,4.73390224980605,3,0,FALSE,0,0,Low (<50th)
"CALTRATE 600 + D PLUS MINERAL (CALCIUM CARBONATE, MULTIMINERAL, VITAMIN D) TABLET",Foreign Body,3,6.33516435986159,3,0,FALSE,0,0,Low (<50th)
CALTRATE 600 + VITAMIN D,Cerebrovascular Accident,3,4.07336079260826,3,0,FALSE,0,0,Low (<50th)
CALTRATE 600 + VITAMIN D CALCIUM CARBONATE CHOLECALCIFEROL TABLET,Malaise,3,6.9359375,3,0,FALSE,0,0,Low (<50th)
CALTRATE 600 PLUS VITAMIN D CALCIUM CARBONATE CHOLECALCIFEROL TABLET,Dysphagia,3,4.06875,3,0,FALSE,0,0,Low (<50th)
CATALYST BOTTLE,Constipation,3,6.00467443004756,3,0,FALSE,0,0,Low (<50th)
"CENTRUM (MULTIMINERALS, MULTIVITAMINS) CHEWABLE TABLET",Dysphagia,3,5.08625,3,0,FALSE,0,0,Low (<50th)
CENTRUM MULTIGUMMIES ADULT,Choking,3,6.01527344391526,3,0,FALSE,0,0,Low (<50th)
CENTRUM SILVER,Blindness,3,6.08470764617691,3,0,FALSE,0,0,Low (<50th)
"CENTRUM SILVER ADULTS 50+ (MULTIMINERALS, MULTIVITAMINS) CHEWABLE TABLET",Choking,3,4.81212021678437,3,0,FALSE,0,0,Low (<50th)
"CENTRUM SILVER ADULTS 50+ (MULTIMINERALS, MULTIVITAMINS) TABLET",Condition Aggravated,3,4.17924528301887,3,0,FALSE,0,0,Low (<50th)
CENTRUM SILVER ADULTS 50+ MULTIMINERALS MULTIVITAMIN,Foreign Body Trauma,3,4.27640186915888,3,0,FALSE,0,0,Low (<50th)
"CENTRUM SILVER ADULTS 50+(MUL TIMINERALS, MULTIVITAMINS) TABLET",Choking,3,6.01527344391526,3,0,FALSE,0,0,Low (<50th)
CENTRUM SILVER CHEWABLE TABLET,Choking,3,4.81212021678437,3,0,FALSE,0,0,Low (<50th)
CENTRUM SILVER MENS 50 PLUS MULTIMINERALS MULTIVITAMINS TABLET,Choking,3,6.01527344391526,3,0,FALSE,0,0,Low (<50th)
"CENTRUM SILVER MENS 50 + (MULTIMINERALS, MULTIVITAMINS) TABLET",Choking,3,4.01001806536377,3,0,FALSE,0,0,Low (<50th)
CENTRUM SILVER MULTIMINERALS MULTIVITAMINS CHEWABLE TABLET,Dysphagia,3,4.35946428571429,3,0,FALSE,0,0,Low (<50th)
"CENTRUM SILVER MULTIMINERALS, MULTIVITAMIN TABLET",Choking,3,6.01527344391526,3,0,FALSE,0,0,Low (<50th)
CENTRUM SILVER ULTRA WOMEN'S,Retching,3,4.8175355450237,3,0,FALSE,0,0,Low (<50th)
"CENTRUM SILVER ULTRA WOMEN'S (MULTIMINERAL, MULTIVITAMINS)",Choking,3,4.81212021678437,3,0,FALSE,0,0,Low (<50th)
CENTRUM SILVER WOMEN 50+,Coeliac Disease,3,4.03416894183834,3,0,FALSE,0,0,Low (<50th)
CENTRUM SILVER WOMEN'S 50 + MULTIMINERALS MULTIVITAMINS TABLET,Choking,3,6.01527344391526,3,0,FALSE,0,0,Low (<50th)
CENTRUM SILVER WOMEN'S 50 PLUS MULTIMINERALS MULTIVITAMINS TABLET,Throat Irritation,3,7.22100591715976,3,0,FALSE,0,0,Low (<50th)
"CENTRUM SILVER WOMEN'S 50+ (MULTIMINERALS, MULTIMINERALS) TABLET",Choking,3,6.01527344391526,3,0,FALSE,0,0,Low (<50th)
"CENTRUM SILVER WOMEN'S 50+ (MULTIMINERALS, MULTIVITAMINS) TABLET",Panic Reaction,3,7.7144,3,0,FALSE,0,0,Low (<50th)
CENTRUM SILVER WOMEN'S 50+ MULTIMINERALS MULTIVITAMINS,Choking,3,4.81212021678437,3,0,FALSE,0,0,Low (<50th)
"CENTRUM SILVER WOMEN'S 50+(MULTIMINERALS, MULTIVITAMINS) TABLET",Retching,3,6.08655525068596,3,0,FALSE,0,0,Low (<50th)
CENTRUM SILVER WOMENS 50+,Choking,3,6.01527344391526,3,0,FALSE,0,0,Low (<50th)
"CENTRUM SILVER WOMENS 50+ (MULTIMINERALS, MULTIVITAMINS) TABLET",Choking,3,6.01527344391526,3,0,FALSE,0,0,Low (<50th)
CENTRUM SILVER WOMENS 50+ (MULTIMINERALS MULTIVITAMINS) TABLET,Dysphagia,3,6.78208333333333,3,0,FALSE,0,0,Low (<50th)
"CENTRUM ULTRA WOMEN'S (MULTIMINERAL, MULTIVITAMIN) TABLET",Dysphagia,3,5.08625,3,0,FALSE,0,0,Low (<50th)
CENTRUM ULTRA WOMEN'S TABLET,Choking,3,4.81212021678437,3,0,FALSE,0,0,Low (<50th)
"CENTRUM WOMEN UNDER 50 (MULTIMINERALS, MULTIVITAMINS) TABLET",Foreign Body Trauma,3,4.88771695594126,3,0,FALSE,0,0,Low (<50th)
CENTRUM WOMEN UNDER 50 MULTIMINERALS MULTIVITAMINS TABLET,Dysphagia,3,6.10375,3,0,FALSE,0,0,Low (<50th)
CITRACAL,Nephrolithiasis,3,4.76332747510252,3,0,FALSE,0,0,Low (<50th)
CITRACAL (CHOLECALCIFEROL + CALCIUM CITRATE) COATED TABLET,Foreign Body Trauma,3,5.70280373831776,3,0,FALSE,0,0,Low (<50th)
"CITRACAL CALCIUM + D3 GUMMIES (COLECALCIFEROL, TRICALCIUM PHOSPHATE)",Choking,3,6.01527344391526,3,0,FALSE,0,0,Low (<50th)
CITRACAL MAXIMUM,Sensation Of Foreign Body,3,5.18695993715632,3,0,FALSE,0,0,Low (<50th)
CITRACAL MAXIMUM PLUS,Retching,3,5.37826518240935,3,0,FALSE,0,0,Low (<50th)
CITRACAL MAXIMUM(CHOLECALCIFEROL +CALCIUM CITRATE) FILM-COATED TABLET,Foreign Body,3,5.98308823529412,3,0,FALSE,0,0,Low (<50th)
CITRACAL PETITES (CHOLECALCIFEROL + CALCIUM CITRATE),Choking,3,4.81212021678437,3,0,FALSE,0,0,Low (<50th)
CITRACAL PLUS MAGNESIUM (CHOLECALCIFEROL + CALCIUM CITRATE) FILM-COATED TABLET,Choking,3,6.01527344391526,3,0,FALSE,0,0,Low (<50th)
CITRACAL SLOW RELEASE 1200,Nephrolithiasis,3,4.14802426441408,3,0,FALSE,0,0,Low (<50th)
CITRACAL SLOW RELEASE 1200 BAYER,Choking,3,4.01001806536377,3,0,FALSE,0,0,Low (<50th)
CULTURELLE DIGESTIVE HEALTH CAPSULES,Dyspnoea,3,3.81139095592444,3,0,FALSE,0,0,Low (<50th)
EMERGEN-C,Choking Sensation,3,6.85021097046414,3,0,FALSE,0,0,Low (<50th)
EMERGEN-C,Neoplasm Malignant,3,5.49407783417936,3,0,FALSE,0,0,Low (<50th)
EMERGEN-C,Neuropathy Peripheral,3,4.85351270553064,3,0,FALSE,0,0,Low (<50th)
"EMERGEN-C (ASCORBIC ACID, B-COMPLEX, ELECTROLYTE, MULTIMINERAL, MULTIVIT, ZINC) POWDER FOR ORAL SOLUTION",Condition Aggravated,3,6.97169811320755,3,0,FALSE,0,0,Low (<50th)
EMERGEN-C ASCORBIC ACID B-COMPLEX ELECTROL YTE MUL TIMINERAL MUL TIVIT ZINC POWDER FOR,Choking,3,4.81212021678437,3,0,FALSE,0,0,Low (<50th)
EQUELLE,Hypersensitivity,3,5.4764468371467,3,0,FALSE,0,0,Low (<50th)
ESTROVEN MAXIMUM STRENGTH,Pruritus,3,4.74108963775857,3,0,FALSE,0,0,Low (<50th)
EXTENZE,Hyperhidrosis,3,7.08050478677111,3,0,FALSE,0,0,Low (<50th)
EXTENZE,Tremor,3,6.7207765386204,3,0,FALSE,0,0,Low (<50th)
HYDROXYCUT HARDCORE RAPID RELEASE CAPSULES,Headache,3,4.11677908937605,3,0,FALSE,0,0,Low (<50th)
HYDROXYCUT REGULAR RAPID RELEASE CAPLETS,Nervous System Disorder,3,7.52046300124018,3,0,FALSE,0,0,Low (<50th)
L-LYSINE,Choking,3,4.81212021678437,3,0,FALSE,0,0,Low (<50th)
LACTAID FAST ACT CAPLETS,Rash,3,4.14020356234097,3,0,FALSE,0,0,Low (<50th)
LACTAID FAST ACT LACTASE ENZYME SUPPLEMENT,Nausea,3,5.32801134710503,3,0,FALSE,0,0,Low (<50th)
MAGNESIUM,Anxiety,3,4.7743544600939,3,0,FALSE,0,0,Low (<50th)
MNS MAX C (MAXIMUM APPETITE CONTROL),Pruritus,3,5.85712000639821,3,0,FALSE,0,0,Low (<50th)
MNS MAX C (MAXIMUM APPETITE CONTROL),Rash,3,6.57696452626852,3,0,FALSE,0,0,Low (<50th)
MODERE ACTIVATE,Constipation,3,5.03566270032327,3,0,FALSE,0,0,Low (<50th)
NATURE MADE TRIPLE OMEGA,Choking,3,6.01527344391526,3,0,FALSE,0,0,Low (<50th)
NATUREMADE SUPER B COMPLEX TABLET,Abdominal Pain Upper,3,4.02025691699605,3,0,FALSE,0,0,Low (<50th)
NATUREMADE VITAMIN C 1000 MG,Dyspnoea,3,5.24098454493417,3,0,FALSE,0,0,Low (<50th)
NUTRILITE ALL PLANT PROTEIN POWDER,Dizziness,3,7.28198628094244,3,0,FALSE,0,0,Low (<50th)
NUTRILITE DOUBLE X TABLET,Dyspnoea,3,5.98981928203451,3,0,FALSE,0,0,Low (<50th)
OCUVITE ADULT 50+,Oropharyngeal Pain,3,4.26536263992537,3,0,FALSE,0,0,Low (<50th)
OCUVITE ADULT 50+,Visual Impairment,3,7.16021531685833,3,0,FALSE,0,0,Low (<50th)
OMNI DROP PROGRAM,Loss Of Consciousness,3,6.92566321464038,3,0,FALSE,0,0,Low (<50th)
"ONE A DAY ENERGY (MULTIVITAMINS, MINERALS, CAFFEINE) FILM-COATED TABLET",Choking,3,4.81212021678437,3,0,FALSE,0,0,Low (<50th)
ONE A DAY ESSENTIAL MULTIVITAMINS TABLET,Choking,3,6.01527344391526,3,0,FALSE,0,0,Low (<50th)
ONE A DAY MENOPAUSE FORMULA (MULTIVITAMINS) TABLET,Choking,3,4.81212021678437,3,0,FALSE,0,0,Low (<50th)
ONE A DAY MENS 50 PLUS HEATHLY ADVANTAGE BAYER,Foreign Body,3,7.18014705882353,3,0,FALSE,0,0,Low (<50th)
ONE A DAY PROACTIVE 65+,Choking,3,4.01001806536377,3,0,FALSE,0,0,Low (<50th)
ONE A DAY VITACRAVES GUMMIES,Abdominal Pain,3,7.16793893129771,3,0,FALSE,0,0,Low (<50th)
ONE A DAY WEIGHTSMART ADVANCED,Nausea,3,4.66191446028513,3,0,FALSE,0,0,Low (<50th)
ONE A DAY WOMEN'S,Pharyngeal Injury,3,5.19079649797139,3,0,FALSE,0,0,Low (<50th)
ONE A DAY WOMEN'S (MULTIVITAMINS + MINERALS) FILM-COATED TABLET,Urinary Tract Infection,3,5.37104770298557,3,0,FALSE,0,0,Low (<50th)
ONE A DAY WOMEN'S (MULTIVITAMINS) COATED TABLET,Choking,3,6.01527344391526,3,0,FALSE,0,0,Low (<50th)
ONE A DAY WOMEN'S 50 PLUS HEALTHY ADVANTAGE,Oropharyngeal Pain,3,4.465576171875,3,0,FALSE,0,0,Low (<50th)
"ONE A DAY WOMEN'S 50 PLUS HEALTHY ADVANTAGE, BAYER",Choking,3,6.01527344391526,3,0,FALSE,0,0,Low (<50th)
ONE A DAY WOMEN'S FORMULA,Choking,3,6.01527344391526,3,0,FALSE,0,0,Low (<50th)
ONE A DAY WOMEN'S MULTIVITAMINS COATED TABLET,Choking,3,4.81212021678437,3,0,FALSE,0,0,Low (<50th)
ONE A DAY WOMEN'S PETITES (MULTIVITAMINS + MINERALS) FILM-COATED TABLET,Choking,3,4.81212021678437,3,0,FALSE,0,0,Low (<50th)
ONE A DAY WOMENS 50 HEALTHY ADVANTAGE MULTIVITAMINS MINERALS FILM COATED TABLET,Choking,3,6.01527344391526,3,0,FALSE,0,0,Low (<50th)
ONE A DAY WOMENS 50 PLUS ADVANTAGE MULTIVITAMINS FILM COATED TABLET,Choking,3,6.01527344391526,3,0,FALSE,0,0,Low (<50th)
ONE A DAY WOMENS 50 PLUS ADVANTAGE MULTIVITAMINS TABLET,Choking,3,6.01527344391526,3,0,FALSE,0,0,Low (<50th)
ONE A DAY WOMENS MINIGELS COMPLETE MULTIVITAMIN,Choking,3,6.01527344391526,3,0,FALSE,0,0,Low (<50th)
ONE A DAY WOMENS (MULTIVITAMINS + MINERALS) FILM-COATED TABLET,Foreign Body Trauma,3,5.47457943925234,3,0,FALSE,0,0,Low (<50th)
ONNIT ALPHA BRAIN,Dizziness,3,4.63361169102296,3,0,FALSE,0,0,Low (<50th)
PATRIOT POWER GREENS,Flatulence,3,4.46412008786917,3,0,FALSE,0,0,Low (<50th)
PRESERVISION AREDS 2,Hiatus Hernia,3,4.82598211594494,3,0,FALSE,0,0,Low (<50th)
"PRESERVISION AREDS 2 FORMULA SOFT GELS (CAPSULE, SOFT)",Epistaxis,3,4.10818565400844,3,0,FALSE,0,0,Low (<50th)
PRESERVISION AREDS 2 MULTIVITAMIN,Feeling Abnormal,3,4.6170078541463,3,0,FALSE,0,0,Low (<50th)
"PRESERVISION AREDS SOFT GELS (CAPSULE, SOFT)",Blood Pressure Increased,3,4.18569958847737,3,0,FALSE,0,0,Low (<50th)
PREVAGEN EXTRA STRENGTH,Confusional State,3,6.35526315789474,3,0,FALSE,0,0,Low (<50th)
PREVAGEN REGULAR STRENGTH,Atrial Fibrillation,3,5.04743014832701,3,0,FALSE,0,0,Low (<50th)
ROYAL HONEY,Headache,3,6.86214165261383,3,0,FALSE,0,0,Low (<50th)
SUPER BETA PROSTATE,Groin Pain,3,6.48586956521739,3,0,FALSE,0,0,Low (<50th)
SUPER BETA PROSTATE,Vascular Injury,3,7.6304347826087,3,0,FALSE,0,0,Low (<50th)
SUPER BETA PROSTATE P3 ADVANCED,Adverse Reaction,3,4.85850439882698,3,0,FALSE,0,0,Low (<50th)
SUPER BETA VIRILITY BOOST,Dysuria,3,5.29922002539452,3,0,FALSE,0,0,Low (<50th)
SUPER BETA VIRILITY BOOST,Haematemesis,3,6.40755362547704,3,0,FALSE,0,0,Low (<50th)
SUSTAIN,Blood Pressure Increased,3,4.70910493827161,3,0,FALSE,0,0,Low (<50th)
TOTAL BODY ESSENTIAL TOTAL BODY FORMULA,Abdominal Pain Upper,3,4.824604743083,3,0,FALSE,0,0,Low (<50th)
TOTAL BODY ESSENTIAL TOTAL BODY FORMULA,Headache,3,4.11677908937605,3,0,FALSE,0,0,Low (<50th)
TOTAL BODY FORMULA,Rash,3,4.86063723863259,3,0,FALSE,0,0,Low (<50th)
UMARY USA HYALURONIC ACID,Dizziness,3,6.37160751565762,3,0,FALSE,0,0,Low (<50th)
VITAMIN D3,Loss Of Consciousness,3,4.15420627039296,3,0,FALSE,0,0,Low (<50th)
ZANTREX 3,Blood Pressure Increased,3,4.18569958847737,3,0,FALSE,0,0,Low (<50th)
KRATOM,Visceral Congestion,9,Inf,4,1,TRUE,,,Low (<50th)
KRATOM,Needle Track Marks,8,Inf,4,1,TRUE,,,Low (<50th)
PURITY FIRST VARIOUS DIETARY SUPPLEMENTS,Investigation Abnormal,7,Inf,4,0,TRUE,,,Low (<50th)
EMERGEN-C IMMUNE PLUS,Coronavirus Test Positive,3,Inf,4,0,FALSE,,,Low (<50th)
ENDOMUNE ADVANCED PROBIOTIC ADULT AND JR BOTTLES,Blastocystis Infection,3,Inf,4,0,FALSE,,,Low (<50th)
