product_clean,meddra_pt,a,n_product,n_pt,b,c,d,N_total,prr,chi2,prr_signal,ror,ror_se,ror_lower,ror_signal,expected,eb05,gps_signal,ic,ic_var,ic025,bcpnn_signal,n_methods,robust_signal,analysis
14-DAY ACAI BERRY CLEANSE,Abdominal Distension,4,10,715,6,711,42448,43169,24.2807313642757,68.2728458024045,TRUE,41.3034758635602,0.614408183054405,12.387731887848,TRUE,0.165628112766105,3.04849720503177,TRUE,2.75713672941956,0.222199057451206,1.8332320270262,TRUE,4,TRUE,no_formulation
14-DAY ACAI BERRY CLEANSE,Abdominal Pain,5,10,1676,5,1671,41488,43169,12.9141232794734,45.3159330136936,TRUE,24.8211187556087,0.603538508906,7.60464599819867,TRUE,0.388241562232157,2.34740319641646,TRUE,2.63040763465,0.181795017047166,1.79471406791133,TRUE,4,TRUE,no_formulation
14-DAY ACAI BERRY CLEANSE,Constipation,3,10,920,7,917,42242,43169,14.1196292257361,25.0800641500063,TRUE,21.485740236149,0.648198434235291,6.03104646715935,TRUE,0.213115893349394,1.94824993669298,TRUE,2.29514645896669,0.28569112094327,1.24752486210279,TRUE,4,TRUE,no_formulation
14-DAY ACAI BERRY CLEANSE,Diarrhoea,5,10,3103,5,3098,40061,43169,6.9656229825694,21.4360852026875,TRUE,12.9293206390189,0.603310916581163,3.96302750031746,TRUE,0.718802844633881,1.45935013053725,TRUE,2.17396684630761,0.181795017047166,1.33827327956894,TRUE,4,TRUE,no_formulation
5 HOUR ENERGY,Cerebrovascular Accident,4,68,676,64,672,42429,43169,3.77284663865546,5.66645264743827,TRUE,4.4017809285035,0.489118242909174,1.6876507268802,TRUE,1.06483819407445,0.366414150109242,FALSE,1.52391151276669,0.222199057451206,0.600006810373336,TRUE,3,TRUE,no_formulation
5 HOUR ENERGY,Chest Pain,7,68,1313,61,1306,41795,43169,3.39729528871273,9.80954931895123,TRUE,3.90127225038037,0.387792245546738,1.82436123347593,TRUE,2.06824341541384,0.670936226213416,FALSE,1.54610864954708,0.133310168562317,0.830480014325575,TRUE,3,TRUE,no_formulation
5 HOUR ENERGY,Convulsion,8,68,820,60,812,42289,43169,6.24471167777456,30.46580180471,TRUE,7.31261538461539,0.368008695829023,3.55481828885006,TRUE,1.29166763186546,1.62646662101661,TRUE,2.24615981006728,0.117623894052513,1.57395154517303,TRUE,4,TRUE,no_formulation
5 HOUR ENERGY,Death,14,68,1227,54,1213,41888,43169,7.3155278599486,71.3648424789964,TRUE,9.18388692953508,0.2969209939092,5.13194833644919,TRUE,1.93277583451088,2.13196521481845,TRUE,2.57537760429588,0.0689423524703631,2.06074283938959,TRUE,4,TRUE,no_formulation
5 HOUR ENERGY,Hyperhidrosis,4,68,755,64,751,42350,43169,3.37596929584084,4.57676291451248,TRUE,3.93171795942998,0.488958467206241,1.50789987944886,TRUE,1.18927934397368,0.207009589637537,FALSE,1.41351708547446,0.222199057451206,0.48961238308111,TRUE,3,TRUE,no_formulation
5 HOUR ENERGY,Myocardial Infarction,15,68,646,53,631,42470,43169,15.0674699356763,181.634717567811,TRUE,19.4846197675021,0.291229797320495,11.010121892431,TRUE,1.01758206120133,3.18469648471478,TRUE,3.35242178000986,0.0644929642612418,2.85467066599203,TRUE,4,TRUE,no_formulation
5 HOUR ENERGY BERRY,Convulsion,3,11,820,8,817,42341,43169,14.4068098364304,25.6138887980912,TRUE,21.3268933261378,0.63608820427606,6.13025282757165,TRUE,0.208946234566471,1.97670988812211,TRUE,2.30360679718897,0.28569112094327,1.25598520032507,TRUE,4,TRUE,no_formulation
5-HOUR ENERGY,Cardiac Disorder,3,59,295,56,292,42818,43169,7.5069654051544,10.9948937205634,TRUE,9.06828530368353,0.553945447285693,3.06194433618156,TRUE,0.403182839537631,1.02955224222866,TRUE,1.95426494176093,0.28569112094327,0.906643344897027,TRUE,4,TRUE,no_formulation
5-HOUR ENERGY,Convulsion,7,59,820,52,813,42297,43169,6.2912002001376,26.3559437978894,TRUE,7.42778119237861,0.39196154242491,3.44520208377073,TRUE,1.12071162176562,1.55472393758006,TRUE,2.21026318511102,0.133310168562317,1.49463454988952,TRUE,4,TRUE,no_formulation
5-HOUR ENERGY,Death,14,59,1227,45,1213,41897,43169,8.43321642656532,85.9112456498905,TRUE,11.0028434688509,0.302971070600315,6.07590189436549,TRUE,1.67696726817855,2.33674577697061,TRUE,2.73566127909961,0.0689423524703631,2.22102651419332,TRUE,4,TRUE,no_formulation
5-HOUR ENERGY,Myocardial Infarction,9,59,646,50,637,42473,43169,10.3235505414682,66.8049423163243,TRUE,12.5334342846049,0.355889462664934,6.23922807933704,TRUE,0.882902082512914,2.4129296060276,TRUE,2.78022850451419,0.105239993123721,2.14439050817858,TRUE,4,TRUE,no_formulation
5-HOUR ENERGY,Vitamin B12 Increased,3,59,50,56,47,43063,43169,46.6390191128741,86.7469771686627,TRUE,56.1610619469027,0.56963958241961,18.3885849198754,TRUE,0.0683360744979036,3.58424290968249,TRUE,2.62253872519208,0.28569112094327,1.57491712832818,TRUE,4,TRUE,no_formulation
5-HOUR ENERGY BERRY,Convulsion,4,16,820,12,816,42337,43169,13.2208946078431,34.2738405712589,TRUE,18.6668707899571,0.550881640361607,6.34091019531592,TRUE,0.303921795733049,2.1741082689752,TRUE,2.48479793123846,0.222199057451206,1.56089322884511,TRUE,4,TRUE,no_formulation
5-HOUR ENERGY BERRY,Dyspnoea,4,16,3460,12,3456,39697,43169,3.12160011574074,4.17047662269079,TRUE,4.13455807898163,0.550033383278745,1.4067963375964,TRUE,1.28240172345896,0.0982792894913815,FALSE,1.33610246866492,0.222199057451206,0.412197766271562,TRUE,3,TRUE,no_formulation
5-HOUR ENERGY BERRY,Loss Of Consciousness,5,16,995,11,990,42163,43169,13.6215277777778,47.3885148156473,TRUE,20.358558479468,0.519430468753098,7.35527445524259,TRUE,0.368783154578517,2.4215175057383,TRUE,2.66236358349662,0.181795017047166,1.82667001675795,TRUE,4,TRUE,no_formulation
5-HOUR ENERGY EXTRA STRENGTH BERRY,Convulsion,4,11,820,7,816,42342,43169,19.2326203208556,52.8536411997431,TRUE,31.1151255358236,0.597330655693897,9.64969170747576,TRUE,0.208946234566471,2.71393414210446,TRUE,2.66617687657368,0.222199057451206,1.74227217418033,TRUE,4,TRUE,no_formulation
5-HOUR ENERGY POMEGRANATE,Convulsion,3,5,820,2,817,42347,43169,31.699388004896,62.0877973282366,TRUE,72.5217125382263,0.828831189959314,14.2873833983189,TRUE,0.0949755611665779,3.11136572617197,TRUE,2.55645260652083,0.28569112094327,1.50883100965693,TRUE,4,TRUE,no_formulation
5-HTP,Confusional State,4,14,403,10,399,42756,43169,30.9022556390977,87.706871364518,TRUE,45.8678705524763,0.565673788174963,15.1355193921732,TRUE,0.130695638073618,3.38943339257438,TRUE,2.83490914084588,0.222199057451206,1.91100443845253,TRUE,4,TRUE,no_formulation
5-HTP,Insomnia,3,14,853,11,850,42305,43169,10.8794117647059,18.2358162816658,TRUE,15.1388441581678,0.611449281621515,4.5668482654615,TRUE,0.27663369547592,1.57244609280082,TRUE,2.17204871474437,0.28569112094327,1.12442711788047,TRUE,4,TRUE,no_formulation
ACCELERATE WITH THERMOLIT,Dehydration,3,11,879,8,876,42282,43169,13.4364881693649,23.6149751019296,TRUE,19.8635951813698,0.63602350294329,5.71036304791214,TRUE,0.22398017095601,1.87663008325911,TRUE,2.27333283297238,0.28569112094327,1.22571123610848,TRUE,4,TRUE,no_formulation
ADVOCARE CATALYST,Dehydration,3,5,879,2,876,42288,43169,29.5643835616438,57.6720240280146,TRUE,67.5458071876783,0.828781535820592,13.308383600041,TRUE,0.101809168616368,3.01147659364166,TRUE,2.53997693051864,0.28569112094327,1.49235533365474,TRUE,4,TRUE,no_formulation
ADVOCARE CATALYST BOTTLE,Dyspnoea,3,7,3460,4,3457,39705,43169,5.35088226786231,7.28591664016267,TRUE,8.93190326986422,0.71291718992027,2.2084961572232,TRUE,0.561050754013297,0.553201896606102,FALSE,1.72186125467203,0.28569112094327,0.674239657808129,TRUE,3,TRUE,no_formulation
ADVOCARE DIETARY SUPPLEMENTS,Body Temperature Increased,3,3,304,0,301,42865,43169,143.408637873754,292.944468714217,TRUE,995.218905472637,1.51296211587862,51.293137502069,TRUE,0.0211262711668095,5.26176639249467,TRUE,2.74765003078669,0.28569112094327,1.70002843392279,TRUE,4,TRUE,no_formulation
ADVOCARE DIETARY SUPPLEMENTS,Dizziness,3,3,2837,0,2834,40332,43169,15.2314749470713,28.7920830706916,TRUE,99.6039865937555,1.51198276297138,5.14340840957698,TRUE,0.197155366119206,2.06036661566705,TRUE,2.32780280998818,0.28569112094327,1.28018121312428,TRUE,4,TRUE,no_formulation
ADVOCARE DIETARY SUPPLEMENTS,Dyspnoea,3,3,3460,0,3457,39709,43169,12.4865490309517,23.0850937646919,TRUE,80.3952277657267,1.51196186953396,4.15166539602023,TRUE,0.240450323148556,1.77441404630854,TRUE,2.24088006867095,0.28569112094327,1.19325847180705,TRUE,4,TRUE,no_formulation
ADVOCARE DIETARY SUPPLEMENTS,Headache,3,3,2348,0,2345,40821,43169,18.4076759061834,35.3935746288778,TRUE,121.829247495204,1.5120069877272,6.29079062098119,TRUE,0.163172647038384,2.33277620908126,TRUE,2.39989851372391,0.28569112094327,1.35227691686001,TRUE,4,TRUE,no_formulation
ADVOCARE DIETARY SUPPLEMENTS,Heart Rate Increased,3,3,1482,0,1479,41687,43169,29.1859364435429,57.775477396465,TRUE,197.237242311592,1.51208934185183,10.1829236955426,TRUE,0.102990571938196,2.99488763766408,TRUE,2.53714757190807,0.28569112094327,1.48952597504417,TRUE,4,TRUE,no_formulation
ADVOCARE HERBAL CLEANSE,Vomiting,3,7,3595,4,3592,39570,43169,5.14977728285078,6.87825494824381,TRUE,8.5670300780948,0.712909627496552,2.11830926503925,TRUE,0.582941462623642,0.498015419096096,FALSE,1.6923996605195,0.28569112094327,0.644778063655603,TRUE,3,TRUE,no_formulation
ADVOCARE MNS 3,Dehydration,3,6,879,3,876,42287,43169,24.6364155251142,47.2484722490296,TRUE,48.2458642327439,0.756698830705204,10.9482584784016,TRUE,0.122171002339642,2.74925353395619,TRUE,2.49197186050996,0.28569112094327,1.44435026364606,TRUE,4,TRUE,no_formulation
ADVOCARE MNS 3,Diarrhoea,4,6,3103,2,3099,40064,43169,9.28536086909756,23.5293199302405,TRUE,23.2670108081949,0.789030933903933,4.9556873752475,TRUE,0.431281706780328,1.66966047816919,TRUE,2.27263545647311,0.222199057451206,1.34873075407976,TRUE,4,TRUE,no_formulation
ADVOCARE MNS 3,Nausea,4,6,3887,2,3883,39280,43169,7.41059318396429,17.8219562994051,TRUE,18.2064889918888,0.788989974476712,3.87814799412611,TRUE,0.540248789640715,1.34489940431387,TRUE,2.1129963916757,0.222199057451206,1.18909168928234,TRUE,4,TRUE,no_formulation
ADVOCARE MNS MAX 3,Dizziness,3,7,2837,4,2834,40328,43169,6.52717007762879,9.68400885493834,TRUE,11.0660120342604,0.712961499804842,2.73593677887368,TRUE,0.460029187611481,0.839413328309034,FALSE,1.86620474842136,0.28569112094327,0.818583151557464,TRUE,3,TRUE,no_formulation
ADVOCARE OMEGAPLEX,Abdominal Pain,4,23,1676,19,1672,41474,43169,4.48783024755565,7.92310839200159,TRUE,5.72259399793032,0.523570713494841,2.05078695563642,TRUE,0.892955593133962,0.620298201121711,FALSE,1.69177573530975,0.222199057451206,0.767871032916394,TRUE,3,TRUE,no_formulation
ADVOCARE OMEGAPLEX,Blood Pressure Increased,4,23,1929,19,1925,41221,43169,3.89800112930548,6.22846440273561,TRUE,4.94035515250784,0.523495824542967,1.77071851648662,TRUE,1.02775139567745,0.417540201511004,FALSE,1.55851520244254,0.222199057451206,0.634610500049187,TRUE,3,TRUE,no_formulation
ADVOCARE OMEGAPLEX,Dehydration,3,23,879,20,876,42270,43169,6.42435973793925,9.00182800174724,TRUE,8.23378737495304,0.579361141250974,2.64507193979028,TRUE,0.468322175635294,0.81365649710103,FALSE,1.85379588281337,0.28569112094327,0.806174285949468,TRUE,3,TRUE,no_formulation
ADVOCARE OMEGAPLEX,Hyperhidrosis,3,23,755,20,752,42394,43169,7.48369565217391,11.1402844160488,TRUE,9.61871809415769,0.579523308538206,3.08899352200802,TRUE,0.402256248696982,1.03286880764199,TRUE,1.95574578720935,0.28569112094327,0.908124190345448,TRUE,4,TRUE,no_formulation
ADVOCARE THERMOPLUS,Nausea,4,7,3887,3,3883,39279,43169,6.35178985320628,14.3609833311618,TRUE,13.0043039231915,0.712895129866358,3.21557412634022,TRUE,0.630290254580833,1.12263836644263,TRUE,1.99323170218845,0.222199057451206,1.0693269997951,TRUE,4,TRUE,no_formulation
ADVOCARE THERMOPLUS,Vomiting,3,7,3595,4,3592,39570,43169,5.14977728285078,6.87825494824381,TRUE,8.5670300780948,0.712909627496552,2.11830926503925,TRUE,0.582941462623642,0.498015419096096,FALSE,1.6923996605195,0.28569112094327,0.644778063655603,TRUE,3,TRUE,no_formulation
AG1 WHOLE FOOD,Pruritus,3,10,1457,7,1454,41705,43169,8.90488308115543,14.342734369476,TRUE,13.3809327374814,0.647888198831784,3.75831190022421,TRUE,0.337510713706595,1.28581347555736,TRUE,2.06317537094987,0.28569112094327,1.01555377408597,TRUE,4,TRUE,no_formulation
AG1 WHOLE FOOD DIETARY SUPPLEMENT,Abdominal Pain,5,42,1676,37,1671,41456,43169,3.07251147017754,5.25831205610992,TRUE,3.63762289360854,0.457282445744377,1.48446854115185,TRUE,1.63061456137506,0.277988970023773,FALSE,1.36816199252169,0.181795017047166,0.532468425783021,TRUE,3,TRUE,no_formulation
AG1 WHOLE FOOD DIETARY SUPPLEMENT,Alanine Aminotransferase Increased,7,42,468,35,461,42666,43169,15.5918293564714,81.204330146279,TRUE,19.5320678131628,0.404589461363817,8.83801473395145,TRUE,0.455326739095184,2.85351703426067,TRUE,2.97282444504173,0.133310168562317,2.25719580982023,TRUE,4,TRUE,no_formulation
AG1 WHOLE FOOD DIETARY SUPPLEMENT,Aspartate Aminotransferase Increased,8,42,460,34,452,42675,43169,18.1740412979351,112.440052316,TRUE,23.2359196092561,0.385831496213045,10.9077070457458,TRUE,0.447543376033728,3.15487650836605,TRUE,3.16519894857282,0.117623894052513,2.49299068367857,TRUE,4,TRUE,no_formulation
AG1 WHOLE FOOD DIETARY SUPPLEMENT,Atrial Fibrillation,3,42,449,39,446,42681,43169,6.90695067264574,9.85610071102183,TRUE,8.47011212383234,0.559726551471754,2.82774537104197,TRUE,0.436841251824226,0.913972307757269,FALSE,1.90147841368063,0.28569112094327,0.85385681681673,TRUE,3,TRUE,no_formulation
AG1 WHOLE FOOD DIETARY SUPPLEMENT,Feeling Abnormal,3,42,639,39,636,42491,43169,4.8435534591195,5.76571132311761,TRUE,5.9152704167371,0.559129115176408,1.97712574824981,TRUE,0.621696124533809,0.405209985456154,FALSE,1.6416730295383,0.28569112094327,0.594051432674407,TRUE,3,TRUE,no_formulation
AG1 WHOLE FOOD DIETARY SUPPLEMENT,Hepatic Enzyme Increased,3,42,563,39,560,42567,43169,5.50089285714286,7.05679129766191,TRUE,6.72935557086236,0.559319546262706,2.24838700777098,TRUE,0.547754175449976,0.587783109625356,FALSE,1.74005465123191,0.28569112094327,0.692433054368008,TRUE,3,TRUE,no_formulation
AG1 WHOLE FOOD NON SPECIFIC,Vomiting,3,7,3595,4,3592,39570,43169,5.14977728285078,6.87825494824381,TRUE,8.5670300780948,0.712909627496552,2.11830926503925,TRUE,0.582941462623642,0.498015419096096,FALSE,1.6923996605195,0.28569112094327,0.644778063655603,TRUE,3,TRUE,no_formulation
AG1 WHOLE FOOD POUCH 360G NON SPECIFIC,Alanine Aminotransferase Increased,13,97,468,84,455,42617,43169,12.6868924889543,126.286171874823,TRUE,14.9477783046136,0.296862338166337,8.35376635462987,TRUE,1.05158794505316,2.87156904767511,TRUE,3.1211420300495,0.0740509093030578,2.5877810142463,TRUE,4,TRUE,no_formulation
AG1 WHOLE FOOD POUCH 360G NON SPECIFIC,Anaphylactic Reaction,6,97,370,91,364,42708,43169,7.31936105131982,26.5027062907803,TRUE,8.32355873379958,0.409318964088553,3.73155384073412,TRUE,0.8313836317728,1.65582546167408,TRUE,2.28751338136947,0.153822989075138,1.51879601144015,TRUE,4,TRUE,no_formulation
AG1 WHOLE FOOD POUCH 360G NON SPECIFIC,Aspartate Aminotransferase Increased,15,97,460,82,445,42627,43169,14.96768214989,177.735507987588,TRUE,17.9771111791314,0.280901173189908,10.3660189526548,TRUE,1.03361208274456,3.16215436197377,TRUE,3.33726270177953,0.0644929642612418,2.8395115877617,TRUE,4,TRUE,no_formulation
AG1 WHOLE FOOD POUCH 360G NON SPECIFIC,Blood Pressure Decreased,4,97,290,93,286,42786,43169,6.21036695263499,12.5632173846634,TRUE,7.1875857434835,0.486241897250848,2.77131300514151,TRUE,0.651625008686789,1.07463855967838,TRUE,1.96625397752502,0.222199057451206,1.04234927513166,TRUE,4,TRUE,no_formulation
AG1 WHOLE FOOD POUCH 360G NON SPECIFIC,Colitis,5,97,134,92,129,42943,43169,17.2109006633102,58.8700685351204,TRUE,19.7173536470834,0.447631865222099,8.2000535762564,TRUE,0.301095693669068,2.71376544761009,TRUE,2.77938512565247,0.181795017047166,1.94369155891381,TRUE,4,TRUE,no_formulation
AG1 WHOLE FOOD POUCH 360G NON SPECIFIC,Cystitis,3,97,86,94,83,42989,43169,16.0496832691591,27.6534571333779,TRUE,19.0683078287869,0.555243735394262,6.4221307783597,TRUE,0.193240519817462,2.08925095931188,TRUE,2.33592703464646,0.28569112094327,1.28830543778256,TRUE,4,TRUE,no_formulation
AG1 WHOLE FOOD POUCH 360G NON SPECIFIC,Dehydration,6,97,879,91,873,42199,43169,3.05182980833953,6.43601071835324,TRUE,3.43191607157938,0.407361795274079,1.54448358907192,TRUE,1.97509787115754,0.407833736924723,FALSE,1.39295414428543,0.153822989075138,0.624236774356115,TRUE,3,TRUE,no_formulation
AG1 WHOLE FOOD POUCH 360G NON SPECIFIC,Diverticulitis,3,97,288,94,285,42787,43169,4.67411828540423,5.35280238938661,TRUE,5.55069079587468,0.547560311361442,1.89781680872222,TRUE,0.647131043109639,0.347393098865036,FALSE,1.60932471427353,0.28569112094327,0.561703117409632,TRUE,3,TRUE,no_formulation
AG1 WHOLE FOOD POUCH 360G NON SPECIFIC,Hepatic Enzyme Increased,11,97,563,86,552,42520,43169,8.84864784102794,68.4603332083395,TRUE,10.2317003635603,0.316781767467188,5.49917738870672,TRUE,1.2650513099678,2.28752048334854,TRUE,2.70385183286643,0.0869333569681142,2.12595635431628,TRUE,4,TRUE,no_formulation
AG1 WHOLE FOOD POUCH 360G NON SPECIFIC,Hospitalisation,11,97,708,86,697,42375,43169,7.00782440207665,50.8389898147924,TRUE,8.07704228561958,0.316187453385854,4.34618454067774,TRUE,1.5908638143112,1.95698651092414,TRUE,2.45946285913014,0.0869333569681142,1.88156738057999,TRUE,4,TRUE,no_formulation
AG1 WHOLE FOOD POUCH 360G NON SPECIFIC,Nephrolithiasis,4,97,561,93,557,42515,43169,3.18880601158637,4.03994148497462,TRUE,3.6703148605549,0.484494223076674,1.42001690180642,TRUE,1.26055734439065,0.123059092997971,FALSE,1.35389278240903,0.222199057451206,0.429988080015671,TRUE,3,TRUE,no_formulation
AG1 WHOLE FOOD POUCH 360G NON SPECIFIC,Pancreatitis,3,97,198,94,195,42877,43169,6.83140364789849,9.55813950693215,TRUE,8.12304631997727,0.549030698655025,2.76932906764077,TRUE,0.444902592137877,0.887612507840158,FALSE,1.88911740410102,0.28569112094327,0.841495807237126,TRUE,3,TRUE,no_formulation
AG1 WHOLE FOOD POUCH 360G NON SPECIFIC,Pharyngeal Swelling,3,97,70,94,67,43005,43169,19.8824434528389,35.0284942260666,TRUE,23.5969821673525,0.557794194977739,7.90774142943576,TRUE,0.157288795200259,2.38564581432339,TRUE,2.41275562530325,0.28569112094327,1.36513402843936,TRUE,4,TRUE,no_formulation
AG1 WHOLE FOOD POUCH 360G NON SPECIFIC,Pyrexia,5,97,505,92,500,42572,43169,4.44041237113402,10.1213169455759,TRUE,5.05761805761806,0.441192116847871,2.13007903324687,TRUE,1.13472630823044,0.800927202061556,FALSE,1.75038250389911,0.181795017047166,0.914688937160441,TRUE,3,TRUE,no_formulation
AG1 WHOLE FOOD POUCH 360G NON SPECIFIC,Seizure,4,97,154,93,150,42922,43169,11.8410996563574,28.914932827193,TRUE,13.7261712295912,0.489474438009387,5.25896595407239,TRUE,0.346035349440571,1.98708785459142,TRUE,2.41113515237313,0.222199057451206,1.48723044997978,TRUE,4,TRUE,no_formulation
AG1 WHOLE FOOD POUCH 360G NON SPECIFIC,Syncope,5,97,552,92,547,42525,43169,4.05887785295614,8.69707695138838,TRUE,4.61834382327533,0.440997723293262,1.94581443750017,TRUE,1.24033449929347,0.672579616247757,FALSE,1.66006699411964,0.181795017047166,0.824373427380979,TRUE,3,TRUE,no_formulation
AGELESS MALE,Blood Urine Present,5,52,574,47,569,42548,43169,7.28623090442071,21.2872352778626,TRUE,8.65086641097916,0.452382849187928,3.56437632491326,TRUE,0.691422085292687,1.51535218614323,TRUE,2.20674701107662,0.181795017047166,1.37105344433796,TRUE,4,TRUE,no_formulation
AGELESS MALE,Haemorrhage,3,52,591,49,588,42529,43169,4.2304748822606,4.55905759377968,TRUE,5.1098323936047,0.554652192235201,1.72296786577234,TRUE,0.711899742871042,0.209846763298906,FALSE,1.53008456849876,0.28569112094327,0.482462971634864,TRUE,3,TRUE,no_formulation
AGELESS MALE,Myocardial Infarction,4,52,646,48,642,42475,43169,5.16618739515936,9.67688838014207,TRUE,6.13389225400136,0.494389261756684,2.32757405513503,TRUE,0.778150987977484,0.818754411955536,FALSE,1.81586672952381,0.222199057451206,0.891962027130453,TRUE,3,TRUE,no_formulation
AGELESS MALE,Prostatic Specific Antigen Increased,3,52,41,49,38,43079,43169,65.461032388664,121.862553183741,TRUE,79.1175390266299,0.57611938414483,25.578204179275,TRUE,0.0493872918066205,4.04997580568458,TRUE,2.67145947795386,0.28569112094327,1.62383788108997,TRUE,4,TRUE,no_formulation
AGELESS MALE MAX,Blood Urine Present,5,91,574,86,569,42509,43169,4.15979451128836,9.085384646409,TRUE,4.74612148370693,0.441767275682935,1.99663625958337,TRUE,1.2099886492622,0.708305298785781,FALSE,1.68544486996325,0.181795017047166,0.849751303224583,TRUE,3,TRUE,no_formulation
AGELESS MALE MAX,Cardiac Disorder,10,91,295,81,285,42793,43169,16.6099865047233,127.893115881444,TRUE,19.3109387255165,0.33321768994682,10.0499236393596,TRUE,0.621858277930923,3.12658962964567,TRUE,3.22642698804446,0.095214930467079,2.62163142185508,TRUE,4,TRUE,no_formulation
AGELESS MALE MAX,Haematochezia,5,91,638,86,633,42445,43169,3.73921497144246,7.52868193185538,TRUE,4.26021597602091,0.441566492216733,1.79292709491933,TRUE,1.34490027566078,0.555840816727208,FALSE,1.57588878375976,0.181795017047166,0.740195217021098,TRUE,3,TRUE,no_formulation
AGELESS MALE MAX,Hypertension,9,91,735,82,726,42352,43169,5.86840432294978,31.7881575980712,TRUE,6.71294500406682,0.344651191590003,3.41617470221848,TRUE,1.54937570942111,1.60181007229416,TRUE,2.21274301741536,0.105239993123721,1.57690502107975,TRUE,4,TRUE,no_formulation
AGELESS MALE MAX,Myocardial Infarction,6,91,646,85,640,42438,43169,4.43798076923077,12.7936094099962,TRUE,5.0371876868857,0.40881157522538,2.2604801359798,TRUE,1.3617642289606,0.944167594164478,FALSE,1.80376933442065,0.153822989075138,1.03505196449133,TRUE,3,TRUE,no_formulation
AGELESS MALE MAX,Respiratory Disorder,4,91,49,87,45,43033,43169,42.0786324786325,112.06260406345,TRUE,48.6406907378336,0.505620463726471,18.055391345433,TRUE,0.103291713961407,3.72791366686652,TRUE,2.89899732883162,0.222199057451206,1.97509262643827,TRUE,4,TRUE,no_formulation
AGELESS MALE PERFORMANCE,Dyspnoea,5,20,3460,15,3455,39694,43169,3.12221418234443,5.69438110913915,TRUE,4.07615255716693,0.496637591184563,1.53994063055551,TRUE,1.6030021543237,0.302623158405107,FALSE,1.38698129066436,0.181795017047166,0.551287723925691,TRUE,3,TRUE,no_formulation
AGELESS MALE PERFORMANCE,Hypertension,3,20,735,17,732,42417,43169,8.84200819672131,13.938352301501,TRUE,11.5815699658703,0.586724727402718,3.66722253422191,TRUE,0.340522133938706,1.27301121118282,TRUE,2.05799720568917,0.28569112094327,1.01037560882527,TRUE,4,TRUE,no_formulation
AGELESS MALE TONIGHT,Hypertension,7,18,735,11,728,42423,43169,23.0507478632479,127.387785122003,TRUE,37.9787234042553,0.470835545079143,15.0923565081364,TRUE,0.306469920544835,3.4241439023137,TRUE,3.21719796528615,0.133310168562317,2.50156933006464,TRUE,4,TRUE,no_formulation
AGELESS MALE TONIGHT,Palpitations,3,18,1189,15,1186,41965,43169,6.06394041596402,8.33532179380856,TRUE,7.98658292891807,0.592534436844275,2.50026194307732,TRUE,0.495772429289537,0.731538542302688,FALSE,1.81346694598558,0.28569112094327,0.765845349121684,TRUE,3,TRUE,no_formulation
AGELOC TR90 CONTROL (US),Abdominal Pain,3,12,1676,9,1673,41484,43169,6.44904363419008,9.24237412580571,TRUE,9.132813359961,0.625778794017981,2.6787421985089,TRUE,0.465889874678589,0.821163335807046,FALSE,1.85742430646764,0.28569112094327,0.809802709603743,TRUE,3,TRUE,no_formulation
AGELOC TR90 FIT (US),Abdominal Pain,3,10,1676,7,1673,41486,43169,7.73921099820681,11.9532008707158,TRUE,11.5687879693258,0.64781885841577,3.24977517458771,TRUE,0.388241562232157,1.08398449449704,TRUE,1.97833093807031,0.28569112094327,0.930709341206407,TRUE,4,TRUE,no_formulation
AGELOC YOUTH (US),Blood Pressure Increased,3,14,1929,11,1926,41229,43169,4.80140186915888,5.88079616081292,TRUE,6.51342262945869,0.610912545276359,1.96693497096692,TRUE,0.625587806064537,0.396212150955408,FALSE,1.63667631756874,0.28569112094327,0.589054720704839,TRUE,3,TRUE,no_formulation
ALIGN,Lactobacillus Infection,3,7,10,4,7,43155,43169,2642.57142857143,3850.8929627977,TRUE,4475.38518518518,0.800807725541726,931.470536937472,TRUE,0.0016215339711367,8.7107136419397,TRUE,2.80268373442198,0.28569112094327,1.75506213755809,TRUE,4,TRUE,no_formulation
ALIVE LIQUID VITAMIN,Flushing,3,3,358,0,355,42811,43169,121.594366197183,248.317534523465,TRUE,842.983122362869,1.51279561853078,43.4611538666252,TRUE,0.0248789640714402,5.02937497863726,TRUE,2.7372982381007,0.28569112094327,1.6896766412368,TRUE,4,TRUE,no_formulation
ALL DAY ENERGY GREENS,Abdominal Distension,11,186,715,175,704,42279,43169,3.61080309139785,18.2477577370263,TRUE,3.93250754712785,0.306753363433208,2.15553872947144,TRUE,3.08068289744956,1.00369776301432,TRUE,1.68332719571567,0.0869333569681142,1.10543171716552,TRUE,4,TRUE,no_formulation
ALL DAY ENERGY GREENS,Abdominal Pain Upper,39,186,2004,147,1965,41018,43169,4.58654682754658,108.79756738521,TRUE,5.58871292507621,0.180635744938368,3.92239703176778,TRUE,8.63452940767681,1.76448568823489,TRUE,2.11245034211569,0.0252932909251863,1.80073459593305,TRUE,4,TRUE,no_formulation
ALL DAY ENERGY GREENS,Blood Potassium Increased,3,186,93,183,90,42893,43169,7.70304659498208,11.0696846882075,TRUE,9.04013428274647,0.549760779164459,3.07757793049132,TRUE,0.400704209038894,1.03844119277434,TRUE,1.95822961369757,0.28569112094327,0.910608016833668,TRUE,4,TRUE,no_formulation
ALL DAY ENERGY GREENS,Colitis,3,186,134,183,131,42852,43169,5.2921694163999,6.4502448690711,TRUE,6.21559038965614,0.546618491814874,2.12907682612894,TRUE,0.577358752808729,0.511890153416355,FALSE,1.69985618497514,0.28569112094327,0.652234588111237,TRUE,3,TRUE,no_formulation
ALL DAY ENERGY GREENS,Constipation,9,186,920,177,911,42072,43169,2.28301051662477,5.32668023620091,TRUE,2.4703978119954,0.334690636126606,1.28195409221342,TRUE,3.96395561629873,0.246751714478314,FALSE,1.08960483046646,0.105239993123721,0.453766834130846,TRUE,3,TRUE,no_formulation
ALL DAY ENERGY GREENS,Diverticulitis,7,186,288,179,281,42702,43169,5.7567252133318,22.5358186519712,TRUE,6.3382842610963,0.377465468189135,3.02459074946014,TRUE,1.24089045379786,1.40780622391148,TRUE,2.10706517190433,0.133310168562317,1.39143653668282,TRUE,4,TRUE,no_formulation
ALL DAY ENERGY GREENS,Flatulence,13,186,475,173,462,42521,43169,6.5025718009589,54.220105110617,TRUE,7.15370667497469,0.286397350741434,4.08079503520098,TRUE,2.04660751928467,1.91113388635563,TRUE,2.40631087219911,0.0740509093030578,1.87294985639591,TRUE,4,TRUE,no_formulation
ALL DAY ENERGY GREENS,Gastric Disorder,19,186,233,167,214,42769,43169,20.517460556728,307.900618635847,TRUE,23.2127544097693,0.248872630768367,14.2522035571019,TRUE,1.00391484630174,3.63211903796306,TRUE,3.69667933688401,0.051258886511035,3.25292699782449,TRUE,4,TRUE,no_formulation
ALL DAY ENERGY GREENS,Gastric Ulcer Haemorrhage,4,186,46,182,42,42941,43169,22.0087045570917,55.3020982404744,TRUE,24.9136825141015,0.50125280401959,9.3274499032358,TRUE,0.198197780814937,2.78999627782224,TRUE,2.68821732496232,0.222199057451206,1.76431262256896,TRUE,4,TRUE,no_formulation
ALL DAY ENERGY GREENS,Gastritis,3,186,170,183,167,42816,43169,4.15134247633765,4.3006349358353,TRUE,4.87560291187116,0.545121437599721,1.67498758504698,TRUE,0.732470059533462,0.168770657020189,FALSE,1.50580232250291,0.28569112094327,0.458180725639007,TRUE,3,TRUE,no_formulation
ALL DAY ENERGY GREENS,Gastrointestinal Disorder,15,186,385,171,370,42613,43169,9.36857018308631,100.733384006041,TRUE,10.3950496335029,0.270313808183637,6.11970952404458,TRUE,1.65882925247284,2.47986504415799,TRUE,2.84394716908858,0.0644929642612418,2.34619605507076,TRUE,4,TRUE,no_formulation
ALL DAY ENERGY GREENS,Gastrointestinal Haemorrhage,4,186,143,182,139,42844,43169,6.65011216832985,13.6015581859145,TRUE,7.57304463102077,0.484658099361887,2.92901242179636,TRUE,0.616136579489912,1.15538642367064,TRUE,2.01141142365117,0.222199057451206,1.08750672125781,TRUE,4,TRUE,no_formulation
ALL DAY ENERGY GREENS,Gastrooesophageal Reflux Disease,5,186,265,181,260,42723,43169,4.44406534325889,9.98108918232541,TRUE,4.96987145931484,0.437252789135299,2.10934718738464,TRUE,1.1417915633904,0.791974971571703,FALSE,1.7441606398473,0.181795017047166,0.908467073108632,TRUE,3,TRUE,no_formulation
ALL DAY ENERGY GREENS,Influenza,3,186,52,183,49,42934,43169,14.1484529295589,23.2476992874885,TRUE,16.5437205845925,0.558022569874651,5.54159503624505,TRUE,0.224049665269059,1.87618321520338,TRUE,2.2731943564046,0.28569112094327,1.2255727595407,TRUE,4,TRUE,no_formulation
ALL DAY ENERGY GREENS FRUITY,Abdominal Distension,8,113,715,105,707,42349,43169,4.31147438384799,17.2563703034316,TRUE,4.82267847872323,0.358556512143928,2.38824481924114,TRUE,1.87159767425699,1.09155040279677,TRUE,1.84160355420993,0.117623894052513,1.16939528931568,TRUE,4,TRUE,no_formulation
ALL DAY ENERGY GREENS FRUITY,Abdominal Pain Upper,12,113,2004,101,1992,41064,43169,2.29534065465401,7.84032762535444,TRUE,2.53812016737643,0.300630089546335,1.40802602317346,TRUE,5.24570872616924,0.402289384408652,FALSE,1.12137133125207,0.0799768352289838,0.567079882449484,TRUE,3,TRUE,no_formulation
ALL DAY ENERGY GREENS FRUITY,Back Pain,5,113,480,108,475,42581,43169,4.0108057755007,8.48957391661886,TRUE,4.53945155960013,0.439501200770388,1.9181934840473,TRUE,1.25645717992078,0.653952499053216,FALSE,1.6467632126258,0.181795017047166,0.81106964588714,TRUE,3,TRUE,no_formulation
ALL DAY ENERGY GREENS FRUITY,Computerised Tomogram Abnormal,5,113,108,108,103,42953,43169,18.4964344015809,63.2359979029482,TRUE,21.0373561299228,0.448017732259152,8.74240187093816,TRUE,0.282702865482175,2.80459371794062,TRUE,2.81289498691905,0.181795017047166,1.97720142018039,TRUE,4,TRUE,no_formulation
ALL DAY ENERGY GREENS FRUITY,Constipation,6,113,920,107,914,42142,43169,2.50126837202998,4.06648964034349,TRUE,2.7863872747848,0.405297054214083,1.25905777914681,TRUE,2.40820959484816,0.121842183317865,FALSE,1.16030847001445,0.153822989075138,0.391591100085132,TRUE,3,TRUE,no_formulation
ALL DAY ENERGY GREENS FRUITY,Dehydration,8,113,879,105,871,42185,43169,3.49966979262977,12.0236343199376,TRUE,3.89997906317212,0.358185543493005,1.93271841958503,TRUE,2.30088721072992,0.793680031147855,FALSE,1.60157895273148,0.117623894052513,0.929370687837236,TRUE,3,TRUE,no_formulation
ALL DAY ENERGY GREENS FRUITY,Diarrhoea,22,113,3103,91,3081,39975,43169,2.72073484933348,23.8011426403619,TRUE,3.19001816764776,0.236057066819674,2.0084328894721,TRUE,8.12247214436285,0.8755968442384,FALSE,1.38375153338631,0.0444212796734282,0.970654949046229,TRUE,3,TRUE,no_formulation
ALL DAY ENERGY GREENS FRUITY,Diarrhoea Haemorrhagic,3,113,75,110,72,42984,43169,15.8761061946903,27.1499812284632,TRUE,18.7793103448276,0.555500159422213,6.32161957872506,TRUE,0.196321434362621,2.06647120613804,TRUE,2.32952958341258,0.28569112094327,1.28190798654868,TRUE,4,TRUE,no_formulation
ALL DAY ENERGY GREENS FRUITY,Diverticulitis,6,113,288,107,282,42774,43169,8.10694784409716,30.1595543505318,TRUE,9.15527474789051,0.408303417633392,4.1126002381278,TRUE,0.753874307952466,1.79695434597323,TRUE,2.37404698274607,0.153822989075138,1.60532961281675,TRUE,4,TRUE,no_formulation
ALL DAY ENERGY GREENS FRUITY,Eructation,4,113,133,109,129,42927,43169,11.8147767030253,28.6981048184832,TRUE,13.6227323213625,0.488978471025171,5.22441112609011,TRUE,0.348143343603049,1.97833453015343,TRUE,2.40754498292247,0.222199057451206,1.48364028052912,TRUE,4,TRUE,no_formulation
ALL DAY ENERGY GREENS FRUITY,Flatulence,12,113,475,101,463,42593,43169,9.87541810814427,85.7734426504005,TRUE,11.3171627316254,0.30336972791066,6.24459152162757,TRUE,1.2433690842966,2.4788674567345,TRUE,2.84197815862678,0.0799768352289838,2.2876867098242,TRUE,4,TRUE,no_formulation
ALL DAY ENERGY GREENS FRUITY,Gastric Disorder,12,113,233,101,221,42835,43169,20.6892243623113,196.015156832917,TRUE,23.8162884052975,0.307229937599868,13.0423147946672,TRUE,0.609905256086544,3.50604990237161,TRUE,3.49341965951273,0.0799768352289838,2.93912821071015,TRUE,4,TRUE,no_formulation
ALL DAY ENERGY GREENS FRUITY,Gastrointestinal Disorder,14,113,385,99,371,42685,43169,14.3783603272667,156.653730119433,TRUE,16.7442799461642,0.285886316036888,9.56126006905801,TRUE,1.00778336306146,3.07121796223597,TRUE,3.26555183673893,0.0689423524703631,2.75091707183264,TRUE,4,TRUE,no_formulation
ALL DAY ENERGY GREENS FRUITY,Hospitalisation,7,113,708,106,701,42355,43169,3.80483001527527,11.8761160052081,TRUE,4.25200526035758,0.37970005416032,2.02016378836231,TRUE,1.85327434038315,0.829237878746274,FALSE,1.67222107851457,0.133310168562317,0.956592443293063,TRUE,3,TRUE,no_formulation
"ALL DAY ENERGY GREENS, FRUITY",Blood Pressure Increased,6,19,1929,13,1923,41227,43169,7.08596764923228,26.6821679712833,TRUE,10.3198740721486,0.477979465249282,4.04398990869977,TRUE,0.849012022516158,1.62556723394728,TRUE,2.26853651237,0.153822989075138,1.49981914244068,TRUE,4,TRUE,no_formulation
"ALL DAY ENERGY GREENS, FRUITY",Diarrhoea,7,19,3103,12,3096,40054,43169,5.13480892152863,20.8056834455637,TRUE,7.7612465687066,0.46225668689372,3.13653866301046,TRUE,1.36572540480437,1.26955115269201,TRUE,2.00715392789608,0.133310168562317,1.29152529267457,TRUE,4,TRUE,no_formulation
ALL DAY ENERGY GREENS?,Abdominal Distension,4,27,715,23,711,42431,43169,8.98932124811168,21.2043586184511,TRUE,11.4197903739478,0.515950058131423,4.15405819222037,TRUE,0.447195904468484,1.61742501630519,TRUE,2.248190253344,0.222199057451206,1.32428555095065,TRUE,4,TRUE,no_formulation
ALL DAY ENERGY GREENS?,Abdominal Pain Upper,8,27,2004,19,1996,41146,43169,6.40421583908558,32.667324205828,TRUE,8.98354813230846,0.411648260099817,4.00909018658494,TRUE,1.25339943014663,1.66984351825309,TRUE,2.27730815704664,0.117623894052513,1.60509989215239,TRUE,4,TRUE,no_formulation
ALL DAY ENERGY GREENS?,Gastric Disorder,4,27,233,23,229,42913,43169,27.9100760148795,77.6730876432357,TRUE,35.8060075093867,0.518802481563866,12.9521632818783,TRUE,0.145729574463156,3.23274213973149,TRUE,2.80092299218968,0.222199057451206,1.87701828979632,TRUE,4,TRUE,no_formulation
ALL DAY ENERGY GREENS?,Intestinal Obstruction,3,27,211,24,208,42934,43169,23.0459401709402,42.7267567014276,TRUE,29.4172661870504,0.575630147409769,9.51954161834742,TRUE,0.131969700479511,2.63825002578508,TRUE,2.46942762628916,0.28569112094327,1.42180602942526,TRUE,4,TRUE,no_formulation
ALPHA BRAIN,Vomiting,4,10,3595,6,3591,39568,43169,4.80746310219995,9.32085037949312,TRUE,7.62733591064372,0.613491714606696,2.29170220840394,TRUE,0.832773518033774,0.720922222107606,FALSE,1.75549336142822,0.222199057451206,0.831588659034864,TRUE,3,TRUE,no_formulation
ALPHA CRS+,Abdominal Pain,3,6,1676,3,1673,41490,43169,12.8998804542738,22.9577001519058,TRUE,24.7926501344488,0.756340018362266,5.63006398845477,TRUE,0.232944937339294,1.82009741515249,TRUE,2.25557819731901,0.28569112094327,1.20795660045511,TRUE,4,TRUE,no_formulation
AMP ENERGY DRINK,Heart Rate Increased,4,5,1482,1,1478,41686,43169,23.3634641407307,66.839495136568,TRUE,84.5853905985796,0.943180384999175,13.3181532305049,TRUE,0.171650953230327,2.99707200953663,TRUE,2.74414141521449,0.222199057451206,1.82023671282113,TRUE,4,TRUE,no_formulation
ARBONNE CLEANTOX HERBAL DETOX TEA,Abdominal Pain Upper,3,12,2004,9,2001,41156,43169,5.39192903548226,7.10842762933297,TRUE,7.57577869229657,0.62570070032615,2.22238906163599,TRUE,0.557066413398504,0.563477513397365,FALSE,1.72728890080466,0.28569112094327,0.679667303940758,TRUE,3,TRUE,no_formulation
ARBONNE ENERGYFIZZ GINSENG FIZZ STICKS POMEGRANATE FLAVOR,Headache,3,8,2348,5,2345,40816,43169,6.902078891258,10.364286609481,TRUE,11.0740295730703,0.684093060741684,2.89730295817792,TRUE,0.435127058769024,0.919640192285123,FALSE,1.90412061493705,0.28569112094327,0.856499018073153,TRUE,3,TRUE,no_formulation
ARBONNE ESSENTIALS BODY CLEANSE,Dyspnoea,7,29,3460,22,3453,39687,43169,3.01566853410827,8.16056646547441,TRUE,3.83065489117321,0.42201011355509,1.67513867998373,TRUE,2.32435312376937,0.502539432268491,FALSE,1.40897011816736,0.133310168562317,0.693341482945849,TRUE,3,TRUE,no_formulation
ARBONNE ESSENTIALS BODY CLEANSE,Hypersensitivity,13,29,2207,16,2194,40946,43169,8.81432118945085,86.3398728923098,TRUE,15.2662026968247,0.36764145775215,7.42657032387304,TRUE,1.48261483935231,2.37613210376896,TRUE,2.76748306833223,0.0740509093030578,2.23412205252902,TRUE,4,TRUE,no_formulation
ARBONNE ESSENTIALS BODY CLEANSE,Pharyngeal Oedema,4,29,410,25,406,42734,43169,14.6560217428232,38.1390862183614,TRUE,18.5519861080964,0.513732745106015,6.77785493575544,TRUE,0.275429127383076,2.31595825562329,TRUE,2.53685816838286,0.222199057451206,1.61295346598951,TRUE,4,TRUE,no_formulation
ARBONNE ESSENTIALS CHOCOLATE PROTEIN SHAKE MIX,Dyspnoea,6,21,3460,15,3454,39694,43169,3.56919513607412,9.41413934320484,TRUE,4.81866569551637,0.467629076061942,1.92696085256201,TRUE,1.68315226203989,0.638548537641192,FALSE,1.57402696480303,0.153822989075138,0.805309594873715,TRUE,3,TRUE,no_formulation
ARBONNE ESSENTIALS CHOCOLATE PROTEIN SHAKE MIX,Hypersensitivity,11,21,2207,10,2196,40952,43169,10.2920461445052,87.2655073258346,TRUE,20.4200947394665,0.427404147450885,8.8357617643914,TRUE,1.07361764228961,2.52416604841571,TRUE,2.8694769187594,0.0869333569681142,2.29158144020925,TRUE,4,TRUE,no_formulation
ARBONNE ESSENTIALS CHOCOLATE PROTEIN SHAKE MIX,Pharyngeal Oedema,4,21,410,17,406,42742,43169,20.2430213464696,55.1693140604953,TRUE,27.0379546652609,0.530894057117555,9.55141446731394,TRUE,0.199448678449814,2.78093522739621,TRUE,2.6856348917806,0.222199057451206,1.76173018938724,TRUE,4,TRUE,no_formulation
ARBONNE ESSENTIALS DAILY FIBER BOOST,Abdominal Distension,4,46,715,42,711,42412,43169,5.27401699993885,10.0167424806742,TRUE,6.3116448265884,0.49717269969188,2.38199368789723,TRUE,0.761889318724084,0.849209466788982,FALSE,1.83433962545662,0.222199057451206,0.910434923063263,TRUE,3,TRUE,no_formulation
ARBONNE ESSENTIALS DAILY FIBER BOOST,Dyspnoea,13,46,3460,33,3447,39676,43169,3.53551922907128,22.9266724209479,TRUE,4.63786434037211,0.322862338223954,2.46315686546489,TRUE,3.68690495494452,1.0620661806052,TRUE,1.68900333368796,0.0740509093030578,1.15564231788476,TRUE,4,TRUE,no_formulation
ARBONNE ESSENTIALS DAILY FIBER BOOST,Hypersensitivity,16,46,2207,30,2191,40932,43169,6.84587145039986,77.553723116103,TRUE,10.1044086130093,0.306388127676765,5.54253010801238,TRUE,2.35173388311057,2.09451692787895,TRUE,2.53255476009756,0.0605828958350444,2.05012833810151,TRUE,4,TRUE,no_formulation
ARBONNE ESSENTIALS DAILY FIBER BOOST,Migraine,4,46,279,42,275,42848,43169,13.6357312252964,34.763407561329,TRUE,16.4678765880218,0.499404381330502,6.18779635449651,TRUE,0.297296671222405,2.20586868945786,TRUE,2.49673645058106,0.222199057451206,1.57283174818771,TRUE,4,TRUE,no_formulation
ARBONNE ESSENTIALS DAILY FIBER BOOST,Pharyngeal Oedema,8,46,410,38,402,42721,43169,18.6558511788882,115.406430338821,TRUE,23.433588771477,0.382268183694452,11.0775968907577,TRUE,0.436887581366258,3.18961485377673,TRUE,3.18151498914489,0.117623894052513,2.50930672425065,TRUE,4,TRUE,no_formulation
ARBONNE ESSENTIALS DAILY FIBER BOOST,Pyrexia,3,46,505,43,502,42621,43169,5.60232981119002,7.24506268104149,TRUE,6.8245096357294,0.55741932470066,2.28868773958043,TRUE,0.53811763070722,0.613373867552256,FALSE,1.75338499510283,0.28569112094327,0.705763398238934,TRUE,3,TRUE,no_formulation
ARBONNE ESSENTIALS DAILY FIBER BOOST,Rash,5,46,1290,41,1285,41838,43169,3.64769074606666,7.33288815667031,TRUE,4.3133889115388,0.454660726498196,1.76930862263073,TRUE,1.37459751210359,0.524338748498127,FALSE,1.552850745495,0.181795017047166,0.717157178756336,TRUE,3,TRUE,no_formulation
ARBONNE ESSENTIALS DIGESTION PLUS,Dyspnoea,16,56,3460,40,3444,39669,43169,3.57665505226481,29.4072913002266,TRUE,4.69201572017656,0.292596898159041,2.64421004459793,TRUE,4.48840603210637,1.16213917698943,TRUE,1.72581522101809,0.0605828958350444,1.24338879902205,TRUE,4,TRUE,no_formulation
ARBONNE ESSENTIALS DIGESTION PLUS,Hypersensitivity,23,56,2207,33,2184,40929,43169,8.10765796703297,142.130523589383,TRUE,13.1433915339758,0.269974333354826,7.74284657072996,TRUE,2.86298037943895,2.45768941481876,TRUE,2.80484848987193,0.0425300267183455,2.40064142580551,TRUE,4,TRUE,no_formulation
ARBONNE ESSENTIALS DIGESTION PLUS,Migraine,4,56,279,52,275,42838,43169,11.1981818181818,27.4211522502078,TRUE,13.3280269639616,0.494896907267491,5.05243937030762,TRUE,0.36192638235771,1.9223740235773,TRUE,2.38428844319043,0.222199057451206,1.46038374079707,TRUE,4,TRUE,no_formulation
ARBONNE ESSENTIALS DIGESTION PLUS,Pharyngeal Oedema,10,56,410,46,400,42713,43169,19.246875,152.866651270423,TRUE,24.082356731505,0.345345858937738,12.2386821406903,TRUE,0.531863142532836,3.35198519882152,TRUE,3.34706578601199,0.095214930467079,2.74227021982261,TRUE,4,TRUE,no_formulation
ARBONNE ESSENTIALS DIGESTION PLUS,Pyrexia,3,56,505,53,502,42611,43169,4.60084661354582,5.26395947200258,TRUE,5.54759845631655,0.553551616467484,1.87461621898188,TRUE,0.655099724339225,0.329745782794259,FALSE,1.59933751145613,0.28569112094327,0.55171591459223,TRUE,3,TRUE,no_formulation
ARBONNE ESSENTIALS DIGESTION PLUS,Rash,5,56,1290,51,1285,41828,43169,2.99562256809339,4.92782531930233,TRUE,3.47500689165562,0.449485786338126,1.43994413976023,TRUE,1.67342305821307,0.240610351932451,FALSE,1.33946259525468,0.181795017047166,0.503769028516012,TRUE,3,TRUE,no_formulation
ARBONNE ESSENTIALS DIGESTION PLUS,Urticaria,5,56,1254,51,1249,41864,43169,3.08196557245797,5.23368664153372,TRUE,3.57820409717285,0.449510694267529,1.48263374688864,TRUE,1.62672287984433,0.281435542402666,FALSE,1.37079956179424,0.181795017047166,0.535105995055576,TRUE,3,TRUE,no_formulation
ARBONNE ESSENTIALS ENERGY FIZZ STICKS,Vomiting,4,7,3595,3,3591,39571,43169,6.86828181565024,15.9256735575758,TRUE,14.1661263698017,0.712909681406575,3.5027580497023,TRUE,0.582941462623642,1.23523967307845,TRUE,2.05496973990421,0.222199057451206,1.13106503751085,TRUE,4,TRUE,no_formulation
ARBONNE ESSENTIALS ENERGY FIZZ STICKS - CITRUS,Dyspnoea,7,26,3460,19,3453,39690,43169,3.36386419835594,10.179922572017,TRUE,4.42032052210132,0.430035046101927,1.90283241226143,TRUE,2.08390280062082,0.660056033672662,FALSE,1.53733879481035,0.133310168562317,0.821710159588846,TRUE,3,TRUE,no_formulation
ARBONNE ESSENTIALS ENERGY FIZZ STICKS - CITRUS,Hypersensitivity,11,26,2207,15,2196,40947,43169,8.31184321143338,66.7205106762461,TRUE,13.8312785002533,0.389810648949036,6.44241656952232,TRUE,1.3292408904538,2.21613277780092,TRUE,2.65231688174726,0.0869333569681142,2.07442140319711,TRUE,4,TRUE,no_formulation
ARBONNE ESSENTIALS ENERGY FIZZ STICKS - CITRUS,Pharyngeal Oedema,4,26,410,22,406,42737,43169,16.3482379689276,43.2918327885849,TRUE,21.0270602706027,0.518796771309817,7.60623663586586,TRUE,0.246936459033102,2.47329153735891,TRUE,2.59086757638995,0.222199057451206,1.66696287399659,TRUE,4,TRUE,no_formulation
ARBONNE ESSENTIALS ENERGY FIZZ STICKS - CITRUS,Rash,4,26,1290,22,1286,41857,43169,5.16126330900826,9.84370605724595,TRUE,6.50719005052468,0.517172949802317,2.36138602544472,TRUE,0.77694641988464,0.820988426251092,FALSE,1.81722700998698,0.222199057451206,0.893322307593623,TRUE,3,TRUE,no_formulation
ARBONNE ESSENTIALS ENERGY FIZZ STICKS - CITRUS,Swelling,3,26,827,23,824,42319,43169,6.04130881254668,8.20814408551221,TRUE,7.64451698643924,0.574024357713992,2.48159355406136,TRUE,0.49808890639116,0.724817966623615,FALSE,1.81011468525341,0.28569112094327,0.762493088389512,TRUE,3,TRUE,no_formulation
ARBONNE ESSENTIALS ENERGY FIZZ STICKS - CITRUS,Urticaria,3,26,1254,23,1251,41892,43169,3.9792473713337,4.15359948580752,TRUE,4.98546425140895,0.573664003555652,1.61954473468972,TRUE,0.75526419421344,0.124579528273037,FALSE,1.47936388332503,0.28569112094327,0.431742286461134,TRUE,3,TRUE,no_formulation
ARBONNE ESSENTIALS ENERGY FIZZ STICKS - POMEGRANATE,Dyspnoea,8,27,3460,19,3452,39690,43169,3.70301703789537,14.3123156905075,TRUE,5.01114762620918,0.411392695895447,2.23744652629216,TRUE,2.164052908337,0.882120863902778,FALSE,1.67384010649978,0.117623894052513,1.00163184160553,TRUE,3,TRUE,no_formulation
ARBONNE ESSENTIALS ENERGY FIZZ STICKS - POMEGRANATE,Erythema,4,27,719,23,715,42427,43169,8.93903133903134,21.0538297240873,TRUE,11.3548775592132,0.515942445791659,4.13050716123168,TRUE,0.449697699738238,1.60938266754469,TRUE,2.24438473708967,0.222199057451206,1.32048003469632,TRUE,4,TRUE,no_formulation
ARBONNE ESSENTIALS ENERGY FIZZ STICKS - POMEGRANATE,Hypersensitivity,10,27,2207,17,2197,40945,43169,7.2728805273184,50.3664563804415,TRUE,11.1796587030717,0.390973704563734,5.19547200959014,TRUE,1.38036554008664,1.97663612392177,TRUE,2.48130427597816,0.095214930467079,1.87650870978878,TRUE,4,TRUE,no_formulation
ARBONNE ESSENTIALS ENERGY FIZZ STICKS - POMEGRANATE,Pharyngeal Oedema,4,27,410,23,406,42736,43169,15.7423827768655,41.4463227665111,TRUE,20.1318206799089,0.51697082849414,7.30850587210291,TRUE,0.25643401514976,2.41891821732593,TRUE,2.57263885680655,0.222199057451206,1.6487341544132,TRUE,4,TRUE,no_formulation
ARBONNE ESSENTIALS ENERGY FIZZ STICKS - POMEGRANATE,Swelling,3,27,827,24,824,42318,43169,5.81742179072276,7.75376516064682,TRUE,7.33232261976956,0.57250947489853,2.38732563874455,TRUE,0.51724617202159,0.670407124930497,FALSE,1.78268607061217,0.28569112094327,0.735064473748276,TRUE,3,TRUE,no_formulation
ARBONNE ESSENTIALS ENERGY FIZZ STICKS CITRUS,Dyspnoea,3,5,3460,2,3457,39707,43169,7.49158229678912,11.9560391626621,TRUE,16.0782357194505,0.828268492816819,3.17104216606442,TRUE,0.400750538580926,1.03827454088892,TRUE,1.95815540766975,0.28569112094327,0.910533810805856,TRUE,4,TRUE,no_formulation
ARBONNE ESSENTIALS ENERGY FIZZ STICKS CITRUS,Hypersensitivity,4,5,2207,1,2203,40961,43169,15.6746255106673,43.4013613636286,TRUE,55.7678692988428,0.943062630751545,8.78279881288696,TRUE,0.255623248164192,2.42348066901818,TRUE,2.57418600670606,0.222199057451206,1.65028130431271,TRUE,4,TRUE,no_formulation
ARBONNE ESSENTIALS ENERGY FIZZ STICKS POMEGRANATE,Hypersensitivity,4,5,2207,1,2203,40961,43169,15.6746255106673,43.4013613636286,TRUE,55.7678692988428,0.943062630751545,8.78279881288696,TRUE,0.255623248164192,2.42348066901818,TRUE,2.57418600670606,0.222199057451206,1.65028130431271,TRUE,4,TRUE,no_formulation
ARBONNE ESSENTIALS ENERGY FIZZ STICKS POMEGRANATE,Pharyngeal Oedema,3,5,410,2,407,42757,43169,63.6324324324324,127.889603325702,TRUE,146.896932515337,0.829573180107762,28.8978664895692,TRUE,0.0474877805832889,4.10615952323308,TRUE,2.67645625147978,0.28569112094327,1.62883465461588,TRUE,4,TRUE,no_formulation
ARBONNE ESSENTIALS GREENS BALANCE,Dyspnoea,8,20,3460,12,3452,39697,43169,4.99988412514484,23.5945730814917,TRUE,7.81876900796524,0.444929089306778,3.26894110466221,TRUE,1.6030021543237,1.31499987995753,TRUE,2.0150125132774,0.117623894052513,1.34280424838315,TRUE,4,TRUE,no_formulation
ARBONNE ESSENTIALS GREENS BALANCE,Hypersensitivity,9,20,2207,11,2198,40951,43169,8.8339626933576,57.6561190067121,TRUE,15.3875369570161,0.438974890337894,6.50887811107453,TRUE,1.02249299265677,2.20124084599475,TRUE,2.64149192536623,0.105239993123721,2.00565392903062,TRUE,4,TRUE,no_formulation
ARBONNE ESSENTIALS GREENS BALANCE,Pharyngeal Oedema,4,20,410,16,406,42743,43169,21.2556650246305,58.2602912689751,TRUE,28.6772895001677,0.534145769241492,10.0661649512364,TRUE,0.189951122333156,2.85120014390598,TRUE,2.70535893453343,0.222199057451206,1.78145423214007,TRUE,4,TRUE,no_formulation
ARBONNE ESSENTIALS GREENS BALANCE,Pruritus,3,20,1457,17,1454,41695,43169,4.45140990371389,5.10869774227091,TRUE,5.7333104159505,0.586147291852205,1.81746814944492,TRUE,0.67502142741319,0.286549411006916,FALSE,1.57466785638147,0.28569112094327,0.527046259517572,TRUE,3,TRUE,no_formulation
ARBONNE ESSENTIALS GREENS BALANCE,Urticaria,4,20,1254,16,1250,41899,43169,6.90384,15.1120928480638,TRUE,9.13805386936135,0.532589738531907,3.21739347100199,TRUE,0.580972457087262,1.24011803409575,TRUE,2.05759523741679,0.222199057451206,1.13369053502343,TRUE,4,TRUE,no_formulation
ARBONNE ESSENTIALS HERBAL DETOX TEA,Abdominal Distension,3,41,715,38,712,42416,43169,4.43217319813648,4.9697223290308,TRUE,5.41199362041467,0.559567150743665,1.80735764873916,TRUE,0.679075262341032,0.27791562607215,FALSE,1.5696991111694,0.28569112094327,0.522077514305498,TRUE,3,TRUE,no_formulation
ARBONNE ESSENTIALS HERBAL DETOX TEA,Dyspnoea,13,41,3460,28,3447,39681,43169,3.96714003693562,28.111861198769,TRUE,5.45221174764322,0.330873177059219,2.85054420327548,TRUE,3.28615441636359,1.22805968943061,TRUE,1.83415425034556,0.0740509093030578,1.30079323454236,TRUE,4,TRUE,no_formulation
ARBONNE ESSENTIALS HERBAL DETOX TEA,Erythema,3,41,719,38,716,42412,43169,4.40741245401281,4.92193816823019,TRUE,5.38127260039333,0.559560151418367,1.79712289104858,TRUE,0.682874284787695,0.269871168130631,FALSE,1.56505816904846,0.28569112094327,0.517436572184558,TRUE,3,TRUE,no_formulation
ARBONNE ESSENTIALS HERBAL DETOX TEA,Hypersensitivity,15,41,2207,26,2192,40936,43169,7.19823749332384,77.4292533312395,TRUE,10.9208622878165,0.320519120347866,5.82673876537668,TRUE,2.09611063494637,2.14237808259956,TRUE,2.5778444443505,0.0644929642612418,2.08009333033268,TRUE,4,TRUE,no_formulation
ARBONNE ESSENTIALS HERBAL DETOX TEA,Migraine,4,41,279,37,275,42853,43169,15.300399113082,39.7892719555513,TRUE,18.6657713248639,0.50253555921055,6.97074245154503,TRUE,0.264981815654752,2.37167495917979,TRUE,2.5564276423499,0.222199057451206,1.63252293995654,TRUE,4,TRUE,no_formulation
ARBONNE ESSENTIALS HERBAL DETOX TEA,Pharyngeal Oedema,5,41,410,36,405,42723,43169,12.9864498644986,43.8502295423231,TRUE,15.8761718156175,0.460114050708711,6.44300997161961,TRUE,0.389399800782969,2.34310942632281,TRUE,2.62852763198506,0.181795017047166,1.7928340652464,TRUE,4,TRUE,no_formulation
ARBONNE ESSENTIALS HERBAL DETOX TEA,Pyrexia,3,41,505,38,502,42626,43169,6.28626955592265,8.61952099689412,TRUE,7.71171415649028,0.560090904250868,2.57271643556959,TRUE,0.479626583891218,0.779271227994725,FALSE,1.8370510924432,0.28569112094327,0.789429495579297,TRUE,3,TRUE,no_formulation
ARBONNE ESSENTIALS HERBAL DETOX TEA,Rash,5,41,1290,36,1285,41843,43169,4.09300559931669,9.03151042829569,TRUE,4.90485019953858,0.458276388324361,1.99771261006868,TRUE,1.22518473904885,0.690304605398234,FALSE,1.67268075944849,0.181795017047166,0.836987192709823,TRUE,3,TRUE,no_formulation
ARBONNE ESSENTIALS HERBAL DETOX TEA,Swelling,4,41,827,37,823,42305,43169,5.11252704264588,9.57397475939302,TRUE,6.16473588342441,0.500126839472312,2.31311867333626,TRUE,0.785447890847599,0.805294893745523,FALSE,1.80765387368187,0.222199057451206,0.883749171288512,TRUE,3,TRUE,no_formulation
ARBONNE ESSENTIALS HERBAL DETOX TEA,Throat Irritation,4,41,777,37,773,42355,43169,5.44322090051431,10.5372614850872,TRUE,6.57098901098901,0.500205281255424,2.46517304120802,TRUE,0.73796011026431,0.895226912297841,FALSE,1.86196017287642,0.222199057451206,0.938055470483068,TRUE,3,TRUE,no_formulation
ARBONNE ESSENTIALS HERBAL TEA,Dyspnoea,3,4,3460,1,3457,39708,43169,9.36469482210009,16.107676583586,TRUE,26.7977343938298,0.976061146765655,3.95601616020795,TRUE,0.320600430864741,1.35989279706171,TRUE,2.09260310521237,0.28569112094327,1.04498150834847,TRUE,4,TRUE,no_formulation
ARBONNE ESSENTIALS HERBAL TEA,Hypersensitivity,4,4,2207,0,2203,40962,43169,19.593735814798,55.9736649292653,TRUE,167.307692307692,1.49087238161332,9.00450239268751,TRUE,0.204498598531354,2.7449232840376,TRUE,2.67525625976478,0.222199057451206,1.75135155737143,TRUE,4,TRUE,no_formulation
ARBONNE ESSENTIALS PROTEIN SHAKE MIX,Dyspnoea,4,7,3460,3,3456,39706,43169,7.13657407407407,16.7392304384413,TRUE,14.7696265834556,0.712917248161096,3.65192712506761,TRUE,0.561050754013297,1.29042615058846,TRUE,2.08443133405674,0.222199057451206,1.16052663166338,TRUE,4,TRUE,no_formulation
ARBONNE ESSENTIALS PROTEIN SHAKE MIX - CHOCOLATE,Dyspnoea,14,40,3460,26,3446,39683,43169,4.3804846198491,35.9657814239313,TRUE,6.30019242928976,0.327134093477144,3.31811667049381,TRUE,3.20600430864741,1.40196531056972,TRUE,1.96811643646595,0.0689423524703631,1.45348167155966,TRUE,4,TRUE,no_formulation
ARBONNE ESSENTIALS PROTEIN SHAKE MIX - CHOCOLATE,Erythema,4,40,719,36,715,42414,43169,6.03202797202797,12.269097720132,TRUE,7.3084345653485,0.501039602604578,2.7373532324166,TRUE,0.666218814427019,1.04270114040211,TRUE,1.94808649860582,0.222199057451206,1.02418179621247,TRUE,4,TRUE,no_formulation
ARBONNE ESSENTIALS PROTEIN SHAKE MIX - CHOCOLATE,Hypersensitivity,19,40,2207,21,2188,40941,43169,9.36301416819013,139.668867607106,TRUE,16.9673239077418,0.313488497805599,9.17839098802105,TRUE,2.04498598531354,2.60591702590353,TRUE,2.93774450714844,0.051258886511035,2.49399216808893,TRUE,4,TRUE,no_formulation
ARBONNE ESSENTIALS PROTEIN SHAKE MIX - CHOCOLATE,Pharyngeal Oedema,4,40,410,36,406,42723,43169,10.6229064039409,25.8947421546747,TRUE,12.9576403983218,0.50209850967563,4.84318483144805,TRUE,0.379902244666311,1.85250699881309,TRUE,2.3545098441354,0.222199057451206,1.43060514174204,TRUE,4,TRUE,no_formulation
ARBONNE ESSENTIALS PROTEIN SHAKE MIX - CHOCOLATE,Rash,6,40,1290,34,1284,41845,43169,5.03843457943925,15.9950614182376,TRUE,6.13774603550696,0.428525461979618,2.64996829052988,TRUE,1.19530218443791,1.13221831530443,TRUE,1.93889726416993,0.153822989075138,1.17017989424062,TRUE,4,TRUE,no_formulation
ARBONNE ESSENTIALS PROTEIN SHAKE MIX - CHOCOLATE,Swelling,5,40,827,35,822,42307,43169,6.55854622871046,18.5648193891752,TRUE,7.96921957275568,0.459593992394253,3.23743821381305,TRUE,0.76629062521717,1.36709743458277,TRUE,2.11882306423345,0.181795017047166,1.28312949749479,TRUE,4,TRUE,no_formulation
ARBONNE ESSENTIALS PROTEIN SHAKE MIX - CHOCOLATE,Urticaria,5,40,1254,35,1249,41880,43169,4.31635308246597,9.88568065489461,TRUE,5.1928996950893,0.459142018869555,2.11144784003179,TRUE,1.16194491417452,0.76674015422767,FALSE,1.72655905443776,0.181795017047166,0.890865487699094,TRUE,3,TRUE,no_formulation
ARBONNE ESSENTIALS PROTEIN SHAKE MIX - VANILLA,Dyspnoea,13,39,3460,26,3447,39683,43169,4.17077652064597,30.5893507279705,TRUE,5.86399496490484,0.334850993406824,3.04202422970058,TRUE,3.12585420093122,1.30020171771078,TRUE,1.89656658806388,0.0740509093030578,1.36320557226068,TRUE,4,TRUE,no_formulation
ARBONNE ESSENTIALS PROTEIN SHAKE MIX - VANILLA,Erythema,3,39,719,36,716,42414,43169,4.6336484744306,5.36554400517351,TRUE,5.67640451586384,0.560830452314694,1.89097078109031,TRUE,0.649563344066344,0.341983638356167,FALSE,1.60626895739122,0.28569112094327,0.558647360527326,TRUE,3,TRUE,no_formulation
ARBONNE ESSENTIALS PROTEIN SHAKE MIX - VANILLA,Hypersensitivity,15,39,2207,24,2192,40938,43169,7.56772880404267,82.7436916305962,TRUE,11.8129383566425,0.325289075729841,6.24404876960611,TRUE,1.9938613356807,2.21451570740064,TRUE,2.63581506008991,0.0644929642612418,2.13806394607209,TRUE,4,TRUE,no_formulation
ARBONNE ESSENTIALS PROTEIN SHAKE MIX - VANILLA,Pharyngeal Oedema,8,39,410,31,402,42728,43169,22.0079091720883,138.672473463269,TRUE,28.6457458345657,0.389744744932294,13.3445124061205,TRUE,0.370404688549654,3.42757052043544,TRUE,3.2877046082614,0.117623894052513,2.61549634336716,TRUE,4,TRUE,no_formulation
ARBONNE ESSENTIALS PROTEIN SHAKE MIX - VANILLA,Rash,5,39,1290,34,1285,41845,43169,4.30310286341415,9.84392430349866,TRUE,5.18943736999645,0.460005971619712,2.10647004143958,TRUE,1.16541962982696,0.762433588044683,FALSE,1.72354588482785,0.181795017047166,0.887852318089189,TRUE,3,TRUE,no_formulation
ARBONNE ESSENTIALS PROTEIN SHAKE MIX - VANILLA,Swelling,3,39,827,36,824,42306,43169,4.02632561613144,4.19655360030038,TRUE,4.92030038960931,0.560667494415862,1.63961473143925,TRUE,0.747133359586741,0.140187980925386,FALSE,1.48873917707664,0.28569112094327,0.441117580212745,TRUE,3,TRUE,no_formulation
ARBONNE ESSENTIALS PROTEIN SHAKE MIX - VANILLA,Throat Irritation,6,39,777,33,771,42359,43169,8.6062057268283,33.4267636885621,TRUE,10.6532825180642,0.430135657496584,4.58505533176087,TRUE,0.701962056105075,1.89983655631366,TRUE,2.43504836479838,0.153822989075138,1.66633099486906,TRUE,4,TRUE,no_formulation
ARBONNE ESSENTIALS PROTEIN SHAKE MIX - VANILLA,Urticaria,4,39,1254,35,1250,41880,43169,3.5388717948718,5.09846526516853,TRUE,4.24533848432458,0.50121332174589,1.58953805590333,TRUE,1.13289629132016,0.277060614778163,FALSE,1.46249183623122,0.222199057451206,0.538587133837863,TRUE,3,TRUE,no_formulation
ARBONNE ESSENTIALS PROTEIN SHAKE MIX CHOCOLATE,Dyspnoea,4,7,3460,3,3456,39706,43169,7.13657407407407,16.7392304384413,TRUE,14.7696265834556,0.712917248161096,3.65192712506761,TRUE,0.561050754013297,1.29042615058846,TRUE,2.08443133405674,0.222199057451206,1.16052663166338,TRUE,4,TRUE,no_formulation
ARBONNE ESSENTIALS PROTEIN SHAKE MIX CHOCOLATE,Hypersensitivity,5,7,2207,2,2202,40960,43169,14.0009082652134,50.5335483379703,TRUE,40.9140068104427,0.763083629161693,9.16900299825788,TRUE,0.357872547429869,2.46480332403642,TRUE,2.68059638846791,0.181795017047166,1.84490282172924,TRUE,4,TRUE,no_formulation
ARBONNE ESSENTIALS PROTEIN SHAKE MIX VANILLA,Dyspnoea,5,7,3460,2,3455,39707,43169,8.9232995658466,30.0685223095864,TRUE,25.2804225148314,0.762976251070439,5.66664272536771,TRUE,0.561050754013297,1.81662059852552,TRUE,2.37393795125172,0.181795017047166,1.53824438451306,TRUE,4,TRUE,no_formulation
ARBONNE ESSENTIALS PROTEIN SHAKE MIX VANILLA,Hypersensitivity,6,7,2207,1,2201,40961,43169,16.8087233075875,77.8786746806071,TRUE,80.6267696267696,0.906085795843659,13.6522257081455,TRUE,0.357872547429869,2.8711032657652,TRUE,2.9216044879717,0.153822989075138,2.15288711804238,TRUE,4,TRUE,no_formulation
ARBONNE ESSENTIALS VANILLA PROTEIN SHAKE MIX,Abdominal Pain Upper,3,14,2004,11,2001,41154,43169,4.62143928035982,5.52479668330058,TRUE,6.25794784346523,0.610896661812636,1.88984507286325,TRUE,0.649910815631588,0.34121251138618,FALSE,1.60583294857092,0.28569112094327,0.558211351707024,TRUE,3,TRUE,no_formulation
ARBONNE ESSENTIALS VANILLA PROTEIN SHAKE MIX,Hypersensitivity,6,14,2207,8,2201,40954,43169,8.40299863698319,33.7133526893905,TRUE,14.2258219663064,0.521509219246633,5.11870097909466,TRUE,0.715745094859737,1.87179735899513,TRUE,2.41859894736301,0.153822989075138,1.64988157743369,TRUE,4,TRUE,no_formulation
ARBONNE GUTHEALTH DIGESTION & MICROBIOME SUPPORT,Vomiting,3,8,3595,5,3592,39569,43169,4.50595072383074,5.50707081454603,TRUE,7.00921110900234,0.68398545102355,1.83420963621385,TRUE,0.666218814427019,0.30547688641976,FALSE,1.58551641922111,0.28569112094327,0.537894822357213,TRUE,3,TRUE,no_formulation
ARGI-VIVE III,Blood Pressure Increased,3,5,1929,2,1926,41238,43169,13.4467289719626,24.2849725304512,TRUE,29.9682844536725,0.828406670025989,5.90891699069106,TRUE,0.22342421645162,1.88021001941905,TRUE,2.27444112427351,0.28569112094327,1.22681952740961,TRUE,4,TRUE,no_formulation
ARTRI AJO KING,Abdominal Distension,3,32,715,29,712,42425,43169,5.67990695224719,7.45108386676311,TRUE,7.06460898007731,0.566603627151141,2.32694106948798,TRUE,0.530009960851537,0.635261846016786,FALSE,1.76469663280287,0.28569112094327,0.71707503593897,TRUE,3,TRUE,no_formulation
ARTRI AJO KING,Adrenal Insufficiency,3,32,11,29,8,43129,43169,505.51171875,762.262316604962,TRUE,602.006979062812,0.661273646540485,164.707749970577,TRUE,0.00815399939771596,6.59885012559305,TRUE,2.78401723550202,0.28569112094327,1.73639563863813,TRUE,4,TRUE,no_formulation
ARTRI AJO KING,Cushing's Syndrome,3,32,17,29,14,43123,43169,288.863839285714,491.537761096609,TRUE,352.85154880187,0.623378935522199,103.982718100179,TRUE,0.0126016354328337,5.99161447971017,TRUE,2.77144493545345,0.28569112094327,1.72382333858955,TRUE,4,TRUE,no_formulation
ARTRI AJO KING,Cushingoid,3,32,18,29,15,43122,43169,269.60625,463.964209209062,TRUE,330.07927829415,0.619799894789778,97.9566534488269,TRUE,0.0133429081053534,5.91128730542579,TRUE,2.76936016274049,0.28569112094327,1.72173856587659,TRUE,4,TRUE,no_formulation
ARTRI AJO KING,Death,4,32,1227,28,1223,41914,43169,4.40893295175797,7.5993352652805,TRUE,5.40913685931216,0.508085747637282,1.9981893976392,TRUE,0.909541569181589,0.593757205958964,FALSE,1.67469897598676,0.222199057451206,0.750794273593406,TRUE,3,TRUE,no_formulation
ARTRI AJO KING,Myocardial Infarction,3,32,646,29,643,42494,43169,6.28941485225506,8.66665494960032,TRUE,7.8348412416209,0.566736380348196,2.57996880404327,TRUE,0.478862146447682,0.781570802052181,FALSE,1.8381773181373,0.28569112094327,0.790555721273406,TRUE,3,TRUE,no_formulation
ARTRI AJO KING,Weight Increased,4,32,268,28,264,42873,43169,20.4247159090909,55.2451381357844,TRUE,25.593572778828,0.510993135265169,9.40079924304279,TRUE,0.198661076235261,2.78663369412259,TRUE,2.68726032916205,0.222199057451206,1.7633556267687,TRUE,4,TRUE,no_formulation
ARTRI KING,Anaemia,4,49,195,45,191,42929,43169,18.4293193717277,48.842025855533,TRUE,22.1711473904685,0.499445162475736,8.33013163046102,TRUE,0.221339387060159,2.63093871186638,TRUE,2.64117489535777,0.222199057451206,1.71727019296441,TRUE,4,TRUE,no_formulation
ARTRI KING,Blood Glucose Increased,3,49,406,46,403,42717,43169,6.55086848635236,9.11904923747454,TRUE,7.96851474330788,0.556526177653836,2.67702689535111,TRUE,0.460839954597049,0.836874824216962,FALSE,1.86498687308238,0.28569112094327,0.817365276218478,TRUE,3,TRUE,no_formulation
ARTRI KING,Cushing's Syndrome,3,49,17,46,14,43106,43169,188.571428571429,319.404541889003,TRUE,223.763811642566,0.613358278380024,67.2494511853823,TRUE,0.0192962542565267,5.39028944243086,TRUE,2.75272519780661,0.28569112094327,1.70510360094271,TRUE,4,TRUE,no_formulation
ARTRI KING,Gait Disturbance,3,49,361,46,358,42762,43169,7.37430167597765,10.7646675733687,TRUE,8.97819468814205,0.556805574067345,3.01457813995442,TRUE,0.409761634506243,1.0062213452192,TRUE,1.94379442082347,0.28569112094327,0.896172823959572,TRUE,4,TRUE,no_formulation
ARTRI KING,Gastrointestinal Haemorrhage,3,49,143,46,140,42980,43169,18.8571428571429,33.8178426059851,TRUE,23.02556155053,0.560678487322076,7.67275034173803,TRUE,0.162315550510783,2.34035816764652,TRUE,2.40176428527067,0.28569112094327,1.35414268840677,TRUE,4,TRUE,no_formulation
ARTRI KING,Oedema,3,49,80,46,77,43043,43169,34.2857142857143,64.1103742222262,TRUE,41.8043010752688,0.565814563418371,13.7908135604906,TRUE,0.0908059023836549,3.17589650923558,TRUE,2.5665987776786,0.28569112094327,1.5189771808147,TRUE,4,TRUE,no_formulation
ARTRI KING,Pain,7,49,1848,42,1841,41279,43169,3.34600760456274,9.66371509736405,TRUE,3.95580648767788,0.396774502414778,1.81758095551981,TRUE,2.09761634506243,0.650594748231006,FALSE,1.52970222792827,0.133310168562317,0.814073592706763,TRUE,3,TRUE,no_formulation
ARTRI KING,Weight Increased,7,49,268,42,261,42859,43169,23.6015325670498,127.125810865315,TRUE,28.9232932178608,0.400886728299045,13.1827515810388,TRUE,0.304199772985244,3.43485821665502,TRUE,3.22126476161091,0.133310168562317,2.50563612638941,TRUE,4,TRUE,no_formulation
AZO BLADDER CONTROL,Hypersensitivity,6,31,2207,25,2201,40937,43169,3.7934076885873,10.2001005676005,TRUE,4.73997230052593,0.439932384975161,2.00123365393462,TRUE,1.58486413861799,0.725336744259205,FALSE,1.64048634546798,0.153822989075138,0.871768975538658,TRUE,3,TRUE,no_formulation
AZO BLADDER CONTROL,Hypertensive Crisis,5,31,32,26,27,43111,43169,257.694145758662,873.51933782882,TRUE,325.369811320755,0.505905982278794,120.709482932738,TRUE,0.0229794528481086,6.40574732601688,TRUE,3.39460544746631,0.181795017047166,2.55891188072764,TRUE,4,TRUE,no_formulation
AZO CRANBERRY TABLETS,Hypersensitivity,3,5,2207,2,2204,40960,43169,11.7506352087114,20.7697999550723,TRUE,26.0125652075301,0.828367259782235,5.12935473858988,TRUE,0.255623248164192,1.68625641503583,TRUE,2.21161592732135,0.28569112094327,1.16399433045745,TRUE,4,TRUE,no_formulation
BALANCE OF NATURE WHOLE PRODUCE FRUITS,Blood Glucose Increased,4,39,406,35,402,42728,43169,11.0039545860441,27.0430976598847,TRUE,13.4566179686817,0.502890755472307,5.02188392210428,TRUE,0.366790984271121,1.9031303220941,TRUE,2.37616894868372,0.222199057451206,1.45226424629037,TRUE,4,TRUE,no_formulation
BALANCE OF NATURE WHOLE PRODUCE FRUITS,Drug Interaction,5,39,155,34,150,42980,43169,36.8632478632479,136.363194253266,TRUE,45.5279984592421,0.466338368249883,18.2525406801398,TRUE,0.140031040793162,3.81634511530866,TRUE,3.10321783761141,0.181795017047166,2.26752427087274,TRUE,4,TRUE,no_formulation
BALANCE OF NATURE WHOLE PRODUCE FRUITS,Hospitalisation,11,39,708,28,697,42433,43169,17.4531876540485,154.680380010247,TRUE,24.5480852669308,0.351427800664261,12.3275348817021,TRUE,0.639625657300378,3.2710325589658,TRUE,3.33500194837411,0.0869333569681142,2.75710646982396,TRUE,4,TRUE,no_formulation
BALANCE OF NATURE WHOLE PRODUCE FRUITS,Myocardial Infarction,3,39,646,36,643,42487,43169,5.15970809905491,6.39413510891101,TRUE,6.3312258517738,0.560971553535895,2.10852706433208,TRUE,0.583613240983113,0.49635480401482,FALSE,1.69150499459001,0.28569112094327,0.643883397726115,TRUE,3,TRUE,no_formulation
BALANCE OF NATURE WHOLE PRODUCE FRUITS 90 CAPSULES,Atrial Fibrillation,3,23,449,20,446,42700,43169,12.6182491713784,21.601584834638,TRUE,16.3277251249556,0.580308395688034,5.23548840071317,TRUE,0.239222590284695,1.78178868274269,TRUE,2.24327417145491,0.28569112094327,1.19565257459101,TRUE,4,TRUE,no_formulation
BALANCE OF NATURE WHOLE PRODUCE FRUITS 90 CAPSULES,Hospitalisation,6,23,708,17,702,42444,43169,16.0334448160535,70.767906885544,TRUE,22.4414234875445,0.460907863582388,9.09322018557923,TRUE,0.377215131228428,2.79523276308882,TRUE,2.8894371155177,0.153822989075138,2.12071974558838,TRUE,4,TRUE,no_formulation
BALANCE OF NATURE WHOLE PRODUCE VEGGIES,Blood Glucose Increased,4,38,406,34,402,42729,43169,11.2937941869599,27.920982744072,TRUE,13.8469889278963,0.503701900486451,5.1593576128808,TRUE,0.357386087238528,1.94056939271752,TRUE,2.39190808952566,0.222199057451206,1.4680033871323,TRUE,4,TRUE,no_formulation
BALANCE OF NATURE WHOLE PRODUCE VEGGIES,Drug Interaction,5,38,155,33,150,42981,43169,37.8342105263158,140.179051321576,TRUE,46.8881340804284,0.467265141202436,18.7637151934717,TRUE,0.136440501285645,3.85372662407078,TRUE,3.11133406587468,0.181795017047166,2.27564049913602,TRUE,4,TRUE,no_formulation
BALANCE OF NATURE WHOLE PRODUCE VEGGIES,Hospitalisation,11,38,708,27,697,42434,43169,17.9128973797478,159.275760082288,TRUE,25.4413424568263,0.353238468445544,12.7308490669484,TRUE,0.623224999420881,3.30848682144965,TRUE,3.35591500513527,0.0869333569681142,2.77801952658512,TRUE,4,TRUE,no_formulation
BALANCE OF NATURE WHOLE PRODUCE VEGGIES 90 CAPSULES,Atrial Fibrillation,4,26,449,22,445,42698,43169,14.9154710458081,38.9982658982372,TRUE,19.1687991021324,0.518589197346481,6.93685903636754,TRUE,0.270425536843568,2.34237464199653,TRUE,2.54619757218909,0.222199057451206,1.62229286979573,TRUE,4,TRUE,no_formulation
BALANCE OF NATURE WHOLE PRODUCE VEGGIES 90 CAPSULES,Hospitalisation,6,26,708,20,702,42441,43169,14.1824457593688,61.4098903138405,TRUE,19.155958684142,0.451745161611573,7.9026117721812,TRUE,0.426417104866918,2.61850694194711,TRUE,2.81070592231048,0.153822989075138,2.04198855238116,TRUE,4,TRUE,no_formulation
BAYER ONE A DAY WEIGHT SMART,Nausea,3,3,3887,0,3884,39282,43169,11.1138002059732,20.2304733758721,TRUE,70.7883897541511,1.51195144622163,3.6556362919491,TRUE,0.270124394820357,1.60675580093811,TRUE,2.1841915201041,0.28569112094327,1.1365699232402,TRUE,4,TRUE,no_formulation
BEACHBODY SHAKEOLOGY CHOCOLATE,Abdominal Pain,3,10,1676,7,1673,41486,43169,7.73921099820681,11.9532008707158,TRUE,11.5687879693258,0.64781885841577,3.24977517458771,TRUE,0.388241562232157,1.08398449449704,TRUE,1.97833093807031,0.28569112094327,0.930709341206407,TRUE,4,TRUE,no_formulation
BEAUTY SLIM (PRETTY SLIM),Dry Mouth,5,5,209,0,204,42960,43169,211.588235294118,831.675039958359,TRUE,2310.8337408313,1.47876010041007,127.356962024471,TRUE,0.0242071857119692,6.33173786339901,TRUE,3.39122258358979,0.181795017047166,2.55552901685112,TRUE,4,TRUE,no_formulation
BEAUTY SLIM (PRETTY SLIM),Feeling Abnormal,5,5,639,0,634,42530,43169,68.0820189274448,268.688209766862,TRUE,737.32939322301,1.47763924504105,40.7258004765234,TRUE,0.074011443396882,4.73311581506564,TRUE,3.26028021500807,0.181795017047166,2.42458664826941,TRUE,4,TRUE,no_formulation
BEAUTY SLIM (PRETTY SLIM),Hypervigilance,5,5,11,0,6,43158,43169,7194,15890.9314707786,TRUE,73037.4615384615,1.52829562129553,3652.86964768073,TRUE,0.00127406240589312,10.2546918629469,TRUE,3.45576012733277,0.181795017047166,2.62006656059411,TRUE,4,TRUE,no_formulation
BEAUTY SLIM (PRETTY SLIM),Weight Decreased,5,5,662,0,657,42507,43169,65.6986301369863,259.181175701713,TRUE,711.152091254753,1.47762059393674,39.2813540471958,TRUE,0.0766753920637494,4.68233284473884,TRUE,3.25360025260882,0.181795017047166,2.41790668587016,TRUE,4,TRUE,no_formulation
BELLY TRIM XP,Muscle Spasms,3,25,623,22,620,42524,43169,8.35045161290323,12.8770112702214,TRUE,10.660632106724,0.576015494201175,3.44721736735429,TRUE,0.360791308577915,1.18967714327061,TRUE,2.02361950588924,0.28569112094327,0.975997909025337,TRUE,4,TRUE,no_formulation
BELLYTRIM XP,Abdominal Pain,4,22,1676,18,1672,41475,43169,4.69193127446716,8.53159757166642,TRUE,6.03206884014059,0.526211263866675,2.15053353238503,TRUE,0.854131436910746,0.684403241729517,FALSE,1.73255722251739,0.222199057451206,0.80865252012404,TRUE,3,TRUE,no_formulation
BELLYTRIM XP,Abdominal Pain Upper,4,22,2004,18,2000,41147,43169,3.92245454545455,6.31202677811728,TRUE,5.00317488195519,0.526118289095303,1.78404068731048,TRUE,1.02128842456392,0.426638113658079,FALSE,1.56463129858368,0.222199057451206,0.64072659619033,TRUE,3,TRUE,no_formulation
BENEFIBER,Death,3,19,1227,16,1224,41926,43169,5.56630546955624,7.32457020455099,TRUE,7.26296447529604,0.589203578947917,2.28862010265615,TRUE,0.540040306701568,0.608231641256838,FALSE,1.75071548104542,0.28569112094327,0.703093884181524,TRUE,3,TRUE,no_formulation
BENEFIBER,Malaise,5,19,1895,14,1890,41260,43169,6.00807574491785,16.8604607327374,TRUE,8.27851599193791,0.501335113379275,3.09889904638319,TRUE,0.834047580439667,1.2449120853122,TRUE,2.04362149571285,0.181795017047166,1.20792792897419,TRUE,4,TRUE,no_formulation
BENEFIBER (NCH),Diverticulitis,3,14,288,11,285,42870,43169,32.4473684210526,62.446357670845,TRUE,45.7006776821747,0.613348808172822,13.7350294362772,TRUE,0.0934003567374737,3.13540603810394,TRUE,2.5602772228143,0.28569112094327,1.5126556259504,TRUE,4,TRUE,no_formulation
BENEFIBER STICK PACKS (WHEAT DEXTRIN) POWDER,Constipation,4,38,920,34,916,42215,43169,4.9564467938405,9.13891576130147,TRUE,6.00804098768946,0.502317155713985,2.2446668447893,TRUE,0.809840394727698,0.761191909581536,FALSE,1.78053397270484,0.222199057451206,0.856629270311487,TRUE,3,TRUE,no_formulation
BENEFIBER STICK PACKS (WHEAT DEXTRIN) POWDER,Diverticulitis,3,38,288,35,285,42846,43169,11.9476454293629,20.0582202967333,TRUE,14.7961569768876,0.563390864230365,4.9043442277755,TRUE,0.253515254001714,1.69818675951619,TRUE,2.21564629921626,0.28569112094327,1.16802470235236,TRUE,4,TRUE,no_formulation
BENEFIBER STICK PACKS (WHEAT DEXTRIN) POWDER,Feeling Abnormal,3,38,639,35,636,42495,43169,5.35389771598808,6.78009632891415,TRUE,6.58239934500957,0.561674214835475,2.18915989335868,TRUE,0.562486969816303,0.549515767942503,FALSE,1.71990977369825,0.28569112094327,0.672288176834352,TRUE,3,TRUE,no_formulation
BENEFIBER STICK PACKS (WHEAT DEXTRIN) POWDER,Malaise,5,38,1895,33,1890,41241,43169,3.00271512113617,5.03285453723644,TRUE,3.58158822391612,0.460675738562337,1.45191284778941,TRUE,1.66809516087933,0.245210029097501,FALSE,1.34300353855263,0.181795017047166,0.507309971813965,TRUE,3,TRUE,no_formulation
BENEFIBER SUGAR FREE (NCH) (WHEAT DEXTRIN) CHEWABLE TABLET,Fall,3,18,418,15,415,42736,43169,17.329718875502,31.3502138455666,TRUE,23.2254570862932,0.593852298823086,7.25215350259126,TRUE,0.174291737126179,2.23786524529472,TRUE,2.37591009817579,0.28569112094327,1.3282885013119,TRUE,4,TRUE,no_formulation
BENEFIBER SUGAR FREE (NCH) (WHEAT DEXTRIN) CHEWABLE TABLET,Influenza,3,18,52,15,49,43102,43169,146.772108843537,283.736168149052,TRUE,196.622678396872,0.608650667837451,59.640283600062,TRUE,0.0216822256711992,5.22488552074071,TRUE,2.74611173706379,0.28569112094327,1.69849014019989,TRUE,4,TRUE,no_formulation
BENEFIBER SUGAR FREE (NCH) (WHEAT DEXTRIN) CHEWABLE TABLET,Pain,3,18,1848,15,1845,41306,43169,3.89801264679313,4.05690042860349,TRUE,5.05406350232912,0.592280746425495,1.5830008386112,TRUE,0.770552943084158,0.0956798909747273,FALSE,1.46189842928454,0.28569112094327,0.41427683242064,TRUE,3,TRUE,no_formulation
BENEFIBER SUGAR FREE (NCH) (WHEAT DEXTRIN) CHEWABLE TABLET,Pyrexia,3,18,505,15,502,42649,43169,14.3263612217795,25.1973710939511,TRUE,19.1652383245065,0.593501399687916,5.98846662836756,TRUE,0.210567768537608,1.96557531982426,TRUE,2.30031076765884,0.28569112094327,1.25268917079494,TRUE,4,TRUE,no_formulation
BENEFIBER UNKNOWN (NCH),Death,5,18,1227,13,1222,41929,43169,9.80882887797781,32.0149317933014,TRUE,13.9733242444899,0.506689353903623,5.17603317853924,TRUE,0.511617132664644,1.94960174512826,TRUE,2.44276824295193,0.181795017047166,1.60707467621326,TRUE,4,TRUE,no_formulation
BENEFIBER UNKNOWN (NCH) (UNKNOWN) POWDER,Constipation,4,11,920,7,916,42242,43169,17.1329892814609,46.4918012937413,TRUE,27.6546644844517,0.59721883415627,8.57838353222402,TRUE,0.234427482684334,2.5481824110577,TRUE,2.61523305011806,0.222199057451206,1.69132834772471,TRUE,4,TRUE,no_formulation
BENEFIBER UNKNOWN (NCH) (UNKNOWN) POWDER,Therapeutic Response Unexpected,3,11,40,8,37,43121,43169,318.117936117936,608.925458013854,TRUE,473.490980392157,0.655782892040033,130.947750860132,TRUE,0.0101924992471449,6.28866936424276,TRUE,2.77824132807611,0.28569112094327,1.73061973121221,TRUE,4,TRUE,no_formulation
BENEFIBER UNKNOWN (NCH) (UNKNOWN) UNKNOWN,Death,3,16,1227,13,1224,41929,43169,6.61044730392157,9.47055142071818,TRUE,8.8775917608094,0.600523829008077,2.73601810554001,TRUE,0.454770784590794,0.855986665540462,FALSE,1.87412859544656,0.28569112094327,0.826506998582658,TRUE,3,TRUE,no_formulation
BENEFIBER W WHEAT DEXTRIN (NCH) (WHEAT DEXTRIN) POWDER,Asthma,3,119,168,116,165,42885,43169,6.57754010695187,9.01868294866978,TRUE,7.78492797220025,0.548054368360084,2.65914060863467,TRUE,0.46311010215664,0.829790683707725,FALSE,1.86158228143535,0.28569112094327,0.813960684571456,TRUE,3,TRUE,no_formulation
BENEFIBER W WHEAT DEXTRIN (NCH) (WHEAT DEXTRIN) POWDER,Atrial Fibrillation,4,119,449,115,445,42605,43169,3.25181758096497,4.18998215307203,TRUE,3.726048362412,0.482854399316872,1.44622053964045,TRUE,1.23771688016864,0.149432221774615,FALSE,1.37273195315016,0.222199057451206,0.448827250756805,TRUE,3,TRUE,no_formulation
BENEFIBER W WHEAT DEXTRIN (NCH) (WHEAT DEXTRIN) POWDER,Barrett's Oesophagus,3,119,16,116,13,43037,43169,83.4841628959276,137.177917636591,TRUE,95.7757113336512,0.60695575318624,29.1476951612859,TRUE,0.0441057240149181,4.21195318299847,TRUE,2.68539601125535,0.28569112094327,1.63777441439145,TRUE,4,TRUE,no_formulation
BENEFIBER W WHEAT DEXTRIN (NCH) (WHEAT DEXTRIN) POWDER,Blood Cholesterol Increased,3,119,168,116,165,42885,43169,6.57754010695187,9.01868294866978,TRUE,7.78492797220025,0.548054368360084,2.65914060863467,TRUE,0.46311010215664,0.829790683707725,FALSE,1.86158228143535,0.28569112094327,0.813960684571456,TRUE,3,TRUE,no_formulation
BENEFIBER W WHEAT DEXTRIN (NCH) (WHEAT DEXTRIN) POWDER,Bowel Movement Irregularity,4,119,50,115,46,43004,43169,31.457800511509,82.3372581521267,TRUE,36.0322580645161,0.502403085783494,13.4597607133674,TRUE,0.137830387546619,3.31294679318108,TRUE,2.81868026415423,0.222199057451206,1.89477556176088,TRUE,4,TRUE,no_formulation
BENEFIBER W WHEAT DEXTRIN (NCH) (WHEAT DEXTRIN) POWDER,Condition Aggravated,5,119,320,114,315,42735,43169,5.74229691876751,14.9904551622502,TRUE,6.50648793417256,0.440164489855461,2.74581359506104,TRUE,0.882114480298362,1.16410834087084,TRUE,1.99255449978635,0.181795017047166,1.15686093304768,TRUE,4,TRUE,no_formulation
BENEFIBER W WHEAT DEXTRIN (NCH) (WHEAT DEXTRIN) POWDER,Constipation,10,119,920,109,910,42140,43169,3.97543632837751,19.5929234633555,TRUE,4.43807782868061,0.324796156240984,2.34813382347155,TRUE,2.53607913085779,1.09925082261038,TRUE,1.79010802984871,0.095214930467079,1.18531246365933,TRUE,4,TRUE,no_formulation
BENEFIBER W WHEAT DEXTRIN (NCH) (WHEAT DEXTRIN) POWDER,Diverticulitis,4,119,288,115,284,42766,43169,5.09527754763877,9.3116182957047,TRUE,5.85668637162486,0.484167896660587,2.26735714655362,TRUE,0.793903032268526,0.789854390866179,FALSE,1.79819549856877,0.222199057451206,0.874290796175412,TRUE,3,TRUE,no_formulation
BENEFIBER W WHEAT DEXTRIN (NCH) (WHEAT DEXTRIN) POWDER,Drug Dependence,4,119,258,115,254,42796,43169,5.69708198239926,11.0316570299931,TRUE,6.55165463220473,0.484595574021777,2.53428186328991,TRUE,0.711204799740555,0.948479354820302,FALSE,1.89348217390879,0.222199057451206,0.969577471515437,TRUE,3,TRUE,no_formulation
BENEFIBER W WHEAT DEXTRIN (NCH) (WHEAT DEXTRIN) POWDER,Fall,7,119,418,112,411,42639,43169,6.16144267926149,25.1312173215566,TRUE,6.90797893884164,0.380362732549046,3.27777931724271,TRUE,1.15226203988974,1.51468233383516,TRUE,2.18244808701702,0.133310168562317,1.46681945179551,TRUE,4,TRUE,no_formulation
BENEFIBER W WHEAT DEXTRIN (NCH) (WHEAT DEXTRIN) POWDER,Flatulence,10,119,475,109,465,42585,43169,7.77988614800759,51.9479037408693,TRUE,8.77237614584406,0.326408065483558,4.62671864830435,TRUE,1.30938868169288,2.05277355596749,TRUE,2.5368150706968,0.095214930467079,1.93201950450742,TRUE,4,TRUE,no_formulation
BENEFIBER W WHEAT DEXTRIN (NCH) (WHEAT DEXTRIN) POWDER,Frequent Bowel Movements,3,119,87,116,84,42966,43169,12.9201680672269,21.4025204708169,TRUE,15.2762018437159,0.553313265857614,5.16446843909689,TRUE,0.239824874331117,1.77816622597472,TRUE,2.24209920949352,0.28569112094327,1.19447761262962,TRUE,4,TRUE,no_formulation
BENEFIBER W WHEAT DEXTRIN (NCH) (WHEAT DEXTRIN) POWDER,Haemorrhoids,5,119,66,114,61,42989,43169,29.6528447444552,102.925394810726,TRUE,33.5772002698193,0.454791414131844,13.7695013808535,TRUE,0.181936111561537,3.43947581596204,TRUE,3.01172312948172,0.181795017047166,2.17602956274305,TRUE,4,TRUE,no_formulation
BENEFIBER W WHEAT DEXTRIN (NCH) (WHEAT DEXTRIN) POWDER,Hiatus Hernia,3,119,37,116,34,43016,43169,31.9204152249135,56.5841611614521,TRUE,37.4591652671518,0.568600677841155,12.290100302904,TRUE,0.101994486784498,3.00886175729415,TRUE,2.53953274246013,0.28569112094327,1.49191114559623,TRUE,4,TRUE,no_formulation
BENEFIBER W WHEAT DEXTRIN (NCH) (WHEAT DEXTRIN) POWDER,Malaise,11,119,1895,108,1884,41166,43169,2.11221431247658,5.58929759886911,TRUE,2.31534602560544,0.31101133087165,1.25857098564392,TRUE,5.22377168801686,0.241922309739627,FALSE,1.00659582961351,0.0869333569681142,0.428700351063363,TRUE,3,TRUE,no_formulation
BENEFIBER W WHEAT DEXTRIN (NCH) (WHEAT DEXTRIN) POWDER,Neuropathy Peripheral,3,119,226,116,223,42827,43169,4.86678976523345,5.70067982418242,TRUE,5.75688183502799,0.546621989235204,1.97193812939006,TRUE,0.622993351710718,0.402204467652067,FALSE,1.6400055352651,0.28569112094327,0.592383938401201,TRUE,3,TRUE,no_formulation
BENEFIBER W WHEAT DEXTRIN (NCH) (WHEAT DEXTRIN) POWDER,Overdose,7,119,229,112,222,42828,43169,11.4069952305246,55.0031541769222,TRUE,12.8325093632959,0.383066512740152,6.05673805336058,TRUE,0.631263174963515,2.38248173409774,TRUE,2.72895600134077,0.133310168562317,2.01332736611926,TRUE,4,TRUE,no_formulation
BENEFIBER W WHEAT DEXTRIN (NCH) (WHEAT DEXTRIN) POWDER,Underdose,4,119,26,115,22,43028,43169,65.7754010695187,164.542064033314,TRUE,74.5082251082251,0.524736043868821,26.6403471687108,TRUE,0.0716718015242419,4.25304585784639,TRUE,2.97666596716429,0.222199057451206,2.05276126477094,TRUE,4,TRUE,no_formulation
BENEFIBER W/ WHEAT DEXTRIN,Abdominal Pain Upper,6,19,2004,13,1998,41152,43169,6.81997787260945,25.3664375981683,TRUE,9.9145192227504,0.477959101871661,3.88530089487444,TRUE,0.882021821214297,1.5705597749722,TRUE,2.23365932303061,0.153822989075138,1.46494195310129,TRUE,4,TRUE,no_formulation
BENEFIBER W/ WHEAT DEXTRIN,Diverticulitis,6,19,288,13,282,42868,43169,48.3202687569989,229.401912193072,TRUE,73.0633235004917,0.481127195324392,28.4548097919517,TRUE,0.126757627000857,4.36594835693832,TRUE,3.37446016573571,0.153822989075138,2.6057427958064,TRUE,4,TRUE,no_formulation
BENEFIBER WITH WHEAT DEXTRIN,Constipation,6,59,920,53,914,42196,43169,4.79657308163038,14.6470163834915,TRUE,5.60598968845649,0.416719252004997,2.47704391494293,TRUE,1.25738377076143,1.05918919000254,TRUE,1.88701044215257,0.153822989075138,1.11829307222325,TRUE,4,TRUE,no_formulation
BENEFIBER WITH WHEAT DEXTRIN,Diverticulitis,3,59,288,56,285,42825,43169,7.69134701159679,11.363280304124,TRUE,9.29214388667607,0.554021099149303,3.13706592867886,TRUE,0.393615789107925,1.06416844049311,TRUE,1.96962834022573,0.28569112094327,0.922006743361828,TRUE,4,TRUE,no_formulation
BENEFIBER WITH WHEAT DEXTRIN,Fall,3,59,418,56,415,42695,43169,5.28200939350623,6.58411523830705,TRUE,6.36547288159058,0.553031248031646,2.1531831393195,TRUE,0.571289582802474,0.527126831218944,FALSE,1.70800641096807,0.28569112094327,0.660384814104169,TRUE,3,TRUE,no_formulation
BENEFIBER WITH WHEAT DEXTRIN,Flatulence,4,59,475,55,471,42639,43169,6.20533304544964,12.6753861128912,TRUE,7.33246395918718,0.492325688388255,2.79366193686145,TRUE,0.649192707730084,1.08003088233079,TRUE,1.96930425813643,0.222199057451206,1.04539955574307,TRUE,4,TRUE,no_formulation
BENEFIBER WITH WHEAT DEXTRIN,Gastrointestinal Disorder,4,59,385,55,381,42729,43169,7.67115974909916,16.981298691752,TRUE,9.08139987956502,0.492833516772798,3.45656271257549,TRUE,0.526187773633858,1.38292103756018,TRUE,2.13263025947982,0.222199057451206,1.20872555708647,TRUE,4,TRUE,no_formulation
BENEFIBER WITH WHEAT DEXTRIN,Haematochezia,7,59,638,52,631,42479,43169,8.10577775390153,36.9209380213539,TRUE,9.60965954077593,0.392413078811624,4.45327223778081,TRUE,0.87196831059325,1.91666492231342,TRUE,2.45064343674937,0.133310168562317,1.73501480152786,TRUE,4,TRUE,no_formulation
BENEFIBER WITH WHEAT DEXTRIN,Rectal Haemorrhage,6,59,309,53,303,42807,43169,14.4688706158751,61.5752896742205,TRUE,17.1364455187917,0.419351876041631,7.53288298688796,TRUE,0.422316940397044,2.63243482283377,TRUE,2.81710521663978,0.153822989075138,2.04838784671046,TRUE,4,TRUE,no_formulation
BENEFIBER WITH WHEAT DEXTRIN (NCH) (WHEAT DEXTRIN) POWDER,Blood Glucose Increased,4,119,406,115,402,42648,43169,3.59964881474978,5.12688730913761,TRUE,4.12827296926676,0.483102629276036,1.60155975119108,TRUE,1.11918274687855,0.294625410492561,FALSE,1.47465917878101,0.222199057451206,0.550754476387652,TRUE,3,TRUE,no_formulation
BENEFIBER WITH WHEAT DEXTRIN (NCH) (WHEAT DEXTRIN) POWDER,Constipation,8,119,920,111,912,42138,43169,3.1733746130031,9.95500050059184,TRUE,3.52038577308189,0.357400741978931,1.74728844093047,TRUE,2.53607913085779,0.653290569574319,FALSE,1.48525344832029,0.117623894052513,0.81304518342604,TRUE,3,TRUE,no_formulation
BENEFIBER WITH WHEAT DEXTRIN (NCH) (WHEAT DEXTRIN) POWDER,Death,11,119,1227,108,1216,41834,43169,3.27254256965944,15.4587532597373,TRUE,3.64494157712407,0.311478804626959,1.97949523431085,TRUE,3.38235771039403,0.868933100640484,FALSE,1.56662890569316,0.0869333569681142,0.988733427143005,TRUE,3,TRUE,no_formulation
BENEFIBER WITH WHEAT DEXTRIN (NCH) (WHEAT DEXTRIN) POWDER,Diabetes Mellitus,5,119,194,114,189,42861,43169,9.57049486461251,29.6150446603866,TRUE,10.8646403428927,0.442551897621696,4.56360002612677,TRUE,0.534781903680882,1.88575773866856,TRUE,2.41010488920642,0.181795017047166,1.57441132246776,TRUE,4,TRUE,no_formulation
BENEFIBER WITH WHEAT DEXTRIN (NCH) (WHEAT DEXTRIN) POWDER,Diverticulitis,10,119,288,109,278,42772,43169,13.0131189166314,96.3796745891386,TRUE,14.7270111408967,0.328610041097607,7.73385635390025,TRUE,0.793903032268526,2.77438581339172,TRUE,3.02058791990521,0.095214930467079,2.41579235371584,TRUE,4,TRUE,no_formulation
BENEFIBER WITH WHEAT DEXTRIN (NCH) (WHEAT DEXTRIN) POWDER,Drug Dependence,3,119,258,116,255,42795,43169,4.2560553633218,4.53867147900535,TRUE,5.03210065259569,0.546109181363076,1.72540796889777,TRUE,0.711204799740555,0.211255100837949,FALSE,1.53091209452408,0.28569112094327,0.483290497660185,TRUE,3,TRUE,no_formulation
BENEFIBER WITH WHEAT DEXTRIN (NCH) (WHEAT DEXTRIN) POWDER,Fall,4,119,418,115,414,42636,43169,3.49531116794544,4.84364753382267,TRUE,4.00762928265944,0.48302818778848,1.5549830062157,TRUE,1.15226203988974,0.252614944178932,FALSE,1.44548249285081,0.222199057451206,0.521577790457456,TRUE,3,TRUE,no_formulation
BENEFIBER WITH WHEAT DEXTRIN (NCH) (WHEAT DEXTRIN) POWDER,Feeling Abnormal,5,119,639,114,634,42416,43169,2.85303395806272,4.33345076649841,TRUE,3.21114861958493,0.43835080259161,1.3599679393653,TRUE,1.76147235284579,0.166645587323068,FALSE,1.2821692599247,0.181795017047166,0.446475693186032,TRUE,3,TRUE,no_formulation
BENEFIBER WITH WHEAT DEXTRIN (NCH) (WHEAT DEXTRIN) POWDER,Gout,4,119,47,115,43,43007,43169,33.6525307797538,88.0181325711432,TRUE,38.5199283475146,0.503876957585651,14.3475169146038,TRUE,0.129560564293822,3.40198449044919,TRUE,2.83750792314567,0.222199057451206,1.91360322075231,TRUE,4,TRUE,no_formulation
BENEFIBER WITH WHEAT DEXTRIN (NCH) (WHEAT DEXTRIN) POWDER,Irritable Bowel Syndrome,3,119,91,116,88,42962,43169,12.3328877005348,20.264470503284,TRUE,14.5843941708494,0.552829709623631,4.93526235594617,TRUE,0.250851305334847,1.71340607383096,TRUE,2.22075578469934,0.28569112094327,1.17313418783544,TRUE,4,TRUE,no_formulation
BENEFIBER WITH WHEAT DEXTRIN (NCH) (WHEAT DEXTRIN) POWDER,Overdose,7,119,229,112,222,42828,43169,11.4069952305246,55.0031541769222,TRUE,12.8325093632959,0.383066512740152,6.05673805336058,TRUE,0.631263174963515,2.38248173409774,TRUE,2.72895600134077,0.133310168562317,2.01332736611926,TRUE,4,TRUE,no_formulation
BENEFIBER WITH WHEAT DEXTRIN (NCH) (WHEAT DEXTRIN) POWDER,Renal Disorder,3,119,258,116,255,42795,43169,4.2560553633218,4.53867147900535,TRUE,5.03210065259569,0.546109181363076,1.72540796889777,TRUE,0.711204799740555,0.211255100837949,FALSE,1.53091209452408,0.28569112094327,0.483290497660185,TRUE,3,TRUE,no_formulation
BENEFIBER WITH WHEAT DEXTRIN (NCH) (WHEAT DEXTRIN) POWDER,Sinusitis,3,119,67,116,64,42986,43169,16.9577205882353,29.1501569729972,TRUE,20.0223242505905,0.556619363468334,6.72528235973083,TRUE,0.18469271931247,2.15440275099499,TRUE,2.35382634534687,0.28569112094327,1.30620474848298,TRUE,4,TRUE,no_formulation
BENEFIBER WITH WHEAT DEXTRIN (NCH) (WHEAT DEXTRIN) POWDER,Therapeutic Response Unexpected,6,119,40,113,34,43016,43169,63.840830449827,264.424325029928,TRUE,71.4057971014493,0.437796163383588,30.2742821360582,TRUE,0.110264310037295,4.5664700598624,TRUE,3.41293359298878,0.153822989075138,2.64421622305946,TRUE,4,TRUE,no_formulation
BENEFIBER WITH WHEAT DEXTRIN (NCH) (WHEAT DEXTRIN) POWDER,Underdose,7,119,26,112,19,43031,43169,133.28173374613,578.506499123265,TRUE,147.116239316239,0.439917619895432,62.1148122448317,TRUE,0.0716718015242419,5.51511324750262,TRUE,3.7136315613305,0.133310168562317,2.99800292610899,TRUE,4,TRUE,no_formulation
BENEFIBER WITH WHEAT DEXTRIN (NCH) WHEAT DEXTRIN POWDER,Abdominal Pain Upper,6,33,2004,27,1998,41138,43169,3.92537992537993,10.786843814336,TRUE,4.86547183114609,0.436731580746235,2.06714783049587,TRUE,1.53193263684588,0.774332220193131,FALSE,1.67758714383579,0.153822989075138,0.908869773906471,TRUE,3,TRUE,no_formulation
BENEFIBER WITH WHEAT DEXTRIN (NCH) WHEAT DEXTRIN POWDER,Constipation,3,33,920,30,917,42219,43169,4.27639536036483,4.69372362947284,TRUE,5.28050207709832,0.565344828360489,1.74358845494468,TRUE,0.703282448053001,0.227408078666966,FALSE,1.54037959410993,0.28569112094327,0.492757997246031,TRUE,3,TRUE,no_formulation
BENEFIBER WITH WHEAT DEXTRIN (NCH) WHEAT DEXTRIN POWDER,Intestinal Obstruction,3,33,211,30,208,42928,43169,18.8531468531469,34.1024869351864,TRUE,23.6269607265008,0.568612898708465,7.75166130386239,TRUE,0.161296300586069,2.34942672693318,TRUE,2.40398618605109,0.28569112094327,1.35636458918719,TRUE,4,TRUE,no_formulation
BENEFIBER WITH WHEAT DEXTRIN (NCH)(WHEAT DEXTRIN) POWDER,Diarrhoea,4,11,3103,7,3099,40059,43169,5.06415559271319,10.0051547418811,TRUE,7.75470237135022,0.596576190528905,2.40851429793669,TRUE,0.790683129097269,0.795715006427531,FALSE,1.80179014811848,0.222199057451206,0.877885445725124,TRUE,3,TRUE,no_formulation
BENEFIBER WITH WHEAT DEXTRIN POWDER,Malaise,3,13,1895,10,1892,41264,43169,5.26378272889901,6.82435059334094,TRUE,7.26807573756055,0.617660923519728,2.16598703109257,TRUE,0.570664133985036,0.528706208265333,FALSE,1.70884894264914,0.28569112094327,0.661227345785243,TRUE,3,TRUE,no_formulation
"BEROCCA (CAFFEINE, MINERALS, ASCORBIC ACID, VITAMIN B)",Dependence,4,5,444,1,440,42724,43169,78.48,233.689063006946,TRUE,290.972758229285,0.944024598314411,45.7385476484385,TRUE,0.0514257916560495,4.72924413944325,TRUE,3.02868634870578,0.222199057451206,2.10478164631243,TRUE,4,TRUE,no_formulation
"BEROCCA (CAFFEINE, MINERALS, ASCORBIC ACID, VITAMIN B) EFFERVESCENT TABLET",Dependence,6,14,444,8,438,42717,43169,42.2260273972603,201.360446756513,TRUE,74.4956066805285,0.523256269900041,26.7132010324461,TRUE,0.143992216636939,4.18249832389312,TRUE,3.33532456115929,0.153822989075138,2.56660719122997,TRUE,4,TRUE,no_formulation
BEROCCA CAFFEINE MINERALS ASCORBIC ACID VITAMIN B,Drug Dependence,3,3,258,0,255,42911,43169,169.278431372549,345.694744494066,TRUE,1175.65753424658,1.51315943767189,60.5694339664787,TRUE,0.0179295327665686,5.49434418028711,TRUE,2.75652719247676,0.28569112094327,1.70890559561286,TRUE,4,TRUE,no_formulation
BEROCCA CAFFEINE MINERALS ASCORBIC ACID VITAMIN B EFFERVESCENT TABLET,Dependence,10,16,444,6,434,42719,43169,62.1442972350231,535.290204632927,TRUE,158.822607771975,0.501407173433236,59.4437118266906,TRUE,0.164562533299358,5.04232089208189,TRUE,3.98184055859177,0.095214930467079,3.37704499240239,TRUE,4,TRUE,no_formulation
BEROCCA CAFFEINE MINERALS ASCORBIC ACID VITAMIN B EFFERVESCENT TABLET,Drug Dependence,4,16,258,12,254,42899,43169,42.4734251968504,121.975229446179,TRUE,60.6829862475442,0.553330647625535,20.5145685961145,TRUE,0.0956241747550325,3.83880629674348,TRUE,2.91745078617828,0.222199057451206,1.99354608378492,TRUE,4,TRUE,no_formulation
BEROCCA MULTIVITAMINS CAFFEINE EFFERVESCENT TABLET,Dependence,3,11,444,8,441,42717,43169,26.6901669758813,50.8922915618239,TRUE,39.84045033642,0.636906397997362,11.4334834619764,TRUE,0.113136741643309,2.85976390969515,TRUE,2.51307415756273,0.28569112094327,1.46545256069884,TRUE,4,TRUE,no_formulation
BEROCCA MULTIVITAMINS CAFFEINE EFFERVESCENT TABLET,Drug Dependence,5,11,258,6,253,42905,43169,77.5386273805246,300.964740541194,TRUE,143.21362463966,0.582779903458507,45.6995651872936,TRUE,0.0657416201440849,4.90321633748676,TRUE,3.28121640330533,0.181795017047166,2.44552283656667,TRUE,4,TRUE,no_formulation
BEYOND RAW LIT,Paraesthesia,3,11,621,8,618,42540,43169,19.0458958517211,35.1703364717334,TRUE,28.3212230728993,0.636397412332481,8.13578739752368,TRUE,0.158238550811925,2.37697952630501,TRUE,2.41067249422548,0.28569112094327,1.36305089736159,TRUE,4,TRUE,no_formulation
BIO CLEANSE,Diarrhoea,4,18,3103,14,3099,40052,43169,3.09425979706715,4.05477564768642,TRUE,4.01035205900841,0.539940125733217,1.39179793020415,TRUE,1.29384512034099,0.085466056896838,FALSE,1.3268696673511,0.222199057451206,0.402964964957749,TRUE,3,TRUE,no_formulation
BIOGUARD DAILY IMMUNE SUPPORT,Abdominal Distension,3,4,715,1,712,42453,43169,45.46875,90.9182475408443,TRUE,139.029005847953,0.976630951965372,20.501251246043,TRUE,0.0662512451064421,3.62871494671907,TRUE,2.62784069950015,0.28569112094327,1.58021910263625,TRUE,4,TRUE,no_formulation
BIOGUARD DAILY IMMUNE SUPPORT,Abdominal Pain Upper,4,4,2004,0,2000,41165,43169,21.5825,62.0418814470738,TRUE,185.198450387403,1.49088778566325,9.9670823183225,TRUE,0.185688804466168,2.8838815781798,TRUE,2.71429912943142,0.222199057451206,1.79039442703807,TRUE,4,TRUE,no_formulation
BIOGUARD DAILY IMMUNE SUPPORT,Flatulence,3,4,475,1,472,42693,43169,68.5884533898305,138.584888820421,TRUE,210.832098765432,0.976995791836704,31.0671292911457,TRUE,0.0440130649308532,4.21496369706185,TRUE,2.68564171751969,0.28569112094327,1.63802012065579,TRUE,4,TRUE,no_formulation
BIOGUARD DAILY IMMUNE SUPPORT,Headache,3,4,2348,1,2345,40820,43169,13.8054371002132,25.3244424792001,TRUE,40.6087543523058,0.976131035364959,5.99404717053995,TRUE,0.217563529384512,1.91849900208183,TRUE,2.28617645070284,0.28569112094327,1.23855485383894,TRUE,4,TRUE,no_formulation
BIOGUARD DAILY IMMUNE SUPPORT,Throat Irritation,3,4,777,1,774,42391,43169,41.8265503875969,83.3907846845937,TRUE,127.712717882505,0.976573447109799,18.8346713787498,TRUE,0.0719961083184693,3.50933939329701,TRUE,2.613277685551,0.28569112094327,1.5656560886871,TRUE,4,TRUE,no_formulation
BIOTIN,Hyperhidrosis,3,20,755,17,752,42397,43169,8.60684840425532,13.4592728151747,TRUE,11.268438538206,0.586693815211981,3.56828786224935,TRUE,0.349788042345201,1.23431745285339,TRUE,2.04217997380054,0.28569112094327,0.994558376936638,TRUE,4,TRUE,no_formulation
BIOTRUST IC-5,Dehydration,3,17,879,14,876,42276,43169,8.69298952457696,13.6857937451614,TRUE,11.6425241457993,0.59652691311511,3.61637274771334,TRUE,0.346151173295652,1.24938126734942,TRUE,2.04836757880045,0.28569112094327,1.00074598193655,TRUE,4,TRUE,no_formulation
BIOTRUST IC-5,Hyperhidrosis,3,17,755,14,752,42400,43169,10.1264080100125,16.6154769697898,TRUE,13.6008019246191,0.596684415112118,4.22334430034951,TRUE,0.297319835993421,1.4685321580359,TRUE,2.13412445553811,0.28569112094327,1.08650285867421,TRUE,4,TRUE,no_formulation
BIOTRUST IC-5,Loss Of Consciousness,3,17,995,14,992,42160,43169,7.67647058823529,11.6147169946423,TRUE,10.2535742204465,0.596415189708074,3.18563798238797,TRUE,0.391832101739674,1.07071519007921,TRUE,1.97251088615714,0.28569112094327,0.924889289293237,TRUE,4,TRUE,no_formulation
BIOTRUST LEPTIBURN,Heart Rate Increased,3,10,1482,7,1479,41680,43169,8.75436105476674,14.0337732374212,TRUE,13.1469415343021,0.647879244229889,3.69265543726955,TRUE,0.343301906460655,1.26129372832907,TRUE,2.05323380098744,0.28569112094327,1.00561220412354,TRUE,4,TRUE,no_formulation
BLACK STALLION TABS,Dizziness,4,7,2837,3,2833,40329,43169,8.70596540769502,21.5053293600732,TRUE,18.2997050593663,0.71296158669174,4.52437855960725,TRUE,0.460029187611481,1.57663758229139,TRUE,2.22877482780607,0.222199057451206,1.30487012541272,TRUE,4,TRUE,no_formulation
BLINK NUTRITEARS,Vision Blurred,3,10,479,7,476,42683,43169,27.2010504201681,52.0271501668437,TRUE,41.8026582721231,0.648975872580109,11.7161381712699,TRUE,0.110959253167782,2.88771548451029,TRUE,2.51820685165222,0.28569112094327,1.47058525478832,TRUE,4,TRUE,no_formulation
BLOOD PRESSURE FACTORS,Blood Pressure Increased,3,6,1929,3,1926,41237,43169,11.2053478712357,19.4512782749552,TRUE,21.4053983908643,0.756288236881859,4.86135986886702,TRUE,0.268109059741944,1.61754594847768,TRUE,2.18797185081832,0.28569112094327,1.14035025395443,TRUE,4,TRUE,no_formulation
BODYDYNAMIX SLIMVANCE THERMOGENIC,Chest Pain,4,22,1313,18,1309,41838,43169,5.99305507326898,12.3582722686312,TRUE,7.77161697780255,0.526368528651707,2.76985765785411,TRUE,0.669137575575066,1.03639762955664,TRUE,1.94448029576297,0.222199057451206,1.02057559336962,TRUE,4,TRUE,no_formulation
BODYDYNAMIX SLIMVANCE THERMOGENIC,Feeling Abnormal,3,22,639,19,636,42511,43169,9.25107204116638,14.7436565042539,TRUE,11.9878542510121,0.581885686326721,3.8320428656226,TRUE,0.325650350946281,1.33736940125256,TRUE,2.08375206308604,0.28569112094327,1.03613046622214,TRUE,4,TRUE,no_formulation
BODYDYNAMIX SLIMVANCE THERMOGENIC,Heart Rate Increased,4,22,1482,18,1478,41669,43169,5.30778693566244,10.3346299253315,TRUE,6.85547806853184,0.526285697906808,2.44373616366111,TRUE,0.75526419421344,0.86180378225539,FALSE,1.84193396270974,0.222199057451206,0.918029260316386,TRUE,3,TRUE,no_formulation
BP COMPLETE 120,Blood Pressure Increased,3,5,1929,2,1926,41238,43169,13.4467289719626,24.2849725304512,TRUE,29.9682844536725,0.828406670025989,5.90891699069106,TRUE,0.22342421645162,1.88021001941905,TRUE,2.27444112427351,0.28569112094327,1.22681952740961,TRUE,4,TRUE,no_formulation
BULLETPROOF BRAIN OCTANE OIL,Dizziness,3,6,2837,3,2834,40329,43169,7.6152081863091,12.0373964901348,TRUE,14.2280825542424,0.75617865817622,3.23202050911907,TRUE,0.394310732238412,1.06162577937022,TRUE,1.96850682762823,0.28569112094327,0.920885230764332,TRUE,4,TRUE,no_formulation
BURN,Asthenia,3,24,1267,21,1264,41881,43169,4.2667128164557,4.71829190797359,TRUE,5.39179011834809,0.577096713667316,1.73979604254142,TRUE,0.70439435706178,0.225130054431015,FALSE,1.53904706831285,0.28569112094327,0.491425471448947,TRUE,3,TRUE,no_formulation
BURN,Blood Pressure Increased,4,24,1929,20,1925,41220,43169,3.73549783549784,5.75525614681008,TRUE,4.6992482155411,0.521101060664119,1.69222539228077,TRUE,1.07243623896778,0.356159805584008,FALSE,1.51692348328209,0.222199057451206,0.593018780888736,TRUE,3,TRUE,no_formulation
BURN,Colitis,3,24,134,21,131,43014,43169,41.168893129771,79.2594315573866,TRUE,53.2498894685649,0.582969745641595,16.9857545891377,TRUE,0.074497903588223,3.46028929775449,TRUE,2.60698138863127,0.28569112094327,1.55935979176737,TRUE,4,TRUE,no_formulation
BURN,Dehydration,7,24,879,17,872,42273,43169,14.4311448776758,75.5243168219218,TRUE,20.7647155137126,0.43777388885464,8.80410732925727,TRUE,0.488684009358568,2.7515917959414,TRUE,2.9233091917305,0.133310168562317,2.20768055650899,TRUE,4,TRUE,no_formulation
BURN,Diarrhoea,10,24,3103,14,3093,40052,43169,5.81218342493803,37.7748818560732,TRUE,9.37563746008037,0.405649896037348,4.23354951087464,TRUE,1.72512682712131,1.65505601883317,TRUE,2.23842985405058,0.095214930467079,1.6336342878612,TRUE,4,TRUE,no_formulation
BURN,Haematemesis,3,24,154,21,151,42994,43169,35.716059602649,68.3669071843762,TRUE,46.1987105687313,0.582108093463906,14.7614643468315,TRUE,0.0856169936760175,3.26045488742771,TRUE,2.57932559799447,0.28569112094327,1.53170400113057,TRUE,4,TRUE,no_formulation
BURN,Heart Rate Increased,4,24,1482,20,1478,41667,43169,4.86524582769508,9.00579597445414,TRUE,6.18635400084133,0.521251446735621,2.2270839035353,TRUE,0.823924575505571,0.736327730356472,FALSE,1.76510406784976,0.222199057451206,0.841199365456409,TRUE,3,TRUE,no_formulation
BURN,Nausea,13,24,3887,11,3874,39271,43169,6.03257829977629,54.3905681957981,TRUE,11.8986517194364,0.401639337454617,5.41521178991832,TRUE,2.16099515856286,1.83268536372222,TRUE,2.34292161665253,0.0740509093030578,1.80956060084933,TRUE,4,TRUE,no_formulation
BURN,Vomiting,11,24,3595,13,3584,39561,43169,5.51751999627976,39.4675838812333,TRUE,9.40174000196319,0.401665099119286,4.27862281006338,TRUE,1.99865644328106,1.62783009615867,TRUE,2.20240940663241,0.0869333569681142,1.62451392808226,TRUE,4,TRUE,no_formulation
CALCIUM CARBONATE,Blood Bicarbonate Increased,3,20,8,17,5,43144,43169,1294.47,1682.38384143939,TRUE,1568.89090909091,0.724360754459177,379.318849379607,TRUE,0.00370636336259816,7.6678102029056,TRUE,2.79670006015241,0.28569112094327,1.74907846328851,TRUE,4,TRUE,no_formulation
CALCIUM CARBONATE,Blood Calcium Increased,4,20,123,16,119,43030,43169,72.5193277310925,208.715674788309,TRUE,98.2057816660327,0.539647776790886,34.1019800147795,TRUE,0.0569853366999467,4.58208268570551,TRUE,3.01421374892366,0.222199057451206,2.09030904653031,TRUE,4,TRUE,no_formulation
CALCIUM CARBONATE,Blood Creatinine Increased,3,20,164,17,161,42988,43169,40.2009316770186,77.6648792043833,TRUE,53.2365325077399,0.590823455320398,16.7220948440019,TRUE,0.0759804489332623,3.43199050794285,TRUE,2.60326317525262,0.28569112094327,1.55564157838872,TRUE,4,TRUE,no_formulation
CALCIUM CARBONATE,Milk-Alkali Syndrome,3,20,13,17,10,43139,43169,647.235,1033.51228028644,TRUE,821.704761904762,0.661905143284878,224.538476330142,TRUE,0.00602284046422201,7.01536166405222,TRUE,2.79008051131238,0.28569112094327,1.74245891444849,TRUE,4,TRUE,no_formulation
CALCIUM CARBONATE,Nephrolithiasis,3,20,561,17,558,42591,43169,11.5991935483871,19.5700822481662,TRUE,15.2521038495971,0.587086988457188,4.82604336812636,TRUE,0.259908730802196,1.66230239362139,TRUE,2.20345686355467,0.28569112094327,1.15583526669077,TRUE,4,TRUE,no_formulation
CALCIUM CARBONATE (CALCIUM CARBONATE) UNKNOWN,Blood Calcium Increased,4,8,123,4,119,43042,43169,181.348739495798,532.05603571681,TRUE,360.188284518828,0.672930812292405,96.320629320858,TRUE,0.0227941346799787,5.89106140070953,TRUE,3.1056101409568,0.222199057451206,2.18170543856345,TRUE,4,TRUE,no_formulation
CALCIUM CARBONATE (CALCIUM CARBONATE) UNKNOWN,Blood Creatinine Increased,3,8,164,5,161,43000,43169,100.530279503106,201.478014993511,TRUE,169.436251055446,0.688293304878381,43.9662317282391,TRUE,0.0303921795733049,4.7441811041452,TRUE,2.72222351331571,0.28569112094327,1.67460191645181,TRUE,4,TRUE,no_formulation
CALCIUM CARBONATE (CALCIUM CARBONATE) UNKNOWN,Hypercalcaemia,3,8,54,5,51,43110,43169,317.360294117647,620.452471625867,TRUE,532.698146513681,0.697834607529409,135.666423411954,TRUE,0.010007181079015,6.31426811483175,TRUE,2.77876545606839,0.28569112094327,1.73114385920449,TRUE,4,TRUE,no_formulation
CALCIUM CARBONATE (CALCIUM CARBONATE) UNKNOWN,Milk-Alkali Syndrome,3,8,13,5,10,43151,43169,1618.5375,2590.55333101865,TRUE,2615.24242424242,0.750195799065819,601.080164774597,TRUE,0.0024091361856888,8.22468490138858,TRUE,2.80042031742494,0.28569112094327,1.75279872056104,TRUE,4,TRUE,no_formulation
CALCIUM CARBONATE (CALCIUM CARBONATE) UNKNOWN,Renal Failure Acute,3,8,118,5,115,43046,43169,140.742391304348,281.655515553772,TRUE,237.170798898072,0.690082391372847,61.3269302223357,TRUE,0.0218675438393292,5.21279847757585,TRUE,2.74559933676863,0.28569112094327,1.69797773990473,TRUE,4,TRUE,no_formulation
CALCIUM SUPPLEMENT,Hypersensitivity,5,9,2207,4,2202,40958,43169,10.889090725603,37.3891047606426,TRUE,22.7288939336612,0.636017962410595,6.53414672978687,TRUE,0.460121846695545,2.10254168930596,TRUE,2.51814220720279,0.181795017047166,1.68244864046412,TRUE,4,TRUE,no_formulation
CALTRATE 600 + VITAMIN D,Cerebrovascular Accident,3,35,676,32,673,42461,43169,5.49361069836553,7.06787404020076,TRUE,6.78957226885957,0.563907659306282,2.24819783503743,TRUE,0.548078482244203,0.586929727972836,FALSE,1.73960816920408,0.28569112094327,0.691986572340185,TRUE,3,TRUE,no_formulation
CALTRATE 600 + VITAMIN D,Throat Irritation,3,35,777,32,774,42360,43169,4.77674418604651,5.65747041279075,TRUE,5.8901226597805,0.563736001126148,1.95102379978643,TRUE,0.629965947786606,0.386156215668327,FALSE,1.63107562525752,0.28569112094327,0.583454028393617,TRUE,3,TRUE,no_formulation
"CALTRATE 600 + VITAMIN D (CALCIUM CARBONATE, CHOLECALCIFEROL)",Coeliac Disease,3,4,460,1,457,42708,43169,70.839715536105,143.215660195651,TRUE,217.821129326047,0.977031299024474,32.09476305819,TRUE,0.0426231786698789,4.26089192332511,TRUE,2.68933234190559,0.28569112094327,1.64171074504169,TRUE,4,TRUE,no_formulation
"CALTRATE 600 + VITAMIN D (CALCIUM CARBONATE, CHOLECALCIFEROL) TABLET",Blood Pressure Fluctuation,3,71,107,68,104,42994,43169,17.5100216684724,30.8177703319796,TRUE,21.0220025844306,0.556691532753658,7.06006478030263,TRUE,0.175982765410364,2.2239626281153,TRUE,2.37229655235165,0.28569112094327,1.32467495548775,TRUE,4,TRUE,no_formulation
"CALTRATE 600 + VITAMIN D (CALCIUM CARBONATE, CHOLECALCIFEROL) TABLET",Coeliac Disease,12,71,460,59,448,42650,43169,16.2593058350101,154.457811042456,TRUE,19.9781250292759,0.314737705838726,10.7806409710517,TRUE,0.75656142139035,3.19533576800671,TRUE,3.31437499713195,0.0799768352289838,2.76008354832937,TRUE,4,TRUE,no_formulation
"CALTRATE 600 + VITAMIN D (CALCIUM CARBONATE, CHOLECALCIFEROL) TABLET",Constipation,6,71,920,65,914,42184,43169,3.98477517181866,10.7513239386627,TRUE,4.57763596676113,0.412590024746727,2.03909534649889,TRUE,1.5131228427807,0.792151928987726,FALSE,1.69100450849327,0.153822989075138,0.922287138563947,TRUE,3,TRUE,no_formulation
"CALTRATE 600 + VITAMIN D (CALCIUM CARBONATE, CHOLECALCIFEROL) TABLET",Neoplasm Malignant,3,71,198,68,195,42903,43169,9.33867822318527,14.6089369359976,TRUE,11.2130416114399,0.552676418436731,3.79555919455164,TRUE,0.325650350946281,1.33736940125256,TRUE,2.08375206308604,0.28569112094327,1.03613046622214,TRUE,4,TRUE,no_formulation
"CALTRATE 600 + VITAMIN D (CALCIUM CARBONATE, CHOLECALCIFEROL) TABLET",Nephrolithiasis,6,71,561,65,555,42543,43169,6.56231442710316,23.0446331795622,TRUE,7.60013329577233,0.413445298425341,3.37978805241337,TRUE,0.922675994347796,1.50557482713349,TRUE,2.19183258373422,0.153822989075138,1.4231152138049,TRUE,4,TRUE,no_formulation
"CALTRATE 600 + VITAMIN D (CALCIUM CARBONATE, CHOLECALCIFEROL) TABLET",Osteoporosis,4,71,53,67,49,43049,43169,49.5521701638402,134.003371233915,TRUE,57.9791245791246,0.507210297916521,21.4548524405234,TRUE,0.0871690333341055,3.97186358601865,TRUE,2.93807721233344,0.222199057451206,2.01417250994008,TRUE,4,TRUE,no_formulation
"CALTRATE 600 + VITAMIN D (CALCIUM CARBONATE, CHOLECALCIFEROL) TABLET",Pharyngeal Injury,3,71,129,68,126,42972,43169,14.4527162977867,24.7849184474067,TRUE,17.3571160670494,0.555194772036416,5.84636918878731,TRUE,0.212166137737728,1.95468328186788,TRUE,2.29706917725532,0.28569112094327,1.24944758039142,TRUE,4,TRUE,no_formulation
CALTRATE 600 + VITAMIN D CALCIUM CARBONATE CHOLECALCIFEROL TABLET,Malaise,3,10,1895,7,1892,41267,43169,6.8433932346723,10.1234007275962,TRUE,10.1760457948041,0.647765584742477,2.85884003607122,TRUE,0.43897241075772,0.906956658144563,FALSE,1.89820024825417,0.28569112094327,0.850578651390267,TRUE,3,TRUE,no_formulation
CALTRATE 600 PLUS CHEWABLE,Malaise,3,11,1895,8,1892,41266,43169,6.22112242936767,8.81544260732106,TRUE,8.97864635946849,0.635542271492754,2.58360646978086,TRUE,0.482869651833492,0.769556015231412,FALSE,1.83228291789959,0.28569112094327,0.784661321035691,TRUE,3,TRUE,no_formulation
CATALYST,Diarrhoea,4,15,3103,11,3099,40055,43169,3.7133699042702,5.86301366113034,TRUE,5.05690959972506,0.556350916243162,1.6994552352189,TRUE,1.07820426695082,0.348423636381764,FALSE,1.51164105601175,0.222199057451206,0.587736353618394,TRUE,3,TRUE,no_formulation
CATALYST,Pyrexia,3,15,505,12,502,42652,43169,17.192828685259,31.1687824527673,TRUE,23.7665671641791,0.606405623943328,7.24075026777287,TRUE,0.175473140448007,2.2281383721896,TRUE,2.3733846136603,0.28569112094327,1.3257630167964,TRUE,4,TRUE,no_formulation
CATALYST,Vomiting,4,15,3595,11,3591,39563,43169,3.20460410284972,4.42572012978003,TRUE,4.31055814150561,0.556311472987906,1.44874390395168,TRUE,1.24916027705066,0.136158647507827,FALSE,1.36326251074656,0.222199057451206,0.439357808353206,TRUE,3,TRUE,no_formulation
CATALYST - NONSPECIFIC,Blood Pressure Increased,3,5,1929,2,1926,41238,43169,13.4467289719626,24.2849725304512,TRUE,29.9682844536725,0.828406670025989,5.90891699069106,TRUE,0.22342421645162,1.88021001941905,TRUE,2.27444112427351,0.28569112094327,1.22681952740961,TRUE,4,TRUE,no_formulation
CATALYST BOTTLE,Abdominal Pain,5,26,1676,21,1671,41472,43169,4.96512912581135,12.565408495896,TRUE,6.34713980618996,0.478489484858531,2.48473222421771,TRUE,1.00942806180361,0.969679103950949,FALSE,1.86542961789858,0.181795017047166,1.02973605115991,TRUE,3,TRUE,no_formulation
CATALYST BOTTLE,Constipation,3,26,920,23,917,42226,43169,5.42861337136146,6.98664152415459,TRUE,6.85455388718187,0.57391730873965,2.22561950774435,TRUE,0.554101322708425,0.57117226554912,FALSE,1.73134137316286,0.28569112094327,0.683719776298965,TRUE,3,TRUE,no_formulation
CATALYST BOTTLE,Hypoaesthesia,3,26,611,23,608,42535,43169,8.18756325910931,12.5367818417764,TRUE,10.4109687232294,0.574399140277652,3.37716844536849,TRUE,0.367995552363965,1.16118034873952,TRUE,2.01159536667025,0.28569112094327,0.96397376980635,TRUE,4,TRUE,no_formulation
CATALYST BOTTLE,Paraesthesia,3,26,621,23,618,42525,43169,8.0550784167289,12.2681910758018,TRUE,10.2402346101584,0.574376015673468,3.32193531659273,TRUE,0.374018392828187,1.13778119497099,TRUE,2.00161937684975,0.28569112094327,0.953997779985849,TRUE,4,TRUE,no_formulation
CBD,Dyspnoea,3,7,3460,4,3457,39705,43169,5.35088226786231,7.28591664016267,TRUE,8.93190326986422,0.71291718992027,2.2084961572232,TRUE,0.561050754013297,0.553201896606102,FALSE,1.72186125467203,0.28569112094327,0.674239657808129,TRUE,3,TRUE,no_formulation
CELL ACTIVATOR,Asthenia,3,22,1267,19,1264,41883,43169,4.65481156501726,5.48900633470258,TRUE,5.94507811945534,0.581215140168022,1.90290562757592,TRUE,0.645694827306632,0.350596806832216,FALSE,1.61113210986722,0.28569112094327,0.563510513003322,TRUE,3,TRUE,no_formulation
CELL ACTIVATOR,Fatigue,4,22,1718,18,1714,41433,43169,4.57695979632969,8.19720604970815,TRUE,5.87834290983897,0.526197369588495,2.09578473778108,TRUE,0.875535685329751,0.648709578170805,FALSE,1.70993143366718,0.222199057451206,0.786026731273825,TRUE,3,TRUE,no_formulation
CELL ACTIVATOR,Hepatic Enzyme Increased,3,22,563,19,560,42587,43169,10.5065746753247,17.304465866479,TRUE,13.6376632585375,0.582068672396115,4.35785831484976,TRUE,0.28691885380713,1.51984455908777,TRUE,2.15306814264277,0.28569112094327,1.10544654577887,TRUE,4,TRUE,no_formulation
CELL-U-LOSS,Dyspnoea,5,18,3460,13,3455,39696,43169,3.46928766682746,7.04633210340213,TRUE,4.68026281237105,0.506168786819347,1.73544426766703,TRUE,1.44270193889133,0.454591799840846,FALSE,1.50136704775477,0.181795017047166,0.665673481016104,TRUE,3,TRUE,no_formulation
CELLUCOR SUPER HD,Dyspnoea,5,9,3460,4,3455,39705,43169,6.94002251165782,21.5228650127632,TRUE,14.0439717680349,0.635889128062646,4.03840800866265,TRUE,0.721350969445667,1.45424732499004,TRUE,2.17095378348792,0.181795017047166,1.33526021674926,TRUE,4,TRUE,no_formulation
CELLUCOR SUPER HD,Myocardial Infarction,3,9,646,6,643,42517,43169,22.3742871954381,42.1808591439991,TRUE,35.5773713466021,0.664182174438318,9.67855620245386,TRUE,0.134679978688411,2.60899697502884,TRUE,2.46325368417543,0.28569112094327,1.41563208731153,TRUE,4,TRUE,no_formulation
CENTRUM,Death,12,65,1227,53,1215,41889,43169,6.54951566951567,51.9840831374249,TRUE,8.05204965457852,0.315496700174315,4.33860619000897,TRUE,1.8475063124001,1.90767349465285,TRUE,2.41272715251076,0.0799768352289838,1.85843570370818,TRUE,4,TRUE,no_formulation
CENTRUM,Neoplasm Malignant,4,65,198,61,194,42910,43169,13.6729579698652,34.5980490764415,TRUE,16.1428929713462,0.493606196596144,6.13501021863119,TRUE,0.29813060297899,2.20183219643373,TRUE,2.49522825357492,0.222199057451206,1.57132355118156,TRUE,4,TRUE,no_formulation
"CENTRUM (MULTIMINERALS, MULTIVITAMINS)",Coeliac Disease,4,28,460,24,456,42685,43169,13.515350877193,34.7484050705701,TRUE,17.1745758544382,0.51502675310684,6.25873261028575,TRUE,0.298362250689152,2.20071294974007,TRUE,2.49480958962129,0.222199057451206,1.57090488722793,TRUE,4,TRUE,no_formulation
"CENTRUM (MULTIMINERALS, MULTIVITAMINS) TABLET",Coeliac Disease,8,39,460,31,452,42678,43169,19.5734059450874,122.181023226631,TRUE,25.4506533368412,0.389392432287147,11.8642804912591,TRUE,0.415575992031319,3.26170633071956,TRUE,3.21471130267995,0.117623894052513,2.5425030377857,TRUE,4,TRUE,no_formulation
"CENTRUM (MULTIMINERALS, MULTIVITAMINS) TABLET",Diabetes Mellitus,4,39,194,35,190,42940,43169,23.2820512820513,63.4115610932511,TRUE,28.5730287235222,0.505632147095939,10.6060459688877,TRUE,0.175264657508861,2.96707437478314,TRUE,2.73640004565935,0.222199057451206,1.812495343266,TRUE,4,TRUE,no_formulation
"CENTRUM (MULTIMINERALS, MULTIVITAMINS) UNKNOWN",Death,4,17,1227,13,1223,41929,43169,8.30205377326728,19.3939912085667,TRUE,11.4233755619125,0.545103176649054,3.92458070067524,TRUE,0.483193958627719,1.50581233652957,TRUE,2.19437704543257,0.222199057451206,1.27047234303922,TRUE,4,TRUE,no_formulation
CENTRUM ADULTS,Abdominal Pain Upper,3,11,2004,8,2001,41157,43169,5.8822406978329,8.12944797444535,TRUE,8.46725250180012,0.635519682407298,2.43656070680898,TRUE,0.510644212281962,0.688927316315039,FALSE,1.79207972255735,0.28569112094327,0.744458125693453,TRUE,3,TRUE,no_formulation
CENTRUM ADULTS UNDER 50,Death,3,11,1227,8,1224,41934,43169,9.61631016042781,15.7544367261353,TRUE,14.1013859198232,0.63576870881816,4.05587487095287,TRUE,0.312654914406171,1.39605860230886,TRUE,2.10664016029545,0.28569112094327,1.05901856343155,TRUE,4,TRUE,no_formulation
"CENTRUM FLAVOR BURST (MULTIMINERALS, MULTIVITAMINS) CHEWABLE TABLET",Tooth Fracture,3,9,38,6,35,43125,43169,411.047619047619,784.769355187361,TRUE,654.124593716143,0.683924441573699,171.195458875738,TRUE,0.00792235168755357,6.63871976942327,TRUE,2.78467505419472,0.28569112094327,1.73705345733082,TRUE,4,TRUE,no_formulation
CENTRUM MULTIGUMMIES ADULTS 50+,Malaise,3,9,1895,6,1892,41268,43169,7.60394644115574,11.732199198315,TRUE,11.7418758256275,0.663410184352336,3.19912591529796,TRUE,0.395075169681948,1.05883401830712,TRUE,1.96727416990497,0.28569112094327,0.919652573041068,TRUE,4,TRUE,no_formulation
CENTRUM SILVER,Blindness,3,108,176,105,173,42888,43169,6.9140976236352,9.69837303148075,TRUE,8.20081401860224,0.548616408553798,2.79811299362373,TRUE,0.440315967476662,0.902551218346858,FALSE,1.89613740045681,0.28569112094327,0.848515803592916,TRUE,3,TRUE,no_formulation
CENTRUM SILVER,Blood Iron Decreased,3,108,75,105,72,42989,43169,16.6130401234568,28.6182409405898,TRUE,19.6716130086615,0.555886070739706,6.61698569968453,TRUE,0.187634645231532,2.13164563860569,TRUE,2.34764078270991,0.28569112094327,1.30001918584601,TRUE,4,TRUE,no_formulation
CENTRUM SILVER,Cerebrovascular Accident,5,108,676,103,671,42390,43169,2.97103549152729,4.75096067822634,TRUE,3.35463181787116,0.439309470686007,1.41806811161732,TRUE,1.69121360235354,0.225356810392761,FALSE,1.32770149166397,0.181795017047166,0.492007924925303,TRUE,3,TRUE,no_formulation
CENTRUM SILVER,Coeliac Disease,5,108,460,103,455,42606,43169,4.38146113146113,9.8765742245197,TRUE,4.97061147435796,0.440112346845498,2.09787025492096,TRUE,1.15082582408673,0.780608196104127,FALSE,1.73624370673383,0.181795017047166,0.90055013999517,TRUE,3,TRUE,no_formulation
CENTRUM SILVER,Macular Degeneration,5,108,289,103,284,42777,43169,7.01959441836202,19.9133862625258,TRUE,7.9901598702699,0.441608800671731,3.36240845425226,TRUE,0.723018832958836,1.45091705337611,TRUE,2.16898499890354,0.181795017047166,1.33329143216488,TRUE,4,TRUE,no_formulation
CENTRUM SILVER,Neoplasm Malignant,4,108,198,104,194,42867,43169,8.2208858342879,18.354968712859,TRUE,9.49084267106186,0.486781589712745,3.6555095254328,TRUE,0.495355463411244,1.46997583172232,TRUE,2.17664126040294,0.222199057451206,1.25273655800958,TRUE,4,TRUE,no_formulation
"CENTRUM SILVER (MULTIMINERALS, MULTIVITAMINS)",Coeliac Disease,7,46,460,39,453,42670,43169,14.4860831173817,74.558438727811,TRUE,17.8654766722956,0.401096367583703,8.13943927546599,TRUE,0.490166554703607,2.74722471962823,TRUE,2.9211474709253,0.133310168562317,2.20551883570379,TRUE,4,TRUE,no_formulation
"CENTRUM SILVER (MULTIMINERALS, MULTIVITAMINS)",Death,5,46,1227,41,1222,41901,43169,3.83574681562656,8.03205232978151,TRUE,4.54250375736073,0.454704770993715,1.86312837570046,TRUE,1.30746600569853,0.596555999994817,FALSE,1.60546310499968,0.181795017047166,0.769769538261016,TRUE,3,TRUE,no_formulation
"CENTRUM SILVER (MULTIMINERALS, MULTIVITAMINS)",Dysuria,3,46,186,43,183,42940,43169,15.3681397006415,26.8766730395502,TRUE,18.828243916189,0.560513756102529,6.27611473633257,TRUE,0.198197780814937,2.05277202383989,TRUE,2.32564724557761,0.28569112094327,1.27802564871371,TRUE,4,TRUE,no_formulation
"CENTRUM SILVER (MULTIMINERALS, MULTIVITAMINS)",Osteoporosis,4,46,53,42,49,43074,43169,76.5270629991127,210.446222923589,TRUE,92.1379679144385,0.515729454055651,33.530563795319,TRUE,0.0564757117375895,4.5949646251134,TRUE,3.01553437609473,0.222199057451206,2.09162967370138,TRUE,4,TRUE,no_formulation
"CENTRUM SILVER (MULTIMINERALS, MULTIVITAMINS) CHEWABLE TABLET",Abdominal Discomfort,3,25,905,22,902,42242,43169,5.73977827050998,7.61316076349084,TRUE,7.28094798399508,0.575578349350512,2.35638227032544,TRUE,0.524102944242396,0.651420540842348,FALSE,1.77299417773222,0.28569112094327,0.725372580868324,TRUE,3,TRUE,no_formulation
"CENTRUM SILVER (MULTIMINERALS, MULTIVITAMINS) CHEWABLE TABLET",Coeliac Disease,4,25,460,21,456,42688,43169,15.1382456140351,39.6965062978017,TRUE,19.572403780025,0.520526518196488,7.05607274306588,TRUE,0.266394866686743,2.36401197390837,TRUE,2.55376519839543,0.222199057451206,1.62986049600208,TRUE,4,TRUE,no_formulation
"CENTRUM SILVER (MULTIMINERALS, MULTIVITAMINS) CHEWABLE TABLET",Dysgeusia,8,25,211,17,203,42941,43169,68.0102463054187,447.902496592972,TRUE,102.492874692875,0.42394245880328,44.6505248367663,TRUE,0.122194167110658,5.02477620407565,TRUE,3.77202606604839,0.117623894052513,3.09981780115414,TRUE,4,TRUE,no_formulation
"CENTRUM SILVER (MULTIMINERALS, MULTIVITAMINS) TABLET",Anaemia,5,156,195,151,190,42823,43169,7.25590418353576,20.6086619041614,TRUE,8.16088459239625,0.440104007458009,3.44439652313436,TRUE,0.704672334313975,1.48797981188151,TRUE,2.19079082566222,0.181795017047166,1.35509725892356,TRUE,4,TRUE,no_formulation
"CENTRUM SILVER (MULTIMINERALS, MULTIVITAMINS) TABLET",Blood Iron Decreased,4,156,75,152,71,42942,43169,15.5337667027808,38.6760549388711,TRUE,17.7224578699989,0.492736136497924,6.74681009053763,TRUE,0.271027820889991,2.33916916567923,TRUE,2.54507017868498,0.222199057451206,1.62116547629162,TRUE,4,TRUE,no_formulation
"CENTRUM SILVER (MULTIMINERALS, MULTIVITAMINS) TABLET",Body Height Decreased,3,156,64,153,61,42952,43169,13.5602143757881,22.3690185155258,TRUE,15.9247636450306,0.555438914578635,5.36134612897868,TRUE,0.231277073826125,1.83044876261501,TRUE,2.25886488395761,0.28569112094327,1.21124328709371,TRUE,4,TRUE,no_formulation
"CENTRUM SILVER (MULTIMINERALS, MULTIVITAMINS) TABLET",Breast Cancer,3,156,160,153,157,42856,43169,5.26861832435081,6.43475461082637,TRUE,6.2043431053203,0.546444401313882,2.12594948934444,TRUE,0.578192684565313,0.509809082435862,FALSE,1.69873989589121,0.28569112094327,0.651118299027313,TRUE,3,TRUE,no_formulation
"CENTRUM SILVER (MULTIMINERALS, MULTIVITAMINS) TABLET",Cerebrovascular Accident,7,156,676,149,669,42344,43169,2.88500824038941,6.87015690591309,TRUE,3.17297389106332,0.376217442898385,1.51783214435167,TRUE,2.44286409228845,0.430805469678135,FALSE,1.34966967851164,0.133310168562317,0.634041043290133,TRUE,3,TRUE,no_formulation
"CENTRUM SILVER (MULTIMINERALS, MULTIVITAMINS) TABLET",Coeliac Disease,28,156,460,128,432,42581,43169,17.8710232668566,407.400884621241,TRUE,21.8361755246171,0.212615718071131,14.3944283962247,TRUE,1.66230396812528,3.58198258762136,TRUE,3.72032066848263,0.0350645545272294,3.35330024306764,TRUE,4,TRUE,no_formulation
"CENTRUM SILVER (MULTIMINERALS, MULTIVITAMINS) TABLET",Fall,5,156,418,151,413,42600,43169,3.33806729993171,5.99594914306043,TRUE,3.74015188701458,0.436876064202066,1.58859366316682,TRUE,1.51052838842688,0.388327242564095,FALSE,1.45185691166912,0.181795017047166,0.61616334493045,TRUE,3,TRUE,no_formulation
"CENTRUM SILVER (MULTIMINERALS, MULTIVITAMINS) TABLET",Neoplasm Malignant,5,156,198,151,193,42820,43169,7.14311810814401,20.1820331414383,TRUE,8.0337964028961,0.440011538304309,3.39137206553945,TRUE,0.715513447149575,1.46596418989475,TRUE,2.17786576473697,0.181795017047166,1.34217219799831,TRUE,4,TRUE,no_formulation
"CENTRUM SILVER (MULTIMINERALS, MULTIVITAMINS) TABLET",Osteoporosis,3,156,53,153,50,42963,43169,16.5434615384615,27.9593552431562,TRUE,19.3984906633986,0.55861811594674,6.49026755067195,TRUE,0.19152632676226,2.10208289772165,TRUE,2.33949884038285,0.28569112094327,1.29187724351895,TRUE,4,TRUE,no_formulation
"CENTRUM SILVER (MULTIMINERALS, MULTIVITAMINS) TABLET",Throat Irritation,7,156,777,149,770,42243,43169,2.50658508158508,4.96187476432405,TRUE,2.75047258979206,0.375957214797639,1.31639456151114,TRUE,2.8078482244203,0.229940568027834,FALSE,1.18099755544623,0.133310168562317,0.465368920224722,TRUE,3,TRUE,no_formulation
"CENTRUM SILVER (MULTIMINERALS, MULTIVITAMINS) TABLET",Weight Decreased,6,156,662,150,656,42357,43169,2.5218691369606,4.1148984786359,TRUE,2.78658596756686,0.402538830343722,1.26597309500879,TRUE,2.39227223238898,0.13142019589325,FALSE,1.16823636715447,0.153822989075138,0.399518997225149,TRUE,3,TRUE,no_formulation
CENTRUM SILVER ADULTS 50+,Cataract,5,70,156,65,151,42948,43169,20.387417218543,71.6802060745616,TRUE,23.8043735671277,0.451341667871418,9.82804131142438,TRUE,0.252959299497324,2.96476843640155,TRUE,2.86878783003559,0.181795017047166,2.03309426329693,TRUE,4,TRUE,no_formulation
CENTRUM SILVER ADULTS 50+,Throat Irritation,4,70,777,66,773,42326,43169,3.18602846054334,4.06226500036105,TRUE,3.70290788380129,0.488442695605419,1.42158257737098,TRUE,1.25993189557321,0.123774894713165,FALSE,1.3544053997501,0.222199057451206,0.430500697356749,TRUE,3,TRUE,no_formulation
CENTRUM SILVER ADULTS 50+,Visual Impairment,4,70,307,66,303,42796,43169,8.12805280528053,18.2648455247203,TRUE,9.54202227149422,0.490487589567717,3.64862274258038,TRUE,0.497810929138966,1.46284703863906,TRUE,2.1730866248905,0.222199057451206,1.24918192249714,TRUE,4,TRUE,no_formulation
"CENTRUM SILVER ADULTS 50+ (MULTIMINERALS, MULTIVITAMINS) TABLET",Condition Aggravated,3,62,320,59,317,42790,43169,6.57988195787117,9.13947175870288,TRUE,7.92783696155628,0.55289599779321,2.68237897028688,TRUE,0.459589056962172,0.840793246199231,FALSE,1.86686631153999,0.28569112094327,0.819244714676092,TRUE,3,TRUE,no_formulation
"CENTRUM SILVER ADULTS 50+ (MULTIMINERALS, MULTIVITAMINS) TABLET",Cough,4,62,729,58,725,42382,43169,3.83599555061179,5.85420871164897,TRUE,4.49371786036155,0.49063040439026,1.71780067927225,TRUE,1.04700132039195,0.390777161669399,FALSE,1.54045057329007,0.222199057451206,0.61654587089672,TRUE,3,TRUE,no_formulation
"CENTRUM SILVER ADULTS 50+ (MULTIMINERALS, MULTIVITAMINS) TABLET",Oesophageal Pain,3,62,54,59,51,43056,43169,40.8984819734345,75.8685777457158,TRUE,49.1793260993718,0.56741669822848,16.1728935867203,TRUE,0.0775556533623665,3.40251909677127,TRUE,2.59932304537497,0.28569112094327,1.55170144851107,TRUE,4,TRUE,no_formulation
"CENTRUM SILVER ADULTS 50+ (MULTIMINERALS, MULTIVITAMINS) TABLET",Throat Irritation,8,62,777,54,769,42338,43169,7.23302151935903,37.244788702698,TRUE,8.58122455305781,0.370565577193194,4.15066305520547,TRUE,1.11593967893627,1.83738187114455,TRUE,2.3950894962075,0.117623894052513,1.72288123131326,TRUE,4,TRUE,no_formulation
CENTRUM SILVER ADULTS 50+ MULTIMINERALS MULTIVITAMIN,Malaise,4,18,1895,14,1891,41260,43169,5.07092073564839,9.72427464319773,TRUE,6.76975033498318,0.540130221946215,2.34857549751144,TRUE,0.790150339363895,0.796687048309272,FALSE,1.8023858108193,0.222199057451206,0.878481108425943,TRUE,3,TRUE,no_formulation
CENTRUM SILVER MEN'S 50+,Cough,5,95,729,90,724,42350,43169,3.13128816516429,5.32829815949269,TRUE,3.55250143936188,0.440762725621193,1.4974400906152,TRUE,1.6042762167296,0.301477209407313,FALSE,1.3861075269583,0.181795017047166,0.550413960219635,TRUE,3,TRUE,no_formulation
CENTRUM SILVER MEN'S 50+,Death,7,95,1227,88,1220,41854,43169,2.60153580672994,5.5157501307872,TRUE,2.90617904582034,0.381413157865181,1.37612198338583,TRUE,2.70020153350784,0.286331375554686,FALSE,1.2287278335468,0.133310168562317,0.513099198325288,TRUE,3,TRUE,no_formulation
CENTRUM SILVER MEN'S 50+,Neuropathy Peripheral,6,95,226,89,220,42854,43169,12.3657416267943,50.6963842568602,TRUE,14.1149115139538,0.411798276305641,6.29721310468444,TRUE,0.497347633718641,2.39668379021729,TRUE,2.70427135752668,0.153822989075138,1.93555398759736,TRUE,4,TRUE,no_formulation
CENTRUM SILVER MEN'S 50+,Pneumonia,3,95,221,92,218,42856,43169,6.23959439884114,8.3987052607675,TRUE,7.42149792813408,0.548748657626911,2.53155451019997,TRUE,0.486344367485927,0.759218949866889,FALSE,1.82719158684694,0.28569112094327,0.779569989983042,TRUE,3,TRUE,no_formulation
CENTRUM SILVER MEN'S 50+,Prostate Cancer,3,95,97,92,94,42980,43169,14.470548712206,24.6017902796818,TRUE,17.2094094094094,0.554193444089775,5.80800502383793,TRUE,0.213463364914638,1.94590342313675,TRUE,2.29444366518774,0.28569112094327,1.24682206832384,TRUE,4,TRUE,no_formulation
CENTRUM SILVER MEN'S 50+,Vitamin B12 Increased,5,95,50,90,45,43029,43169,50.3789473684211,175.736126523552,TRUE,57.4736810151175,0.463539822909997,23.1683950741533,TRUE,0.110032662327133,4.16319471575225,TRUE,3.17247322410182,0.181795017047166,2.33677965736316,TRUE,4,TRUE,no_formulation
CENTRUM SILVER MEN'S 50+,Vitamin B6 Increased,4,95,95,91,91,42983,43169,19.9301330248699,52.0328642041012,TRUE,23.1031980650363,0.49406822450003,8.77228510992615,TRUE,0.209062058421553,2.71313595960531,TRUE,2.66594119600321,0.222199057451206,1.74203649360985,TRUE,4,TRUE,no_formulation
"CENTRUM SILVER MEN'S 50+ (MULTIMINERALS, MULTIVITAMINS) TABLET",Blood Disorder,3,75,62,72,59,43035,43169,29.2162711864407,53.2995828038001,TRUE,34.9172413793104,0.562438750871471,11.5953108328822,TRUE,0.107716185225509,2.93037595148094,TRUE,2.52588530144239,0.28569112094327,1.47826370457849,TRUE,4,TRUE,no_formulation
"CENTRUM SILVER MEN'S 50+ (MULTIMINERALS, MULTIVITAMINS) TABLET",Coeliac Disease,17,75,460,58,443,42651,43169,22.0496012039127,312.323796399515,TRUE,28.7688742423804,0.276613650246925,16.7287917653715,TRUE,0.799184600060228,3.76128155714697,TRUE,3.75167658025476,0.0571196923718409,3.28324194210802,TRUE,4,TRUE,no_formulation
"CENTRUM SILVER MEN'S 50+ (MULTIMINERALS, MULTIVITAMINS) TABLET",Vision Blurred,4,75,479,71,475,42619,43169,4.83862456140351,8.66332459015888,TRUE,5.64110652754186,0.488195400498607,2.16672596022337,TRUE,0.832194398758368,0.721925420823641,FALSE,1.75612038024867,0.222199057451206,0.832215677855315,TRUE,3,TRUE,no_formulation
"CENTRUM SILVER MEN'S 50+ (MULTIMINERALS, MULTIVITAMINS) TABLET",Visual Impairment,3,75,307,72,304,42790,43169,5.67026315789474,7.31598680599052,TRUE,6.78406658739596,0.550286135647016,2.30715667078448,TRUE,0.533368852648892,0.626153645086541,FALSE,1.75999961760855,0.28569112094327,0.712378020744651,TRUE,3,TRUE,no_formulation
"CENTRUM SILVER MEN'S 50+ (MULTIMINERALS, MULTIVITAMINS) TABLET",Weight Decreased,4,75,662,71,658,42436,43169,3.49292806484296,4.88435023972602,TRUE,4.05592812654316,0.487596558348868,1.55969500337206,TRUE,1.15013088095624,0.255284943024966,FALSE,1.4473445443542,0.222199057451206,0.523439841960842,TRUE,3,TRUE,no_formulation
CENTRUM SILVER MEN'S 50+ MULTIMINERALS MULTIVITAMINS TABLET,Coeliac Disease,3,9,460,6,457,42703,43169,31.4806710430343,60.9283005554295,TRUE,50.2605296343001,0.664657542795133,13.6602654427127,TRUE,0.0959021520072274,3.09740926140573,TRUE,2.55420755941698,0.28569112094327,1.50658596255308,TRUE,4,TRUE,no_formulation
"CENTRUM SILVER MEN'S 50+ MULTIMINERALS, MULTIVITAMINS TABLET",Coeliac Disease,3,11,460,8,457,42701,43169,25.7557191167694,48.9727969986149,TRUE,38.4327225972356,0.636844215855518,11.0308355690007,TRUE,0.117213741342167,2.80884211294815,TRUE,2.50351283522829,0.28569112094327,1.45589123836439,TRUE,4,TRUE,no_formulation
CENTRUM SILVER MULTIMINERALS MULTIVITAMINS,Coeliac Disease,4,26,460,22,456,42687,43169,14.5556680161943,37.9194473914262,TRUE,18.7020810514786,0.51853705097321,6.76865356068343,TRUE,0.277050661354213,2.30750013245373,TRUE,2.53384443527475,0.222199057451206,1.60993973288139,TRUE,4,TRUE,no_formulation
CENTRUM SILVER MULTIMINERALS MULTIVITAMINS CHEWABLE TABLET,Mastication Disorder,3,14,23,11,20,43135,43169,462.375,833.629424596444,TRUE,640.399787910923,0.649210657660203,179.403912990184,TRUE,0.0074590562672288,6.72192499391016,TRUE,2.78599159209174,0.28569112094327,1.73836999522784,TRUE,4,TRUE,no_formulation
CENTRUM SILVER MULTIMINERALS MULTIVITAMINS TABLET,Hypertension,4,37,735,33,731,42401,43169,6.37882205050468,13.3133525505646,TRUE,7.78636210607931,0.50345169238054,2.90260450285873,TRUE,0.629965947786606,1.12338046965068,TRUE,1.99364570464222,0.222199057451206,1.06974100224887,TRUE,4,TRUE,no_formulation
CENTRUM SILVER MULTIMINERALS MULTIVITAMINS TABLET,Weight Decreased,3,37,662,34,659,42473,43169,5.30681212320059,6.6908469224516,TRUE,6.53359484018415,0.562351880302988,2.17004437777814,TRUE,0.567397901271746,0.536982275091731,FALSE,1.71325684225713,0.28569112094327,0.665635245393233,TRUE,3,TRUE,no_formulation
"CENTRUM SILVER MULTIMINERALS, MULTIVITAMINS TABLET",Coeliac Disease,3,10,460,7,457,42702,43169,28.3319474835886,54.3517074774219,TRUE,43.5581056466302,0.649043010308273,12.2065355429581,TRUE,0.106557946674697,2.94592280005773,TRUE,2.52863753913946,0.28569112094327,1.48101594227557,TRUE,4,TRUE,no_formulation
CENTRUM SILVER MULTIVITAMIN MULTIMINERAL SUPPLEMENT,Cerebrovascular Accident,3,9,676,6,673,42487,43169,21.3769192669638,40.124343666822,TRUE,33.9686482782251,0.664130075278525,9.24185887346164,TRUE,0.140934466862795,2.5436713024628,TRUE,2.44910616269892,0.28569112094327,1.40148456583502,TRUE,4,TRUE,no_formulation
CENTRUM SILVER ULTRA WOMEN'S,Dyspnoea,5,23,3460,18,3455,39691,43169,2.71478009186434,4.1640671060655,TRUE,3.41489673728134,0.485990559479829,1.31732841545084,TRUE,1.84345247747226,0.101029741948379,FALSE,1.23079607972403,0.181795017047166,0.395102512985369,TRUE,3,TRUE,no_formulation
CENTRUM SILVER ULTRA WOMEN'S,Throat Irritation,3,23,777,20,774,42372,43169,7.27098078867543,10.7097810099749,TRUE,9.34064463304414,0.57949074998296,2.99988333152339,TRUE,0.413977622831198,0.991465817513945,FALSE,1.9371241731339,0.28569112094327,0.889502576269997,TRUE,3,TRUE,no_formulation
CENTRUM SILVER ULTRA WOMEN'S (MULTIMINERALS MULTIVITAMINS) TABLET,Oesophageal Injury,4,5,87,1,83,43081,43169,416.038554216868,1211.26993831817,TRUE,1547.83832335329,0.94915127804399,240.874993909768,TRUE,0.0100766753920638,7.04183953069947,TRUE,3.14113896514111,0.222199057451206,2.21723426274776,TRUE,4,TRUE,no_formulation
"CENTRUM SILVER ULTRA WOMEN'S (MULTIMINERALS, MULTIVITAMINS) TABLET",Cardiac Disorder,3,73,295,70,292,42804,43169,6.06530305873522,8.09651189283659,TRUE,7.26511486937019,0.550763877106971,2.46844132541197,TRUE,0.498853343834696,0.722607029258648,FALSE,1.80901014638895,0.28569112094327,0.761388549525051,TRUE,3,TRUE,no_formulation
"CENTRUM SILVER ULTRA WOMEN'S (MULTIMINERALS, MULTIVITAMINS) TABLET",Chest Discomfort,4,73,586,69,582,42514,43169,4.05743068304853,6.45124409595936,TRUE,4.72572945935097,0.488212014410851,1.81507426405788,TRUE,0.990942574532651,0.470140210229419,FALSE,1.59370030990575,0.222199057451206,0.669795607512398,TRUE,3,TRUE,no_formulation
"CENTRUM SILVER ULTRA WOMEN'S (MULTIMINERALS, MULTIVITAMINS) TABLET",Coeliac Disease,6,73,460,67,454,42642,43169,7.80206384647879,29.0237973029597,TRUE,9.03479607219981,0.413381953483266,4.01828310901473,TRUE,0.777873010725289,1.75176403642232,TRUE,2.34669524328005,0.153822989075138,1.57797787335074,TRUE,4,TRUE,no_formulation
"CENTRUM SILVER ULTRA WOMEN'S (MULTIMINERALS, MULTIVITAMINS) TABLET",Feeling Abnormal,6,73,639,67,633,42463,43169,5.59579302733234,18.3777777793227,TRUE,6.45473998070683,0.412629434557192,2.87502408013308,TRUE,1.08056707359448,1.27776093127881,TRUE,2.03999745879942,0.153822989075138,1.2712800888701,TRUE,4,TRUE,no_formulation
"CENTRUM SILVER ULTRA WOMEN'S (MULTIMINERALS, MULTIVITAMINS) TABLET",Throat Irritation,15,73,777,58,762,42334,43169,11.6211843382591,134.983920772927,TRUE,14.7106010928962,0.288002157860617,8.36523282468082,TRUE,1.31392897681206,2.816064491949,TRUE,3.0950783411836,0.0644929642612418,2.59732722716577,TRUE,4,TRUE,no_formulation
CENTRUM SILVER ULTRA WOMEN'S MULTIMINERALS MULTIVITAMINS TABLET,Drug Intolerance,3,20,30,17,27,43122,43169,239.716666666667,445.206494180124,TRUE,313.618181818182,0.615827872843467,93.7989473585548,TRUE,0.0138988626097431,5.85384721358739,TRUE,2.76779855785327,0.28569112094327,1.72017696098937,TRUE,4,TRUE,no_formulation
CENTRUM SILVER ULTRA WOMEN'S MULTIMINERALS MULTIVITAMINS TABLET,Oesophageal Injury,5,20,87,15,82,43067,43169,131.551829268293,494.663778391547,TRUE,185.236559139785,0.508408047080888,68.3850295205156,TRUE,0.040306701568255,5.60426427553396,TRUE,3.34758113731662,0.181795017047166,2.51188757057796,TRUE,4,TRUE,no_formulation
CENTRUM SILVER ULTRA WOMENS MULTIMINERALS MULTIVITAMINS TABLET,Cough,4,49,729,45,725,42395,43169,4.8551724137931,8.78989732907591,TRUE,5.77940942586015,0.495582678633122,2.18793779019509,TRUE,0.827468785471056,0.730137698324689,FALSE,1.7612470640103,0.222199057451206,0.837342361616944,TRUE,3,TRUE,no_formulation
CENTRUM SILVER ULTRA WOMENS MULTIMINERALS MULTIVITAMINS TABLET,Oesophageal Injury,5,49,87,44,82,43038,43169,53.6585365853659,196.778579083452,TRUE,64.4771535580524,0.465225256260091,25.9058665397555,TRUE,0.0987514188422247,4.31873872020785,TRUE,3.19940254396316,0.181795017047166,2.3637089772245,TRUE,4,TRUE,no_formulation
CENTRUM SILVER ULTRA WOMENS MULTIMINERALS MULTIVITAMINS TABLET,Throat Irritation,8,49,777,41,769,42351,43169,9.15474642392718,50.6286084015913,TRUE,11.2727792260661,0.378241459175834,5.37112638461891,TRUE,0.881952326901249,2.17675018451562,TRUE,2.62075499320105,0.117623894052513,1.9485467283068,TRUE,4,TRUE,no_formulation
CENTRUM SILVER ULTRA WOMENS MULTIMINERALS MULTIVITAMINS TABLET,Vitamin D Decreased,3,49,30,46,27,43093,43169,97.7777777777778,178.9029732256,TRUE,117.948973607038,0.586179583214738,37.3876382153439,TRUE,0.0340522133938706,4.58187220294584,TRUE,2.71230221824948,0.28569112094327,1.66468062138558,TRUE,4,TRUE,no_formulation
CENTRUM SILVER WOMEN 50+,Coeliac Disease,3,53,460,50,457,42659,43169,5.34032451178729,6.71112542887536,TRUE,6.46251149705134,0.554730114289337,2.17874058131591,TRUE,0.564757117375895,0.543708447445282,FALSE,1.71683054843271,0.28569112094327,0.669208951568814,TRUE,3,TRUE,no_formulation
CENTRUM SILVER WOMEN 50+,Discomfort,3,53,237,50,234,42882,43169,10.4296081277213,16.8839608463675,TRUE,12.6740062065908,0.556600375289436,4.2572201700639,TRUE,0.290972688734972,1.49962769798616,TRUE,2.14565513578275,0.28569112094327,1.09803353891885,TRUE,4,TRUE,no_formulation
"CENTRUM SILVER WOMEN'S 50 + (MULTIMINERALS, MULTIVITAMINS) TABLET",Oesophageal Injury,3,13,87,10,84,43072,43169,118.56043956044,234.123881751215,TRUE,169.91124260355,0.626745496312959,49.7422675603399,TRUE,0.0261993560193657,4.95576371923248,TRUE,2.73367353405925,0.28569112094327,1.68605193719535,TRUE,4,TRUE,no_formulation
"CENTRUM SILVER WOMEN'S 50 + (MULTIMINERALS, MULTIVITAMINS) TABLET",Throat Irritation,3,13,777,10,774,42382,43169,12.8670244484198,22.3537897825611,TRUE,18.2408005164622,0.618277551897726,5.42944473477288,TRUE,0.233987352035025,1.81366533691031,TRUE,2.2535278139767,0.28569112094327,1.2059062171128,TRUE,4,TRUE,no_formulation
CENTRUM SILVER WOMEN'S 50 PLUS MULTIMINERALS MULTIVITAMINS TABLET,Throat Irritation,3,13,777,10,774,42382,43169,12.8670244484198,22.3537897825611,TRUE,18.2408005164622,0.618277551897726,5.42944473477288,TRUE,0.233987352035025,1.81366533691031,TRUE,2.2535278139767,0.28569112094327,1.2059062171128,TRUE,4,TRUE,no_formulation
CENTRUM SILVER WOMEN'S 50+,Body Height Decreased,6,133,64,127,58,42978,43169,33.4736842105263,143.26457438727,TRUE,37.4540305010893,0.422855265596575,16.3514733613948,TRUE,0.197178530890222,3.72991605553666,TRUE,3.22083966963357,0.153822989075138,2.45212229970425,TRUE,4,TRUE,no_formulation
CENTRUM SILVER WOMEN'S 50+,Cerebrovascular Accident,6,133,676,127,670,42366,43169,2.89772191673213,5.71393109242166,TRUE,3.22126888040824,0.403985543016043,1.45930993957388,TRUE,2.08269823252797,0.331317064606542,FALSE,1.33156063212555,0.153822989075138,0.562843262196228,TRUE,3,TRUE,no_formulation
CENTRUM SILVER WOMEN'S 50+,Condition Aggravated,4,133,320,129,316,42720,43169,4.09593604263824,6.47902103821939,TRUE,4.69035115006679,0.482832471538409,1.82058123050008,TRUE,0.985892654451111,0.477508524257863,FALSE,1.59859510661893,0.222199057451206,0.674690404225574,TRUE,3,TRUE,no_formulation
CENTRUM SILVER WOMEN'S 50+,Dysphonia,3,133,180,130,177,42859,43169,5.48438893844781,6.87442214786316,TRUE,6.47599158167395,0.54684024708346,2.21731022649352,TRUE,0.55456461812875,0.569967251897995,FALSE,1.73070742351424,0.28569112094327,0.683085826650346,TRUE,3,TRUE,no_formulation
CENTRUM SILVER WOMEN'S 50+,Glaucoma,3,133,58,130,55,42981,43169,17.6497607655502,30.2887590843468,TRUE,20.7704601152877,0.558048747695947,6.95705494726843,TRUE,0.178693043619264,2.20195606781899,TRUE,2.36652379089478,0.28569112094327,1.31890219403088,TRUE,4,TRUE,no_formulation
CENTRUM SILVER WOMEN'S 50+,Macular Degeneration,7,133,289,126,282,42754,43169,8.0321015304218,35.6899570509785,TRUE,8.97292665011018,0.380528164572522,4.25619977779504,TRUE,0.890384303551159,1.88652425534869,TRUE,2.43140689525145,0.133310168562317,1.71577826002995,TRUE,4,TRUE,no_formulation
CENTRUM SILVER WOMEN'S 50+,Neoplasm Malignant,5,133,198,128,193,42843,43169,8.38287428415599,24.9969067740941,TRUE,9.47683970279211,0.441351993770623,3.99003893186482,TRUE,0.610021079941625,1.69596387936494,TRUE,2.30884454418942,0.181795017047166,1.47315097745075,TRUE,4,TRUE,no_formulation
CENTRUM SILVER WOMEN'S 50+,Neuropathy Peripheral,4,133,226,129,222,42814,43169,5.83025130393552,11.3841029079575,TRUE,6.6865732506182,0.484212730666827,2.58841202823048,TRUE,0.696286687206097,0.979048006104418,FALSE,1.91136183210096,0.222199057451206,0.987457129707606,TRUE,3,TRUE,no_formulation
CENTRUM SILVER WOMEN'S 50+,Throat Irritation,7,133,777,126,770,42266,43169,2.94162679425837,7.19436989283262,TRUE,3.25232832229983,0.377571171576912,1.55166981400002,TRUE,2.3938706015891,0.460029736381432,FALSE,1.37389018190037,0.133310168562317,0.658261546678866,TRUE,3,TRUE,no_formulation
CENTRUM SILVER WOMEN'S 50+,Vitamin D Increased,3,133,32,130,29,43007,43169,33.4736842105263,58.7172089907719,TRUE,39.1002662510553,0.572100234055614,12.7408430026678,TRUE,0.0985892654451111,3.05768267133144,TRUE,2.54771660985631,0.28569112094327,1.50009501299241,TRUE,4,TRUE,no_formulation
"CENTRUM SILVER WOMEN'S 50+ (MULTIMINERALS, MULTIVITAMINS) TABLET",Apparent Death,4,301,47,297,43,42825,43169,13.2482422931314,30.9574162735657,TRUE,14.8915097073312,0.498593444683145,5.60437801481948,TRUE,0.327712015566726,2.06549846051921,TRUE,2.44272419573417,0.222199057451206,1.51881949334081,TRUE,4,TRUE,no_formulation
"CENTRUM SILVER WOMEN'S 50+ (MULTIMINERALS, MULTIVITAMINS) TABLET",Arthropathy,3,301,34,298,31,42837,43169,13.7824456114029,21.7695992128324,TRUE,15.9454680811465,0.566421879207621,5.25398992023012,TRUE,0.237068266580185,1.79482089746851,TRUE,2.24748477035783,0.28569112094327,1.19986317349393,TRUE,4,TRUE,no_formulation
"CENTRUM SILVER WOMEN'S 50+ (MULTIMINERALS, MULTIVITAMINS) TABLET",Blood Cholesterol Increased,5,301,168,296,163,42705,43169,4.36866885433015,9.56208578027539,TRUE,4.84511451129642,0.437413405416983,2.05574971326355,TRUE,1.17139614074915,0.75505623350046,FALSE,1.71837790883989,0.181795017047166,0.882684342101223,TRUE,3,TRUE,no_formulation
"CENTRUM SILVER WOMEN'S 50+ (MULTIMINERALS, MULTIVITAMINS) TABLET",Body Height Decreased,7,301,64,294,57,42811,43169,17.4900040799674,82.8243699655217,TRUE,18.9613198494132,0.392611234721481,8.78357136789163,TRUE,0.446246148856819,2.88255729877552,TRUE,2.98660316703447,0.133310168562317,2.27097453181297,TRUE,4,TRUE,no_formulation
"CENTRUM SILVER WOMEN'S 50+ (MULTIMINERALS, MULTIVITAMINS) TABLET",Breast Cancer,4,301,160,297,156,42712,43169,3.65175909361956,5.15097624053968,TRUE,4.12825193975354,0.481660415093331,1.6060851670352,TRUE,1.11561537214205,0.299229899336374,FALSE,1.47784122337137,0.222199057451206,0.553936520978019,TRUE,3,TRUE,no_formulation
"CENTRUM SILVER WOMEN'S 50+ (MULTIMINERALS, MULTIVITAMINS) TABLET",Coeliac Disease,20,301,460,281,440,42428,43169,6.47357293868922,84.240340415492,TRUE,7.01434668741923,0.233723345638125,4.43647357482432,TRUE,3.20739419490838,2.04791847994668,TRUE,2.46714648433443,0.0487573230338618,2.03435769962891,TRUE,4,TRUE,no_formulation
"CENTRUM SILVER WOMEN'S 50+ (MULTIMINERALS, MULTIVITAMINS) TABLET",Cough,11,301,729,290,718,42150,43169,2.18190062836043,5.91326580489389,TRUE,2.32234994256777,0.303008870315711,1.28233443407998,TRUE,5.0830225393222,0.28132488990048,FALSE,1.04251557559655,0.0869333569681142,0.464620097046402,TRUE,3,TRUE,no_formulation
"CENTRUM SILVER WOMEN'S 50+ (MULTIMINERALS, MULTIVITAMINS) TABLET",Drug Ineffective,3,301,73,298,70,42798,43169,6.10365448504983,7.8559580790892,TRUE,7.1180845123965,0.550701490768237,2.41878110621888,TRUE,0.508999513539809,0.693578348766268,FALSE,1.79442944316722,0.28569112094327,0.746807846303326,TRUE,3,TRUE,no_formulation
"CENTRUM SILVER WOMEN'S 50+ (MULTIMINERALS, MULTIVITAMINS) TABLET",Drug Intolerance,3,301,30,298,27,42841,43169,15.8242894056848,25.2817803892839,TRUE,18.2665143901325,0.570483433311718,5.97104551166492,TRUE,0.209177882276634,1.97511396448044,TRUE,2.30313547454283,0.28569112094327,1.25551387767893,TRUE,4,TRUE,no_formulation
"CENTRUM SILVER WOMEN'S 50+ (MULTIMINERALS, MULTIVITAMINS) TABLET",Fear,14,301,214,287,200,42668,43169,9.9693023255814,97.7958225267823,TRUE,10.7330499837363,0.278306927287083,6.22047448137125,TRUE,1.49213556023999,2.50518498225505,TRUE,2.86366517230406,0.0689423524703631,2.34903040739777,TRUE,4,TRUE,no_formulation
"CENTRUM SILVER WOMEN'S 50+ (MULTIMINERALS, MULTIVITAMINS) TABLET",Feeling Abnormal,12,301,639,289,627,42241,43169,2.72571492155335,11.3847034697402,TRUE,2.90661189439135,0.291670242454151,1.64101414233751,TRUE,4.4554888924923,0.637826534660731,FALSE,1.33482879371905,0.0799768352289838,0.780537344916467,TRUE,3,TRUE,no_formulation
"CENTRUM SILVER WOMEN'S 50+ (MULTIMINERALS, MULTIVITAMINS) TABLET",Hypothyroidism,4,301,47,297,43,42825,43169,13.2482422931314,30.9574162735657,TRUE,14.8915097073312,0.498593444683145,5.60437801481948,TRUE,0.327712015566726,2.06549846051921,TRUE,2.44272419573417,0.222199057451206,1.51881949334081,TRUE,4,TRUE,no_formulation
"CENTRUM SILVER WOMEN'S 50+ (MULTIMINERALS, MULTIVITAMINS) TABLET",Oesophageal Injury,5,301,87,296,82,42786,43169,8.68406125921724,25.2148070871795,TRUE,9.6203485103991,0.444224545786203,4.02771968961857,TRUE,0.606615858602238,1.70403519008171,TRUE,2.31327711473681,0.181795017047166,1.47758354799815,TRUE,4,TRUE,no_formulation
"CENTRUM SILVER WOMEN'S 50+ (MULTIMINERALS, MULTIVITAMINS) TABLET",Panic Reaction,3,301,33,298,30,42838,43169,14.2418604651163,22.5671930309894,TRUE,16.4686547491556,0.567339931786959,5.41662320124544,TRUE,0.230095670504297,1.83782616492774,TRUE,2.26119749224198,0.28569112094327,1.21357589537809,TRUE,4,TRUE,no_formulation
"CENTRUM SILVER WOMEN'S 50+ (MULTIMINERALS, MULTIVITAMINS) TABLET",Pharyngeal Injury,8,301,129,293,121,42747,43169,9.41610609263886,48.9229419626702,TRUE,10.1893214433438,0.359594298765801,5.03561381810482,TRUE,0.899464893789525,2.1483948557537,TRUE,2.60258754454388,0.117623894052513,1.93037927964963,TRUE,4,TRUE,no_formulation
"CENTRUM SILVER WOMEN'S 50+ (MULTIMINERALS, MULTIVITAMINS) TABLET",Pharyngitis,4,301,135,297,131,42737,43169,4.34865968400497,7.02601936241651,TRUE,4.91596638655462,0.482919794740552,1.90782825606246,TRUE,0.941300470244852,0.544259900788748,FALSE,1.64255387360198,0.222199057451206,0.718649171208622,TRUE,3,TRUE,no_formulation
"CENTRUM SILVER WOMEN'S 50+ (MULTIMINERALS, MULTIVITAMINS) TABLET",Sensation Of Foreign Body,3,301,70,298,67,42801,43169,6.37695244706699,8.3651105529402,TRUE,7.43496494819778,0.551273569063814,2.52362830634369,TRUE,0.488081725312145,0.754078059981777,FALSE,1.82465264332692,0.28569112094327,0.777031046463019,TRUE,3,TRUE,no_formulation
"CENTRUM SILVER WOMEN'S 50+ (MULTIMINERALS, MULTIVITAMINS) TABLET",Skin Discolouration,4,301,148,297,144,42724,43169,3.95607235142119,5.96463638159512,TRUE,4.47233869326277,0.482210936996617,1.73807474611642,TRUE,1.03194421923139,0.411668507975765,FALSE,1.55456123427301,0.222199057451206,0.630656531879652,TRUE,3,TRUE,no_formulation
"CENTRUM SILVER WOMEN'S 50+ (MULTIMINERALS, MULTIVITAMINS) TABLET",Stress,4,301,143,297,139,42729,43169,4.09837711226368,6.34808516650756,TRUE,4.6331797235023,0.482468059644131,1.79967483401791,TRUE,0.997081238851954,0.461233697685974,FALSE,1.58777249032735,0.222199057451206,0.663867787934,TRUE,3,TRUE,no_formulation
"CENTRUM SILVER WOMEN'S 50+ (MULTIMINERALS, MULTIVITAMINS) TABLET",Throat Irritation,72,301,777,229,705,42163,43169,14.5448787728847,826.5735974286,TRUE,18.8796940935599,0.139969830903061,14.349944711549,TRUE,5.41770715096481,3.43615743778932,TRUE,3.6148707862348,0.0137699386772596,3.38487383751034,TRUE,4,TRUE,no_formulation
CENTRUM SILVER WOMEN'S 50+ MULTIMINERALS MULTIVITAMINS TABLET,Arthropathy,3,66,34,63,31,43072,43169,63.2008797653959,115.554035138968,TRUE,75.3674540682415,0.577262129041867,24.3113122143785,TRUE,0.0519817461604392,3.97660959594229,TRUE,2.66466245856335,0.28569112094327,1.61704086169945,TRUE,4,TRUE,no_formulation
CENTRUM SILVER WOMEN'S 50+ MULTIMINERALS MULTIVITAMINS TABLET,Coeliac Disease,4,66,460,62,456,42647,43169,5.72873471557682,11.2586031944824,TRUE,6.72644030668127,0.490342992974665,2.57274599317439,TRUE,0.703282448053001,0.964632332649318,FALSE,1.90294967349464,0.222199057451206,0.979044971101283,TRUE,3,TRUE,no_formulation
CENTRUM SILVER WOMEN'S 50+ MULTIMINERALS MULTIVITAMINS TABLET,Cough,5,66,729,61,724,42379,43169,4.51019169596518,10.4759758623643,TRUE,5.23124442424548,0.446634305650485,2.17982794707223,TRUE,1.1145497926753,0.826802569315737,FALSE,1.76829968432027,0.181795017047166,0.932606117581603,TRUE,3,TRUE,no_formulation
CENTRUM SILVER WOMEN'S 50+ MULTIMINERALS MULTIVITAMINS TABLET,Fear,4,66,214,62,210,42893,43169,12.4395382395382,30.9690665622837,TRUE,14.6714109263658,0.492946375990449,5.58299777755884,TRUE,0.327179225833353,2.06784341539296,TRUE,2.44365314274108,0.222199057451206,1.51974844034772,TRUE,4,TRUE,no_formulation
CENTRUM SILVER WOMEN'S 50+ MULTIMINERALS MULTIVITAMINS TABLET,Oesophageal Injury,4,66,87,62,83,43020,43169,31.4735304855787,85.5327685743057,TRUE,37.0955209580838,0.500221465811471,13.9163187239169,TRUE,0.133012115175242,3.36415280213422,TRUE,2.82961998477088,0.222199057451206,1.90571528237752,TRUE,4,TRUE,no_formulation
CENTRUM SILVER WOMEN'S 50+ MULTIMINERALS MULTIVITAMINS TABLET,Throat Irritation,16,66,777,50,761,42342,43169,13.7308963485048,175.85882139923,TRUE,18.1676667338434,0.285910572336292,10.3735442111742,TRUE,1.18793578725474,3.07957783273795,TRUE,3.2891340975238,0.0605828958350444,2.80670767552775,TRUE,4,TRUE,no_formulation
"CENTRUM SILVER WOMEN'S 50+ MULTIMINERALS, MULTIVITAMINS TABLET",Haemorrhage,3,37,591,34,588,42544,43169,5.94760066188638,7.96077214990402,TRUE,7.33408444460862,0.562514473685445,2.43513991608075,TRUE,0.506544047812087,0.70055016714831,FALSE,1.79794461401139,0.28569112094327,0.750323017147494,TRUE,3,TRUE,no_formulation
"CENTRUM SILVER WOMEN'S 50+ MULTIMINERALS, MULTIVITAMINS TABLET",Throat Irritation,4,37,777,33,773,42359,43169,6.03223663508269,12.2919403529079,TRUE,7.35627936593696,0.503377989952233,2.74267418312102,TRUE,0.665964001945841,1.04325275631566,TRUE,1.94840175408394,0.222199057451206,1.02449705169058,TRUE,4,TRUE,no_formulation
"CENTRUM SILVER WOMENS 50+ (MULTIMINERALS, MULTIVITAMINS) TABLET",Coeliac Disease,6,27,460,21,454,42688,43169,21.1169848262359,95.5063888496821,TRUE,28.3956558446542,0.450090465670912,11.7524162475123,TRUE,0.287706456021682,3.18561311804355,TRUE,3.04470971296735,0.153822989075138,2.27599234303803,TRUE,4,TRUE,no_formulation
"CENTRUM SILVER WOMENS 50+ (MULTIMINERALS, MULTIVITAMINS) TABLET",Oesophageal Injury,3,27,87,24,84,43058,43169,57.0661375661376,110.205350477707,TRUE,72.7954353338969,0.581711402664362,23.2777717379224,TRUE,0.0544140471171443,3.9110603145283,TRUE,2.65831920562874,0.28569112094327,1.61069760876484,TRUE,4,TRUE,no_formulation
"CENTRUM SILVER WOMENS 50+ (MULTIMINERALS, MULTIVITAMINS) TABLET",Throat Irritation,5,27,777,22,772,42370,43169,10.348781423911,33.7837163416058,TRUE,13.4074217907228,0.47705421701406,5.26342604072718,TRUE,0.485973731149668,2.02373674987323,TRUE,2.47981050347822,0.181795017047166,1.64411693673955,TRUE,4,TRUE,no_formulation
CENTRUM SILVER WOMENS 50+ MULTIMINERALS MULTIVITAMIN,Throat Irritation,8,21,777,13,769,42379,43169,21.3749458170785,136.721717597141,TRUE,34.6762688614541,0.439368039769683,14.6566506327881,TRUE,0.377979568671964,3.39839150090832,TRUE,3.27520356872172,0.117623894052513,2.60299530382747,TRUE,4,TRUE,no_formulation
"CENTRUM ULTRA WOMEN'S (MULTIMINERAL, MULTIVITAMIN) TABLET",Nausea,3,6,3887,3,3884,39279,43169,5.55651390319259,7.81352207434021,TRUE,10.1118548075685,0.756116038310404,2.29726904057233,TRUE,0.540248789640715,0.607675150331517,FALSE,1.75042631229099,0.28569112094327,0.702804715427092,TRUE,3,TRUE,no_formulation
"CENTRUM ULTRA WOMEN'S (MULTIMINERALS, MULTIVITAMINS) TABLET",Throat Irritation,10,17,777,7,767,42385,43169,33.0945624664468,281.430881452836,TRUE,77.3155700325733,0.479476749323189,30.2084271478378,TRUE,0.305983460353494,4.14889717059073,TRUE,3.7034952842613,0.095214930467079,3.09869971807192,TRUE,4,TRUE,no_formulation
"CENTRUM WOMEN UNDER 50 (MULTIMINERALS, MULTIVITAMINS) TABLET",Malaise,3,10,1895,7,1892,41267,43169,6.8433932346723,10.1234007275962,TRUE,10.1760457948041,0.647765584742477,2.85884003607122,TRUE,0.43897241075772,0.906956658144563,FALSE,1.89820024825417,0.28569112094327,0.850578651390267,TRUE,3,TRUE,no_formulation
"CENTRUM WOMEN UNDER 50 (MULTIMINERALS, MULTIVITAMINS) TABLET",Throat Irritation,5,10,777,5,772,42387,43169,27.9527202072539,105.610990638441,TRUE,54.8705501618123,0.604114603265844,16.7921607462632,TRUE,0.179990270796173,3.45495933021862,TRUE,3.01584560888893,0.181795017047166,2.18015204215026,TRUE,4,TRUE,no_formulation
CERTIFIED ORGANIC JUICE CLEANSE GREENS POWDER,Gastric Disorder,3,14,233,11,230,42925,43169,40.2065217391304,78.2349733359274,TRUE,56.6780156559464,0.614029721123722,17.0114755930586,TRUE,0.07556348305497,3.43989359844546,TRUE,2.6043079545518,0.28569112094327,1.5566863576879,TRUE,4,TRUE,no_formulation
CHEAT,Dehydration,3,11,879,8,876,42282,43169,13.4364881693649,23.6149751019296,TRUE,19.8635951813698,0.63602350294329,5.71036304791214,TRUE,0.22398017095601,1.87663008325911,TRUE,2.27333283297238,0.28569112094327,1.22571123610848,TRUE,4,TRUE,no_formulation
CHOLECALCIFEROL,Hypercalcaemia,5,9,54,4,49,43111,43169,489.342403628118,1792.33482260985,TRUE,1064.48148148148,0.651356753177146,296.955961938508,TRUE,0.0112580787138919,7.41310790870682,TRUE,3.42730797834874,0.181795017047166,2.59161441161008,TRUE,4,TRUE,no_formulation
CITRACAL,Nephrolithiasis,3,23,561,20,558,42588,43169,10.0855539971949,16.4314195396392,TRUE,13.019171561456,0.579921343228234,4.17776817231199,TRUE,0.298895040422525,1.46091771885181,TRUE,2.13127704396523,0.28569112094327,1.08365544710133,TRUE,4,TRUE,no_formulation
CITRACAL,Throat Irritation,3,23,777,20,774,42372,43169,7.27098078867543,10.7097810099749,TRUE,9.34064463304414,0.57949074998296,2.99988333152339,TRUE,0.413977622831198,0.991465817513945,FALSE,1.9371241731339,0.28569112094327,0.889502576269997,TRUE,3,TRUE,no_formulation
CITRACAL MAXIMUM,Cough,9,116,729,107,720,42333,43169,4.63933189655173,22.2767829962183,TRUE,5.19236641221374,0.340554005236209,2.66366687812121,TRUE,1.95890569621719,1.2635162212718,TRUE,1.94991110758998,0.105239993123721,1.31407311125437,TRUE,4,TRUE,no_formulation
CITRACAL MAXIMUM,Nephrolithiasis,7,116,561,109,554,42499,43169,4.68957736835553,16.7973898519256,TRUE,5.24963869708611,0.379858802219472,2.49337197771705,TRUE,1.50747063865274,1.12712291204618,TRUE,1.901511708628,0.133310168562317,1.1858830734065,TRUE,4,TRUE,no_formulation
CITRACAL MAXIMUM,Odynophagia,3,116,39,113,36,43017,43169,30.9288793103448,54.9408016367931,TRUE,36.3433106028604,0.567402295579346,11.9520362371659,TRUE,0.104797424077463,2.96987960854313,TRUE,2.5328310220265,0.28569112094327,1.4852094251626,TRUE,4,TRUE,no_formulation
CITRACAL MAXIMUM,Pharyngeal Injury,13,116,129,103,116,42937,43169,41.5940101070155,428.534190921539,TRUE,48.0733345773465,0.303879730280257,26.4994340814882,TRUE,0.346637633486993,4.47167754342523,TRUE,3.99507097841771,0.0740509093030578,3.46170996261451,TRUE,4,TRUE,no_formulation
CITRACAL MAXIMUM,Sensation Of Foreign Body,3,116,70,113,67,42986,43169,16.6185023160062,28.5383057791494,TRUE,19.6381465165606,0.556204041997014,6.60161293505633,TRUE,0.188097940651857,2.12809433329748,TRUE,2.34666909091821,0.28569112094327,1.29904749405431,TRUE,4,TRUE,no_formulation
CITRACAL MAXIMUM,Throat Irritation,22,116,777,94,755,42298,43169,10.8148664078557,184.287231910299,TRUE,13.3303394157133,0.237431512786329,8.37019206732142,TRUE,2.08788714123561,2.83529511727998,TRUE,3.12007839411904,0.0444212796734282,2.70698180977896,TRUE,4,TRUE,no_formulation
CITRACAL MAXIMUM (CHOLECALCIFEROL + CALCIUM CITRATE) FILM-COATED TABLET,Coeliac Disease,4,68,460,64,456,42645,43169,5.55998452012384,10.7620623934978,TRUE,6.51756285183015,0.489836837965476,2.49532831048564,TRUE,0.72459403738794,0.921584391994322,FALSE,1.87762143777797,0.222199057451206,0.95371673538462,TRUE,3,TRUE,no_formulation
CITRACAL MAXIMUM (CHOLECALCIFEROL + CALCIUM CITRATE) FILM-COATED TABLET,Laceration,3,68,57,65,54,43047,43169,35.2132352941177,64.8869938635307,TRUE,42.2063870018909,0.56511354194777,13.9426016251072,TRUE,0.0897866524589404,3.19211967862807,TRUE,2.56908984400139,0.28569112094327,1.52146824713749,TRUE,4,TRUE,no_formulation
CITRACAL MAXIMUM (CHOLECALCIFEROL + CALCIUM CITRATE) FILM-COATED TABLET,Pharyngeal Injury,7,68,129,61,122,42979,43169,36.3677675988428,196.018626956729,TRUE,42.7869586859134,0.397215342286017,19.642415451154,TRUE,0.203201371354444,4.01615599759668,TRUE,3.41488080652718,0.133310168562317,2.69925217130568,TRUE,4,TRUE,no_formulation
CITRACAL MAXIMUM (CHOLECALCIFEROL + CALCIUM CITRATE) FILM-COATED TABLET,Regurgitation,5,68,81,63,76,43025,43169,41.6998839009288,150.355666218947,TRUE,48.7139622253101,0.458978595110894,19.8135815862715,TRUE,0.127591558757442,3.95021365114697,TRUE,3.1315337656493,0.181795017047166,2.29584019891064,TRUE,4,TRUE,no_formulation
CITRACAL MAXIMUM (CHOLECALCIFEROL + CALCIUM CITRATE) FILM-COATED TABLET,Throat Irritation,13,68,777,55,764,42337,43169,10.7852055743763,105.957087328646,TRUE,13.470648542591,0.305652999802182,7.3996541071203,TRUE,1.22393384141398,2.65267953082614,TRUE,2.96918309229295,0.0740509093030578,2.43582207648975,TRUE,4,TRUE,no_formulation
CITRACAL MAXIMUM (CHOLECALCIFEROL +CALCIUM CITRATE) FILM-COATED TABLET,Nephrolithiasis,3,13,561,10,558,42598,43169,17.8478081058726,32.5974832598122,TRUE,25.4243509400179,0.618681150717236,7.56167221193346,TRUE,0.168940675021427,2.28276253313679,TRUE,2.38740474576052,0.28569112094327,1.33978314889662,TRUE,4,TRUE,no_formulation
CITRACAL MAXIMUM BAYER,Pharyngeal Injury,3,10,129,7,126,43033,43169,102.759523809524,204.841442150881,TRUE,158.753359683794,0.653434002097914,44.1071171829365,TRUE,0.0298825546109477,4.76830194032786,TRUE,2.72361038680957,0.28569112094327,1.67598878994567,TRUE,4,TRUE,no_formulation
CITRACAL MAXIMUM CHOLECALCIFEROL PLUS CALCIUM CITRATE FILM COATED TABLET,Cough,3,6,729,3,726,42437,43169,29.7265840220386,57.7688652035152,TRUE,58.4136269786648,0.756854410031923,13.2515504095471,TRUE,0.101322708425027,3.01836317327307,TRUE,2.54114357526852,0.28569112094327,1.49352197840462,TRUE,4,TRUE,no_formulation
CITRACAL PETITES,Cough,5,82,729,77,724,42363,43169,3.62880676458698,7.14234005641881,TRUE,4.14967830984661,0.442860333627497,1.74198377020703,TRUE,1.38474368180871,0.513731695265165,FALSE,1.5450632830093,0.181795017047166,0.709369716270634,TRUE,3,TRUE,no_formulation
CITRACAL PETITES,Nephrolithiasis,5,82,561,77,556,42531,43169,4.72528075100895,11.2356207812446,TRUE,5.42383560849781,0.443330423953781,2.27476240835586,TRUE,1.065625796289,0.891542255311222,FALSE,1.81269218656376,0.181795017047166,0.976998619825099,TRUE,3,TRUE,no_formulation
CITRACAL PETITES,Pharyngeal Injury,11,82,129,71,118,42969,43169,48.9827408019843,431.282745232395,TRUE,58.3221799297749,0.330763702076891,30.4987472713563,TRUE,0.245036947809771,4.65401065113449,TRUE,3.94817807758411,0.0869333569681142,3.37028259903396,TRUE,4,TRUE,no_formulation
CITRACAL PETITES,Regurgitation,6,82,81,76,75,43012,43169,42.0360975609756,186.464040097571,TRUE,48.4060511621867,0.424483605618733,21.0655069874863,TRUE,0.153860409089856,4.08708803575131,TRUE,3.31338514153917,0.153822989075138,2.54466777160986,TRUE,4,TRUE,no_formulation
CITRACAL PETITES,Throat Irritation,8,82,777,74,769,42318,43169,5.46633258270164,25.0860544441377,TRUE,6.27457470422265,0.363858561946578,3.07511692549303,TRUE,1.47592022052862,1.43413480631639,TRUE,2.10493814319985,0.117623894052513,1.4327298783056,TRUE,4,TRUE,no_formulation
CITRACAL PETITES (CHOLECALCIFEROL + CALCIUM CITRATE) FILM-COATED TABLET,Regurgitation,4,36,81,32,77,43056,43169,62.2409812409812,174.892533948421,TRUE,76.9247642679901,0.515672283621001,27.9973589039311,TRUE,0.0675484722833515,4.33810700014494,TRUE,2.98710948324514,0.222199057451206,2.06320478085178,TRUE,4,TRUE,no_formulation
CITRACAL PETITES (CHOLECALCIFEROL + CALCIUM CITRATE) FILM-COATED TABLET,Throat Irritation,7,36,777,29,770,42363,43169,10.8921717171717,53.8657495374677,TRUE,13.9784313509827,0.410552191782843,6.25157372443137,TRUE,0.647964974866223,2.34482778448429,TRUE,2.70781197045699,0.133310168562317,1.99218333523548,TRUE,4,TRUE,no_formulation
CITRACAL PETITES (CHOLECALCIFEROL +CALCIUM CITRATE) FILM-COATED TABLET,Regurgitation,3,8,81,5,78,43083,43169,207.504807692308,412.232422183014,TRUE,349.258251302837,0.69303285043177,89.7894277034068,TRUE,0.0150107716185226,5.74540369581913,TRUE,2.7646804098955,0.28569112094327,1.7170588130316,TRUE,4,TRUE,no_formulation
"CITRACAL PLUS BONE DENSITY BUILDER (CALCIUM CARBONATE, CALCIUM CITRATE, MINERALS, GENESTEIN) FILM-COATED TABLET",Drug Dependence,3,7,258,4,255,42907,43169,72.5411764705882,145.328195591047,TRUE,130.616438356164,0.71545349828637,32.1359782499725,TRUE,0.0418355764553267,4.28758198810334,TRUE,2.69142789418646,0.28569112094327,1.64380629732256,TRUE,4,TRUE,no_formulation
CITRACAL SLOW RELEASE 1200,Nephrolithiasis,3,16,561,13,558,42595,43169,14.5003360215054,25.6087202240139,TRUE,19.7731025564508,0.601333806418803,6.08427939853313,TRUE,0.207926984641757,1.98375300151177,TRUE,2.30568244805953,0.28569112094327,1.25806085119563,TRUE,4,TRUE,no_formulation
CLARITY,Hospitalisation,3,3,708,0,705,42461,43169,61.2283687943262,124.120773202009,TRUE,421.304748405386,1.51233437800769,21.740590839802,TRUE,0.0492019736384906,4.05536182594427,TRUE,2.67194620691271,0.28569112094327,1.62432461004881,TRUE,4,TRUE,no_formulation
CLEANSE FOR LIFE,Nausea,6,13,3887,7,3881,39275,43169,5.13222206806335,17.6031727705498,TRUE,8.7694877409936,0.536155369928782,3.06612291469722,TRUE,1.17053904422155,1.16241185361552,TRUE,1.96012601607489,0.153822989075138,1.19140864614558,TRUE,4,TRUE,no_formulation
CLEANSE FOR LIFE,Vomiting,4,13,3595,9,3591,39565,43169,3.69779148726517,5.89003149987301,TRUE,5.21830784674341,0.572528680378468,1.6989611372107,TRUE,1.08260557344391,0.342548314016429,FALSE,1.50762325837406,0.222199057451206,0.583718555980709,TRUE,3,TRUE,no_formulation
CLEANSE FOR LIFE LIQUID,Nausea,3,8,3887,5,3884,39277,43169,4.16719232749743,4.83286282053869,TRUE,6.4344890532302,0.683970292330347,1.68386317702327,TRUE,0.720331719520953,0.192867579969309,FALSE,1.52008155700901,0.28569112094327,0.472459960145109,TRUE,3,TRUE,no_formulation
CLEANSE FOR LIFE LIQUID,Pancreatitis,3,8,198,5,195,42966,43169,83.0019230769231,166.161694403838,TRUE,139.858405022088,0.687510604276411,36.3469296359434,TRUE,0.0366929972897218,4.47515660813082,TRUE,2.70518595283492,0.28569112094327,1.65756435597102,TRUE,4,TRUE,no_formulation
COLONIX ADVANCED INTERNAL CLEANSING PROGRAM PARANIL,Abdominal Pain,3,15,1676,12,1673,41481,43169,5.15887627017334,6.57185386066449,TRUE,6.94043621153272,0.605256923042766,2.11924746868656,TRUE,0.582362343348236,0.499448519588555,FALSE,1.69317136980513,0.28569112094327,0.645549772941227,TRUE,3,TRUE,no_formulation
COLONIX ADVANCED INTERNAL CLEANSING PROGRAM PARANIL,Abdominal Pain Upper,3,15,2004,12,2001,41153,43169,4.31324337831085,4.9010656841586,TRUE,5.75717212090932,0.605176181177954,1.75821851284816,TRUE,0.696333016748129,0.24172780871658,FALSE,1.54873588140462,0.28569112094327,0.501114284540725,TRUE,3,TRUE,no_formulation
CONCEPTION FOR HER FERTILITY AID AND MULTI,Abortion Spontaneous,3,4,245,1,242,42923,43169,133.775826446281,271.903404936894,TRUE,413.009621993127,0.978022474681725,60.7366217655213,TRUE,0.0227014755959137,5.15962601887417,TRUE,2.74329578488668,0.28569112094327,1.69567418802278,TRUE,4,TRUE,no_formulation
CORTISLIM,Hospitalisation,5,15,708,10,703,42451,43169,20.4618302513039,74.8123211557789,TRUE,31.6083866382374,0.52773222135659,11.2353755454601,TRUE,0.246009868192453,3.00490208485721,TRUE,2.88216499899837,0.181795017047166,2.0464714322597,TRUE,4,TRUE,no_formulation
COSEVA ADVANCED TRS,Weight Increased,3,6,268,3,265,42898,43169,81.4396226415094,163.867152975237,TRUE,161.576271186441,0.758431513460309,36.5416071104278,TRUE,0.0372489517941115,4.45366189298741,TRUE,2.7036922540763,0.28569112094327,1.6560706572124,TRUE,4,TRUE,no_formulation
CREATINE,Blood Creatine Phosphokinase Increased,3,10,133,7,130,43029,43169,99.5976923076923,198.550219510982,TRUE,153.873052362708,0.653248569969336,42.7667413827489,TRUE,0.0308091454515972,4.72474149823428,TRUE,2.7210897894471,0.28569112094327,1.67346819258321,TRUE,4,TRUE,no_formulation
CREATINE,Chromaturia,3,10,441,7,438,42721,43169,29.5609589041096,56.8767871257152,TRUE,45.4656784492588,0.649115958959419,12.7392839278299,TRUE,0.102156640181612,3.00657765675205,TRUE,2.53914419006325,0.28569112094327,1.49152259319935,TRUE,4,TRUE,no_formulation
CREATINE,Fatigue,3,10,1718,7,1715,41444,43169,7.54967930029155,11.5654869634322,TRUE,11.2741280481881,0.647807585732803,3.16707256260704,TRUE,0.397970766058978,1.04830788464311,TRUE,1.96261453895879,0.28569112094327,0.914992942094888,TRUE,4,TRUE,no_formulation
CULTURELLE DIGESTIVE HEALTH CAPSULES,Body Temperature Increased,3,11,304,8,301,42857,43169,39.1041981274539,76.3178975350084,TRUE,58.5313627938738,0.637731469556044,16.7702929836581,TRUE,0.0774629942783016,3.40423614339443,TRUE,2.59955452008169,0.28569112094327,1.55193292321779,TRUE,4,TRUE,no_formulation
DELTA 8,Anxiety,3,15,1125,12,1122,42032,43169,7.69233511586453,11.6879722818328,TRUE,10.4847216035635,0.605498922728345,3.19996932421279,TRUE,0.390905510899025,1.07412786019157,TRUE,1.97401058877365,0.28569112094327,0.92638899190975,TRUE,4,TRUE,no_formulation
DELTA 8,Loss Of Consciousness,3,15,995,12,992,42162,43169,8.70040322580645,13.7446708905371,TRUE,11.8947103274559,0.605595211463912,3.62961715773609,TRUE,0.34573420741736,1.25111842229103,TRUE,2.04907868443901,0.28569112094327,1.00145708757511,TRUE,4,TRUE,no_formulation
DESIGNS FOR HEALTH GI MICROB-X,Hepatic Enzyme Increased,4,7,563,3,559,42603,43169,44.1216457960644,128.978319589383,TRUE,97.9015702795864,0.713965888740311,24.1573684920867,TRUE,0.0912923625749959,3.90544173158016,TRUE,2.92798145367045,0.222199057451206,2.00407675127709,TRUE,4,TRUE,no_formulation
DESIGNS FOR HEALTH GI MICROB-X,Jaundice,3,7,578,4,575,42587,43169,32.1704347826087,62.6269596955677,TRUE,57.5562312964572,0.713931095040855,14.2030603536081,TRUE,0.093724663531701,3.13042370749539,TRUE,2.55948897253331,0.28569112094327,1.51186737566941,TRUE,4,TRUE,no_formulation
DHEA,Insomnia,3,9,853,6,850,42310,43169,16.9254901960784,30.9402754710861,TRUE,26.7872744539411,0.663897471985804,7.29134403411855,TRUE,0.177835947091663,2.20887918268573,TRUE,2.36834686888713,0.28569112094327,1.32072527202324,TRUE,4,TRUE,no_formulation
DIGESTIVE ADVANTAGE PROBIOTIC GUMMIES,Abdominal Distension,3,4,715,1,712,42453,43169,45.46875,90.9182475408443,TRUE,139.029005847953,0.976630951965372,20.501251246043,TRUE,0.0662512451064421,3.62871494671907,TRUE,2.62784069950015,0.28569112094327,1.58021910263625,TRUE,4,TRUE,no_formulation
DOCTOR'S BEST RED YEAST RICE,Pain,3,4,1848,1,1845,41320,43169,17.5467479674797,33.0904860916913,TRUE,52.243023570848,0.976190049128903,7.71042928846161,TRUE,0.171233987352035,2.26334950280124,TRUE,2.38246724970294,0.28569112094327,1.33484565283904,TRUE,4,TRUE,no_formulation
DR. SINATRA OMEGA Q PLUS RESVERATROL,Blood Pressure Increased,5,12,1929,7,1924,41233,43169,9.34619715869716,30.6797688693749,TRUE,15.7120810600156,0.561867762699685,5.22350742012826,TRUE,0.536218119483889,1.8818909037455,TRUE,2.40810390250857,0.181795017047166,1.5724103357699,TRUE,4,TRUE,no_formulation
DS 01 DAILY PROBIOTIC PLUS PREBIOTIC SUPPLEMENT,Hospitalisation,4,6,708,2,704,42459,43169,40.874053030303,119.562529555085,TRUE,108.484173172463,0.789724775154875,23.0748604721236,TRUE,0.0984039472769812,3.79761184657623,TRUE,2.91073340456311,0.222199057451206,1.98682870216976,TRUE,4,TRUE,no_formulation
DS 01 DAILY SYNBIOTIC SUPPLEMENT,Hospitalisation,4,7,708,3,704,42458,43169,35.0340909090909,101.498674795943,TRUE,77.486870120653,0.71370827847406,19.1296651312697,TRUE,0.114804605156478,3.57593882324395,TRUE,2.87172512484112,0.222199057451206,1.94782042244776,TRUE,4,TRUE,no_formulation
DUAL ACTION CLEANSE TOTAL BODY PURIFIER,Abdominal Distension,3,9,715,6,712,42448,43169,20.2059925093633,37.7093020664322,TRUE,32.0798380566802,0.664068901764596,8.72901633778149,TRUE,0.149065301489495,2.46294326204315,TRUE,2.4309193840276,0.28569112094327,1.3832977871637,TRUE,4,TRUE,no_formulation
EMERGEN-C,Anaphylactic Shock,4,130,175,126,171,42868,43169,7.74430949167791,16.8909775591373,TRUE,8.89193237995368,0.485779365045356,3.43156640917179,TRUE,0.526998540619426,1.38070125026173,TRUE,2.13149086987638,0.222199057451206,1.20758616748303,TRUE,4,TRUE,no_formulation
EMERGEN-C,Coeliac Disease,6,130,460,124,454,42585,43169,4.3753642832938,12.3913726025758,TRUE,4.89183576992237,0.405095031509119,2.2113017833476,TRUE,1.38525330677106,0.919500914014723,FALSE,1.78568133795199,0.153822989075138,1.01696396802267,TRUE,3,TRUE,no_formulation
EMERGEN-C,Cough,8,130,729,122,721,42318,43169,3.67344500160034,13.077509456598,TRUE,4.06983466983467,0.356679065607747,2.02285809191262,TRUE,2.19532534920892,0.861425143255796,FALSE,1.65700341192376,0.117623894052513,0.984795147029508,TRUE,3,TRUE,no_formulation
EMERGEN-C,Death,8,130,1227,122,1219,41820,43169,2.17272669905976,4.04504337203089,TRUE,2.37952489728979,0.355885155700081,1.18455353466321,TRUE,3.6950126248002,0.110372515136786,FALSE,1.01878768881903,0.117623894052513,0.346579423924786,TRUE,3,TRUE,no_formulation
EMERGEN-C,Diabetes Mellitus,9,130,194,121,185,42854,43169,16.1060706860707,108.063927546096,TRUE,18.0634144177121,0.34483007543058,9.18913347515124,TRUE,0.584215525029535,3.00839461041093,TRUE,3.13127594311291,0.105239993123721,2.49543794677729,TRUE,4,TRUE,no_formulation
EMERGEN-C,Drug Hypersensitivity,5,130,63,125,58,42981,43169,28.540450928382,98.3655986359005,TRUE,32.1991691354241,0.454866565297898,13.2024468651528,TRUE,0.189719474622993,3.37915185981313,TRUE,2.99535001085447,0.181795017047166,2.15965644411581,TRUE,4,TRUE,no_formulation
EMERGEN-C,Feeling Abnormal,7,130,639,123,632,42407,43169,3.66690603700097,11.0771938213502,TRUE,4.0717063257109,0.378199825129204,1.94019891046965,TRUE,1.92429752831893,0.774992356436661,FALSE,1.62932382737142,0.133310168562317,0.913695192149908,TRUE,3,TRUE,no_formulation
EMERGEN-C,Neoplasm Malignant,3,130,198,127,195,42844,43169,5.09337278106509,6.12469561684262,TRUE,6.015977132541,0.546530742686953,2.06105611758683,TRUE,0.596261205957979,0.4654410035184,FALSE,1.67476333211519,0.28569112094327,0.62714173525129,TRUE,3,TRUE,no_formulation
EMERGEN-C,Nephrolithiasis,8,130,561,122,553,42486,43169,4.78942829322576,20.3094134606874,TRUE,5.326184023745,0.357268170638463,2.64425516443302,TRUE,1.68940675021427,1.23927538241977,TRUE,1.95692283647842,0.117623894052513,1.28471457158417,TRUE,4,TRUE,no_formulation
EMERGEN-C,Neuropathy Peripheral,3,130,226,127,223,42816,43169,4.45384615384615,4.90427805722399,TRUE,5.25885862174848,0.545944183394193,1.80374202849212,TRUE,0.680580972457087,0.2747219057872,FALSE,1.56785792703397,0.28569112094327,0.520236330170071,TRUE,3,TRUE,no_formulation
EMERGEN-C,Pneumonia,5,130,221,125,216,42823,43169,7.6636396011396,22.2734401697317,TRUE,8.66848541170192,0.440940583998517,3.65264125678951,TRUE,0.665523871296532,1.57040049243196,TRUE,2.2384530657806,0.181795017047166,1.40275949904194,TRUE,4,TRUE,no_formulation
"EMERGEN-C (ASCORBIC ACID, B-COMPLEX, ELECTROLYTE, MULTIMINERAL, MULTIVIT, ZINC) POWDER FOR ORAL SOLUTION",Coeliac Disease,7,62,460,55,453,42654,43169,10.7437513351848,52.2428518936706,TRUE,12.7103012604666,0.391892673064242,5.89617094792191,TRUE,0.660659269383122,2.31685194767692,TRUE,2.69194608810657,0.133310168562317,1.97631745288506,TRUE,4,TRUE,no_formulation
"EMERGEN-C (ASCORBIC ACID, B-COMPLEX, ELECTROLYTE, MULTIMINERAL, MULTIVIT, ZINC) POWDER FOR ORAL SOLUTION",Condition Aggravated,3,62,320,59,317,42790,43169,6.57988195787117,9.13947175870288,TRUE,7.92783696155628,0.55289599779321,2.68237897028688,TRUE,0.459589056962172,0.840793246199231,FALSE,1.86686631153999,0.28569112094327,0.819244714676092,TRUE,3,TRUE,no_formulation
"EMERGEN-C (ASCORBIC ACID, B-COMPLEX, ELECTROLYTE, MULTIMINERAL, MULTIVIT, ZINC) POWDER FOR ORAL SOLUTION",Cough,5,62,729,57,724,42383,43169,4.80161735875958,11.6002245826411,TRUE,5.59568518018424,0.447898808329691,2.325916448765,TRUE,1.04700132039195,0.916971609606461,FALSE,1.82995719048506,0.181795017047166,0.994263623746395,TRUE,3,TRUE,no_formulation
"EMERGEN-C (ASCORBIC ACID, B-COMPLEX, ELECTROLYTE, MULTIMINERAL, MULTIVIT, ZINC) POWDER FOR ORAL SOLUTION",Nephrolithiasis,4,62,561,58,557,42550,43169,4.99299241327388,9.14131904283897,TRUE,5.87105898585719,0.491053421509109,2.24245291451848,TRUE,0.805717065486808,0.768553062678513,FALSE,1.78508268682507,0.222199057451206,0.861177984431714,TRUE,3,TRUE,no_formulation
"EMERGEN-C (ASCORBIC ACID, B-COMPLEX, ELECTROLYTE, MULTIMINERALS, MULTIVIT, ZINC) POWDER FOR ORAL SOLUTION",Cough,6,6,729,0,723,42440,43169,59.6998616874136,292.634095431614,TRUE,762.579820317899,1.46807761588146,42.9173021549128,TRUE,0.101322708425027,4.68808181692126,TRUE,3.43422837135201,0.153822989075138,2.66551100142269,TRUE,4,TRUE,no_formulation
EMERGEN-C ASCORBIC ACID B-COMPLEX ELECTROL YTE MUL TIMINERAL MUL TIVIT ZINC POWDER FOR,Cough,3,5,729,2,726,42438,43169,35.6727272727273,70.3005330351269,TRUE,81.7810048176187,0.828923586173799,16.1086238718485,TRUE,0.0844355903541894,3.28041991152256,TRUE,2.58223898037773,0.28569112094327,1.53461738351383,TRUE,4,TRUE,no_formulation
EMERGEN-C ASCORBIC ACID B-COMPLEX ELECTROLYTE MULTIMINERAL MULTIVITAMIN ZINC POWDER FOR ORAL SOLUTION,Cough,3,14,729,11,726,42429,43169,12.7376033057851,22.0518857827655,TRUE,17.7747089978755,0.611613307942668,5.36027093060602,TRUE,0.23641965299173,1.79876774413335,TRUE,2.2487548882265,0.28569112094327,1.2011332913626,TRUE,4,TRUE,no_formulation
EMERGEN-C CRYSTALS-STRAWBERRY BURST,Drug Dependence,3,4,258,1,255,42910,43169,126.955882352941,258.029955547978,TRUE,391.876712328767,0.977915206459773,57.6409628937044,TRUE,0.0239060436887581,5.08612407917112,TRUE,2.73997491216359,0.28569112094327,1.6923533152997,TRUE,4,TRUE,no_formulation
EMERGEN-C IMMUNE PLUS,Coronavirus Test Positive,3,16,3,13,0,43153,43169,Inf,5618.43735534223,TRUE,22375.8888888889,1.53616780752617,1101.96515174882,TRUE,0.00111190900877945,9.1435606676876,TRUE,2.80415019287983,0.28569112094327,1.75652859601593,TRUE,4,TRUE,no_formulation
EMERGEN-C IMMUNE PLUS,Neoplasm Malignant,3,16,198,13,195,42958,43169,41.4932692307692,80.6391123045019,TRUE,56.9687411196363,0.604091654951984,17.4350591424815,TRUE,0.0733859945794436,3.48188372614493,TRUE,2.60977635093916,0.28569112094327,1.56215475407527,TRUE,4,TRUE,no_formulation
ENDLESS YOUTH DIETARY SUPPLEMENT 30 DAY KIT,Urticaria,3,6,1254,3,1251,41912,43169,17.2513988808953,31.9666081469413,TRUE,33.4898122253296,0.756473047642631,7.60308515618139,TRUE,0.174291737126179,2.23786524529472,TRUE,2.37591009817579,0.28569112094327,1.3282885013119,TRUE,4,TRUE,no_formulation
ENDLESS YOUTH VITAMIN SUPPLEMENT,Dyspnoea,4,11,3460,7,3456,39702,43169,4.54103535353535,8.45574593584136,TRUE,6.89179806162303,0.596548449735634,2.14062331721938,TRUE,0.881651184878038,0.638671513923678,FALSE,1.70353156615401,0.222199057451206,0.779626863760656,TRUE,3,TRUE,no_formulation
ENDLESS YOUTH VITAMIN SUPPLEMENT,Erythema,3,11,719,8,716,42442,43169,16.4390553580498,29.8008505309044,TRUE,24.3912400968762,0.636223686480658,7.0092144253791,TRUE,0.18321017396743,2.16600838438425,TRUE,2.3569535580535,0.28569112094327,1.3093319611896,TRUE,4,TRUE,no_formulation
ENDLESS YOUTH VITAMIN SUPPLEMENT,Nausea,4,11,3887,7,3883,39275,43169,4.04167349518882,6.98945683532767,TRUE,6.06805716492854,0.596522016692627,1.88486335855877,TRUE,0.99045611434131,0.470848366233728,FALSE,1.59417110484806,0.222199057451206,0.670266402454708,TRUE,3,TRUE,no_formulation
ENDLESS YOUTH VITAMIN SUPPLEMENT,Swelling,3,11,827,8,824,42334,43169,14.2844218887908,25.3617464139582,TRUE,21.1423322512753,0.636080043870744,6.07729935618503,TRUE,0.210729921934722,1.96446657489039,TRUE,2.29998157848973,0.28569112094327,1.25235998162583,TRUE,4,TRUE,no_formulation
ENDOMUNE ADVANCED PROBIOTIC ADULT AND JR BOTTLES,Blastocystis Infection,3,3,3,0,0,43166,43169,Inf,29977.6388367649,TRUE,604331,2.07020227316726,10449.2019353089,TRUE,0.000208482939146147,10.5405076810136,TRUE,2.80675349283179,0.28569112094327,1.75913189596789,TRUE,4,TRUE,no_formulation
ENDOMUNE ADVANCED PROBIOTIC ADULT AND JR BOTTLES,Constipation,3,3,920,0,917,42249,43169,47.0730643402399,94.8476270237879,TRUE,322.339509536785,1.51222613153244,16.6372165991978,TRUE,0.0639347680048183,3.67979137310861,TRUE,2.6337547254534,0.28569112094327,1.5861331285895,TRUE,4,TRUE,no_formulation
ENFAMIL D-VI-SOL,Respiratory Arrest,3,5,110,2,107,43057,43169,242.041121495327,486.866402218356,TRUE,560.748837209302,0.833690491761345,109.42503860889,TRUE,0.0127406240589312,5.97620849692883,TRUE,2.77105381102454,0.28569112094327,1.72343221416064,TRUE,4,TRUE,no_formulation
EQUELLE,Hypersensitivity,3,12,2207,9,2204,40953,43169,4.89530399274047,6.11526864004666,TRUE,6.84424204080171,0.625664030568165,2.00793377536882,TRUE,0.613495795594061,0.42435543128603,FALSE,1.65225881133832,0.28569112094327,0.604637214474425,TRUE,3,TRUE,no_formulation
EQUELLE MENOPAUSE SYMPTOM RELIEF,Postmenopausal Haemorrhage,3,10,21,7,18,43141,43169,719.316666666667,1280.71607928414,TRUE,1088.25405405405,0.687840717491177,282.636635583269,TRUE,0.00486460191341009,7.30501287518778,TRUE,2.79338648915835,0.28569112094327,1.74576489229445,TRUE,4,TRUE,no_formulation
ESSENTIAL FOR WOMEN PRENATAL MULTIVITAMIN,Gastrointestinal Disorder,3,8,385,5,382,42779,43169,42.3700916230366,83.430169245033,TRUE,71.172073677956,0.685689596172869,18.5626019602347,TRUE,0.0713474947300146,3.52233307132411,TRUE,2.61491455430227,0.28569112094327,1.56729295743837,TRUE,4,TRUE,no_formulation
ESTER-C 24 HOUR IMMUNE SUPPORT 1000MG COATED TABLETS,Dyspnoea,4,5,3460,1,3456,39708,43169,9.99166666666667,26.0598731182402,TRUE,34.464197888037,0.942975812208079,5.42863896169708,TRUE,0.400750538580926,1.77549879487127,TRUE,2.32072548705446,0.222199057451206,1.39682078466111,TRUE,4,TRUE,no_formulation
ESTROVEN,Chest Pain,3,13,1313,10,1310,41846,43169,7.60234879624193,11.5570855573438,TRUE,10.6439018186443,0.617850584967761,3.17085092488984,TRUE,0.395399476476175,1.05765126499417,TRUE,1.96675154222087,0.28569112094327,0.919129945356974,TRUE,4,TRUE,no_formulation
ESTROVEN MAXIMUM STRENGTH,Pruritus,3,21,1457,18,1454,41694,43169,4.23933975240715,4.68723720106627,TRUE,5.42327167318573,0.583506508303111,1.72810685664361,TRUE,0.70877249878385,0.216195137026428,FALSE,1.53381217934055,0.28569112094327,0.486190582476651,TRUE,3,TRUE,no_formulation
ESTROVEN NIGHTTIME + MELATONIN CAPLETS,Hypersensitivity,3,5,2207,2,2204,40960,43169,11.7506352087114,20.7697999550723,TRUE,26.0125652075301,0.828367259782235,5.12935473858988,TRUE,0.255623248164192,1.68625641503583,TRUE,2.21161592732135,0.28569112094327,1.16399433045745,TRUE,4,TRUE,no_formulation
ESTROVEN WEIGHT MANAGEMENT,Chest Pain,3,11,1313,8,1310,41848,43169,8.98501040943789,14.4586686727597,TRUE,13.1489777139395,0.635726598301796,3.78225307082013,TRUE,0.334568787787533,1.29843097390148,TRUE,2.068252050988,0.28569112094327,1.0206304541241,TRUE,4,TRUE,no_formulation
EU NATURAL CONCEPTION FOR HER,Abortion Spontaneous,5,7,245,2,240,42922,43169,128.458333333333,503.701058768664,TRUE,392.638253638254,0.765506031184842,87.5751159111923,TRUE,0.039727582292849,5.6249647409395,TRUE,3.34912829669715,0.181795017047166,2.51343472995848,TRUE,4,TRUE,no_formulation
EU NATURAL CONCEPTION FOR HER FERTILITY AID AND MULTI,Abortion Spontaneous,16,20,245,4,229,42920,43169,150.738864628821,2098.59304765769,TRUE,685.730573710966,0.535918725361445,239.866879133543,TRUE,0.113507377979569,6.46322186794568,TRUE,4.74924152054422,0.0605828958350444,4.26681509854817,TRUE,4,TRUE,no_formulation
EU NATURAL CONCEPTION FOR HER FERTILITY AID AND MULTI,Ectopic Pregnancy,4,20,12,16,8,43141,43169,1078.725,2198.05234093402,TRUE,1384.2192513369,0.632849524917983,400.416987709307,TRUE,0.00555954504389724,7.86157132108847,TRUE,3.15397207288515,0.222199057451206,2.2300673704918,TRUE,4,TRUE,no_formulation
EVINATURE CURQD-2,Abdominal Pain,3,3,1676,0,1673,41493,43169,25.8015540944411,50.7509760682769,TRUE,173.561099492082,1.51206346954067,8.96103107364483,TRUE,0.116472468669647,2.81796793357211,TRUE,2.50524655086621,0.28569112094327,1.45762495400231,TRUE,4,TRUE,no_formulation
EVINATURE CURQD-2,Intestinal Obstruction,3,3,211,0,208,42958,43169,207.528846153846,423.347365093866,TRUE,1442.25179856115,1.51345093315377,74.2618299714911,TRUE,0.014663300053279,5.77842499848069,TRUE,2.76565410737288,0.28569112094327,1.71803251050898,TRUE,4,TRUE,no_formulation
EVINATURE CURQD-4,Abdominal Pain,3,3,1676,0,1673,41493,43169,25.8015540944411,50.7509760682769,TRUE,173.561099492082,1.51206346954067,8.96103107364483,TRUE,0.116472468669647,2.81796793357211,TRUE,2.50524655086621,0.28569112094327,1.45762495400231,TRUE,4,TRUE,no_formulation
EVINATURE CURQD-4,Intestinal Obstruction,3,3,211,0,208,42958,43169,207.528846153846,423.347365093866,TRUE,1442.25179856115,1.51345093315377,74.2618299714911,TRUE,0.014663300053279,5.77842499848069,TRUE,2.76565410737288,0.28569112094327,1.71803251050898,TRUE,4,TRUE,no_formulation
EXTENZE,Blood Pressure Increased,7,27,1929,20,1922,41220,43169,5.81943962693182,24.3269908590904,TRUE,7.84430207110914,0.427385349489991,3.39434948327422,TRUE,1.20649076883875,1.44835368629356,TRUE,2.13585798532444,0.133310168562317,1.42022935010293,TRUE,4,TRUE,no_formulation
EXTENZE,Chills,4,27,450,23,446,42696,43169,14.3305098820794,37.2167396641152,TRUE,18.311143408544,0.516757657410541,6.6503188137046,TRUE,0.281451967847298,2.28478923487462,TRUE,2.52569589601338,0.222199057451206,1.60179119362002,TRUE,4,TRUE,no_formulation
EXTENZE,Heart Rate Increased,4,27,1482,23,1478,41664,43169,4.32436225129053,7.40135605265145,TRUE,5.39621813367487,0.515243414452351,1.96564664040148,TRUE,0.926915147443768,0.566469746414677,FALSE,1.6570254549971,0.222199057451206,0.733120752603747,TRUE,3,TRUE,no_formulation
EXTENZE,Hyperhidrosis,3,27,755,24,752,42390,43169,6.37440898345154,8.86829323425363,TRUE,8.04755576649264,0.572610780627279,2.61967767083042,TRUE,0.472213857166022,0.801726214219844,FALSE,1.84800931963988,0.28569112094327,0.800387722775982,TRUE,3,TRUE,no_formulation
EXTENZE,Pyrexia,3,27,505,24,502,42640,43169,9.54891544931385,15.2919631374799,TRUE,12.1223880597015,0.573187677710139,3.94167652809626,TRUE,0.315851652806412,1.38139875059953,TRUE,2.10097616771028,0.28569112094327,1.05335457084638,TRUE,4,TRUE,no_formulation
EXTENZE,Tremor,3,27,796,24,793,42349,43169,6.04483676614824,8.2080448306,TRUE,7.62435862813935,0.572550840292862,2.48220817619656,TRUE,0.497857258680998,0.725488617135267,FALSE,1.81044956102314,0.28569112094327,0.762827964159243,TRUE,3,TRUE,no_formulation
EXTENZE,Vomiting,8,27,3595,19,3587,39555,43169,3.56365063139527,13.3878773327562,TRUE,4.8061717144644,0.411379553070596,2.14598132480468,TRUE,2.24848849869119,0.826909756691072,FALSE,1.62882439895522,0.117623894052513,0.956616134060971,TRUE,3,TRUE,no_formulation
EXTENZE PLUS,Abdominal Pain Upper,5,25,2004,20,1999,41145,43169,4.31655827913957,10.0827336633155,TRUE,5.52089851731226,0.480752637692898,2.15171554536282,TRUE,1.16055502791355,0.768466386689037,FALSE,1.72776608659308,0.181795017047166,0.892072519854413,TRUE,3,TRUE,no_formulation
EXTENZE PLUS,Chest Pain,3,25,1313,22,1310,41834,43169,3.95212213740458,4.1071454502046,TRUE,4.96572978930858,0.575278803195493,1.60803641911165,TRUE,0.760383608608029,0.114837918315824,FALSE,1.47349202483458,0.28569112094327,0.425870427970681,TRUE,3,TRUE,no_formulation
EXTENZE PLUS,Chills,5,25,450,20,445,42699,43169,19.3905617977528,69.7316587219175,TRUE,25.714844926227,0.482562698529813,9.98661363391382,TRUE,0.260603673932683,2.92187386409176,TRUE,2.8542148059108,0.181795017047166,2.01852123917213,TRUE,4,TRUE,no_formulation
EXTENZE PLUS,Cold Sweat,8,25,203,17,195,42949,43169,70.8004102564103,466.051914736882,TRUE,106.706832298137,0.424179547642953,46.4647181745059,TRUE,0.11756121290741,5.08037959856223,TRUE,3.7828087918597,0.117623894052513,3.11060052696545,TRUE,4,TRUE,no_formulation
EXTENZE PLUS,Dyspepsia,3,25,737,22,734,42410,43169,7.05351498637602,10.2511453238113,TRUE,8.98187731639059,0.575798384517753,2.90561212411437,TRUE,0.426810905974194,0.947457642498241,FALSE,1.91700799615363,0.28569112094327,0.869386399289735,TRUE,3,TRUE,no_formulation
EXTENZE PLUS,Heart Rate Increased,5,25,1482,20,1477,41667,43169,5.84211238997969,16.0112715966093,TRUE,7.56621682968099,0.480936054059165,2.94779819846336,TRUE,0.858254766151637,1.20365261518152,TRUE,2.0176775091644,0.181795017047166,1.18198394242574,TRUE,4,TRUE,no_formulation
EXTENZE PLUS,Hot Flush,3,25,150,22,147,42997,43169,35.2195918367347,67.307920983614,TRUE,45.3457627118644,0.580483977678793,14.5351250988428,TRUE,0.0868678913108944,3.23961233232421,TRUE,2.57624723933533,0.28569112094327,1.52862564247143,TRUE,4,TRUE,no_formulation
EXTENZE PLUS,Hyperhidrosis,5,25,755,20,750,42394,43169,11.5050666666667,38.4452561853159,TRUE,15.1554085893957,0.481616759078338,5.89667494292931,TRUE,0.437235052931502,2.17609206741167,TRUE,2.55294880099588,0.181795017047166,1.71725523425721,TRUE,4,TRUE,no_formulation
EXTENZE PLUS,Nausea,10,25,3887,15,3877,39267,43169,4.45127676038174,25.6684254256879,TRUE,6.86023585199975,0.400046983182193,3.13193096126783,TRUE,2.25103662350298,1.27123623535136,TRUE,1.93234207694709,0.095214930467079,1.32754651075771,TRUE,4,TRUE,no_formulation
EXTENZE PLUS,Pyrexia,3,25,505,22,502,42642,43169,10.3133067729084,16.8702546840462,TRUE,13.2005527915976,0.576343847622792,4.26577879434002,TRUE,0.292455234080011,1.49230428517369,TRUE,2.14295357745936,0.28569112094327,1.09533198059546,TRUE,4,TRUE,no_formulation
EXTENZE PLUS,Tremor,12,25,796,13,784,42360,43169,26.414693877551,269.472463137138,TRUE,49.9970493118995,0.394173030827086,23.0896588740293,TRUE,0.460978943223146,3.90967103131642,TRUE,3.70127946535959,0.0799768352289838,3.14698801655701,TRUE,4,TRUE,no_formulation
EXTENZE PLUS,Vomiting,12,25,3595,13,3583,39561,43169,5.7798269606475,46.5018448951715,TRUE,10.2221343710112,0.392910177982629,4.73248983738544,TRUE,2.08193379508444,1.7353588911027,TRUE,2.27540418166561,0.0799768352289838,1.72111273286303,TRUE,4,TRUE,no_formulation
EXTENZE PLUS MALE ENHANCEMENT,Dizziness,3,5,2837,2,2834,40330,43169,9.13846153846154,15.3602377947145,TRUE,19.9198094902099,0.828306632082642,3.92840577939867,TRUE,0.328592276865343,1.32440826452962,TRUE,2.07862064362277,0.28569112094327,1.03099904675887,TRUE,4,TRUE,no_formulation
EXTENZE PLUS MALE ENHANCEMENT,Vomiting,4,5,3595,1,3591,39573,43169,9.61604010025063,24.9135282539354,TRUE,33.0559654740359,0.942970091529128,5.20687917239376,TRUE,0.416386759016887,1.72032560826421,TRUE,2.29589648321162,0.222199057451206,1.37199178081826,TRUE,4,TRUE,no_formulation
FEEL FREE KRATOM,Dependence,3,4,444,1,441,42724,43169,73.4098639455782,148.50003895985,TRUE,225.799546998868,0.977071831452361,33.2676966589447,TRUE,0.0411406333248396,4.31154921831148,TRUE,2.69327944205356,0.28569112094327,1.64565784518966,TRUE,4,TRUE,no_formulation
FERROUS SULFATE,Constipation,3,17,920,14,917,42235,43169,8.30431714670601,12.8930770879432,TRUE,11.1114723292305,0.59648419759169,3.45170768753546,TRUE,0.36229701869397,1.18367451519811,TRUE,2.02109812490605,0.28569112094327,0.973476528042147,TRUE,4,TRUE,no_formulation
FERROUS SULFATE,Death,4,17,1227,13,1223,41929,43169,8.30205377326728,19.3939912085667,TRUE,11.4233755619125,0.545103176649054,3.92458070067524,TRUE,0.483193958627719,1.50581233652957,TRUE,2.19437704543257,0.222199057451206,1.27047234303922,TRUE,4,TRUE,no_formulation
FERROUS SULFATE (NCH) (FERROUS SULFATE) UNKNOWN,Death,3,3,1227,0,1224,41942,43169,35.2663398692811,70.3876608642351,TRUE,239.76929358922,1.51213583640502,12.3776316564589,TRUE,0.0852695221107739,3.26629832730546,TRUE,2.58018186461294,0.28569112094327,1.53256026774904,TRUE,4,TRUE,no_formulation
FIBER DRINK,Convulsion,3,5,820,2,817,42347,43169,31.699388004896,62.0877973282366,TRUE,72.5217125382263,0.828831189959314,14.2873833983189,TRUE,0.0949755611665779,3.11136572617197,TRUE,2.55645260652083,0.28569112094327,1.50883100965693,TRUE,4,TRUE,no_formulation
FIBERZON,Anxiety,5,5,1125,0,1120,42044,43169,38.5392857142857,150.477166729674,TRUE,412.752788933512,1.47740800893515,22.8084057718415,TRUE,0.130301836966342,3.91996994416423,TRUE,3.12531684616242,0.181795017047166,2.28962327942375,TRUE,4,TRUE,no_formulation
FIBERZON,Dry Mouth,5,5,209,0,204,42960,43169,211.588235294118,831.675039958359,TRUE,2310.8337408313,1.47876010041007,127.356962024471,TRUE,0.0242071857119692,6.33173786339901,TRUE,3.39122258358979,0.181795017047166,2.55552901685112,TRUE,4,TRUE,no_formulation
FIBERZON,Hallucination,5,5,321,0,316,42848,43169,136.594936708861,539.768500125082,TRUE,1489.20537124803,1.47817491438596,82.1687546946112,TRUE,0.0371794574810628,5.71974998576196,TRUE,3.35595557844818,0.181795017047166,2.52026201170952,TRUE,4,TRUE,no_formulation
FIBERZON,Mental Impairment,4,5,79,1,75,43089,43169,460.416,1334.39082234461,TRUE,1712.16556291391,0.94981952470531,266.098885822822,TRUE,0.00915008455141421,7.17617940768243,TRUE,3.14376210737315,0.222199057451206,2.2198574049798,TRUE,4,TRUE,no_formulation
FIBERZON,Tachycardia,4,5,352,1,348,42816,43169,99.2275862068966,295.954029138111,TRUE,368.578192252511,0.944341932157052,57.9014653608853,TRUE,0.0407699969885798,5.06172068518991,TRUE,3.0568379861233,0.222199057451206,2.13293328372994,TRUE,4,TRUE,no_formulation
FINEST NUTRITION FREE & PURE B-COMPLEX WITH VITAMIN C,Erythema,3,4,719,1,716,42449,43169,45.2147346368715,90.3934247148177,TRUE,138.239823214701,0.976626941670604,20.3850384110939,TRUE,0.0666218814427019,3.62070794966635,TRUE,2.62689670107554,0.28569112094327,1.57927510421164,TRUE,4,TRUE,no_formulation
FLINSTONES COMPLETE (MULTIVITAMINS) CHEWABLE TABLET,Dependence,5,21,444,16,439,42709,43169,23.4016704631739,85.8958636034241,TRUE,32.3924914675768,0.494694824386009,12.2843340401386,TRUE,0.215988324955408,3.19238446924306,TRUE,2.94142365070868,0.181795017047166,2.10573008397001,TRUE,4,TRUE,no_formulation
FLINSTONES COMPLETE (MULTIVITAMINS) CHEWABLE TABLET,Drug Dependence,6,21,258,15,252,42896,43169,48.9206349206349,231.644880246347,TRUE,71.2429894602364,0.471535778964048,28.2724065096235,TRUE,0.12550672936598,4.38021720970827,TRUE,3.37734240766101,0.153822989075138,2.60862503773169,TRUE,4,TRUE,no_formulation
FLINSTONES COMPLETE CHILDREN'S MULTIVITAMIN SUPPLEMENT CHEWABLE,Aphthous Stomatitis,3,3,10,0,7,43159,43169,6166.57142857143,8991.24986004092,TRUE,40282.2,1.55533623018225,1910.6637081547,TRUE,0.000694943130487155,9.63012570874261,TRUE,2.80535113223912,0.28569112094327,1.75772953537522,TRUE,4,TRUE,no_formulation
FLINSTONES COMPLETE CHILDREN'S MULTIVITAMIN SUPPLEMENT CHEWABLE,Decreased Appetite,3,3,606,0,603,42563,43169,71.5854063018242,145.502909762444,TRUE,493.694283347142,1.51241356144782,25.472154765652,TRUE,0.0421135537075216,4.27810548153281,TRUE,2.6906879398826,0.28569112094327,1.64306634301871,TRUE,4,TRUE,no_formulation
FLINSTONES COMPLETE CHILDRENS MULTIVITAMIN,Aphthous Stomatitis,3,3,10,0,7,43159,43169,6166.57142857143,8991.24986004092,TRUE,40282.2,1.55533623018225,1910.6637081547,TRUE,0.000694943130487155,9.63012570874261,TRUE,2.80535113223912,0.28569112094327,1.75772953537522,TRUE,4,TRUE,no_formulation
FLINSTONES COMPLETE CHILDRENS MULTIVITAMIN,Decreased Appetite,3,3,606,0,603,42563,43169,71.5854063018242,145.502909762444,TRUE,493.694283347142,1.51241356144782,25.472154765652,TRUE,0.0421135537075216,4.27810548153281,TRUE,2.6906879398826,0.28569112094327,1.64306634301871,TRUE,4,TRUE,no_formulation
FLINSTONES COMPLETE MULTIVITAMINS CHEWABLE TABLET,Drug Dependence,3,14,258,11,255,42900,43169,36.2647058823529,70.2231884772461,TRUE,51.1024419297201,0.613683967144249,15.3484072700292,TRUE,0.0836711529106535,3.29348725933222,TRUE,2.58412725004599,0.28569112094327,1.53650565318209,TRUE,4,TRUE,no_formulation
FLINSTONES COMPLETE MULTIVITAMINS CHEWABLE TABLET,Overdose,5,14,229,9,224,42931,43169,68.8058035714286,265.234401259729,TRUE,110.713046536162,0.539962013124484,38.4214593958339,TRUE,0.0742662558780606,4.72818026141326,TRUE,3.25963992266552,0.181795017047166,2.42394635592685,TRUE,4,TRUE,no_formulation
FLINSTONES GUMMIES,Overdose,3,5,229,2,226,42938,43169,114.594690265487,231.922174687089,TRUE,265.40353200883,0.830754227118122,52.0900079774915,TRUE,0.0265236628135931,4.93824407428265,TRUE,2.73278464721971,0.28569112094327,1.68516305035581,TRUE,4,TRUE,no_formulation
FLINSTONES GUMMIES (MULTIVITAMINS),Dependence,3,8,444,5,441,42720,43169,36.7015306122449,71.7928162017664,TRUE,61.5759291670956,0.685434811751426,16.0678246407265,TRUE,0.0822812666496792,3.31755361829153,TRUE,2.58756681229958,0.28569112094327,1.53994521543568,TRUE,4,TRUE,no_formulation
FLINSTONES GUMMIES MULTIVITAMINS,Dependence,3,7,444,4,441,42721,43169,41.9455782312925,82.7465852238028,TRUE,75.2612306530766,0.714300301705685,18.5586603569455,TRUE,0.0719961083184693,3.50933939329701,TRUE,2.613277685551,0.28569112094327,1.5656560886871,TRUE,4,TRUE,no_formulation
FLINTSTONES COMPLETE,Drug Dependence,4,44,258,40,254,42871,43169,15.4348604151754,40.1273271237171,TRUE,18.7170923379175,0.500865429881797,7.01282694256683,TRUE,0.262966480576339,2.38267504158348,TRUE,2.56023341983152,0.222199057451206,1.63632871743816,TRUE,4,TRUE,no_formulation
FLINTSTONES COMPLETE,Drug Exposure During Pregnancy,4,44,27,40,23,43102,43169,170.454545454545,438.883962437781,TRUE,203.794326241135,0.538042723439957,70.9906048778457,TRUE,0.0275197479672913,5.62295097962503,TRUE,3.09262799348388,0.222199057451206,2.16872329109053,TRUE,4,TRUE,no_formulation
FLINTSTONES COMPLETE,Haemorrhage,3,44,591,41,588,42537,43169,5.00057977736549,6.06710412038483,TRUE,6.09600679694138,0.558151785152902,2.04144202771551,TRUE,0.602376705506266,0.450727957751486,FALSE,1.66673761439411,0.28569112094327,0.619116017530213,TRUE,3,TRUE,no_formulation
FLINTSTONES COMPLETE,Premature Labour,3,44,17,41,14,43111,43169,210.024350649351,356.224089865425,TRUE,250.752388865808,0.615466801838152,75.049734623444,TRUE,0.0173272487201464,5.54269414882966,TRUE,2.75820583360339,0.28569112094327,1.71058423673949,TRUE,4,TRUE,no_formulation
FLINTSTONES COMPLETE (MULTIVITAMINS + MINERALS) CHEWABLE TABLET,Accidental Drug Intake By Child,4,36,30,32,26,43107,43169,184.32905982906,483.412194191775,TRUE,225.235123367199,0.539212852097816,78.2796490467396,TRUE,0.0250179526975376,5.7586714168609,TRUE,3.09948634055114,0.222199057451206,2.17558163815779,TRUE,4,TRUE,no_formulation
FLINTSTONES COMPLETE (MULTIVITAMINS + MINERALS) CHEWABLE TABLET,Failure Of Child Resistant Mechanism For Pharmaceutical Product,3,36,7,33,4,43129,43169,898.604166666667,1066.72796738772,TRUE,1001.34825870647,0.733355602822774,237.87031925004,TRUE,0.0058375222960921,7.05797303574367,TRUE,2.79060895894207,0.28569112094327,1.74298736207817,TRUE,4,TRUE,no_formulation
FLINTSTONES COMPLETE (MULTIVITAMINS) CHEWABLE TABLET,Dependence,6,49,444,43,438,42682,43169,12.0547945205479,50.0986112407174,TRUE,14.5446860378249,0.423247669939686,6.34495667580245,TRUE,0.503972758229285,2.3776057821029,TRUE,2.69471959437105,0.153822989075138,1.92600222444173,TRUE,4,TRUE,no_formulation
FLINTSTONES COMPLETE (MULTIVITAMINS) CHEWABLE TABLET,Drug Dependence,13,49,258,36,245,42875,43169,46.6938775510204,512.485311739252,TRUE,64.5949557793712,0.324912261151862,34.1686409441288,TRUE,0.292849035187287,4.71468555297041,TRUE,4.08976940567442,0.0740509093030578,3.55640838987121,TRUE,4,TRUE,no_formulation
FLINTSTONES COMPLETE (MULTIVITAMINS) CHEWABLE TABLET,Suicide Attempt,6,49,36,43,30,43090,43169,176,730.763771067275,TRUE,211.108535895986,0.457869797879874,86.0516403742543,TRUE,0.0408626560726447,5.99096736230254,TRUE,3.58710552315156,0.153822989075138,2.81838815322225,TRUE,4,TRUE,no_formulation
FLINTSTONES COMPLETE CHEWABLE,Coeliac Disease,3,22,460,19,457,42690,43169,12.8745772826736,22.1422311832242,TRUE,16.7484096959507,0.582413559046604,5.34826780923467,TRUE,0.234427482684334,1.81095815707535,TRUE,2.25266297073336,0.28569112094327,1.20504137386946,TRUE,4,TRUE,no_formulation
FLINTSTONES COMPLETE CHEWABLE,Illness,4,22,58,18,54,43093,43169,145.276094276094,408.221720350248,TRUE,192.333994545004,0.542814982738395,66.3747059558856,TRUE,0.0295582478167203,5.52108848677397,TRUE,3.08706371671154,0.222199057451206,2.16315901431818,TRUE,4,TRUE,no_formulation
FLINTSTONES COMPLETE CHEWABLE,Overdose,3,22,229,19,226,42921,43169,26.0339903459373,48.9554540745909,TRUE,34.0126224033509,0.584324093616588,10.8206514482222,TRUE,0.11670411637981,2.81510990872554,TRUE,2.50470454088861,0.28569112094327,1.45708294402472,TRUE,4,TRUE,no_formulation
FLINTSTONES COMPLETE MULTIVITAMINS + MINERALS CHEWABLE TABLET,Accidental Drug Intake By Child,3,18,30,15,27,43124,43169,266.364197530864,495.204191187303,TRUE,354.10146627566,0.621785525551079,104.67746596017,TRUE,0.0125089763487688,6.00197729768912,TRUE,2.77170574399431,0.28569112094327,1.72408414713041,TRUE,4,TRUE,no_formulation
FLINTSTONES COMPLETE MULTIVITAMINS + MINERALS CHEWABLE TABLET,Drug Exposure During Pregnancy,4,18,27,14,23,43128,43169,416.917874396135,1082.24663592449,TRUE,569.561995597946,0.57772321874489,183.557896119608,TRUE,0.0112580787138919,6.88691346076976,TRUE,3.13780136115376,0.222199057451206,2.2138966587604,TRUE,4,TRUE,no_formulation
FLINTSTONES COMPLETE MULTIVITAMINS CHEWABLE TABLET,Dependence,12,54,444,42,432,42683,43169,22.1784979423868,218.18690211859,TRUE,29.0265215912955,0.325368988611162,15.3403518432815,TRUE,0.555398549885334,3.64103169153174,TRUE,3.56606828338866,0.0799768352289838,3.01177683458608,TRUE,4,TRUE,no_formulation
FLINTSTONES COMPLETE MULTIVITAMINS CHEWABLE TABLET,Drug Dependence,15,54,258,39,243,42872,43169,49.2855509830819,627.322113566808,TRUE,69.0898812153978,0.306533335682069,37.8868067751554,TRUE,0.322731589798235,4.84038377263792,TRUE,4.23570256663984,0.0644929642612418,3.73795145262202,TRUE,4,TRUE,no_formulation
FLINTSTONES COMPLETE MULTIVITAMINS CHEWABLE TABLET,Dyspepsia,4,54,737,50,733,42382,43169,4.3570309736749,7.34392865134485,TRUE,5.14881856283788,0.493367128597922,1.95769490260952,TRUE,0.92191155690426,0.57427575971002,FALSE,1.66209326952563,0.222199057451206,0.738188567132277,TRUE,3,TRUE,no_formulation
FLINTSTONES COMPLETE MULTIVITAMINS CHEWABLE TABLET,Gastric Lavage,3,54,15,51,12,43103,43169,199.606481481481,328.638041347298,TRUE,234.349126213592,0.620608541203391,69.4369575320809,TRUE,0.0187634645231532,5.42996546844047,TRUE,2.75420613991382,0.28569112094327,1.70658454304993,TRUE,4,TRUE,no_formulation
FLINTSTONES COMPLETE MULTIVITAMINS CHEWABLE TABLET,Overdose,3,54,229,51,226,42889,43169,10.5985742379548,17.2176067454476,TRUE,12.8689641869736,0.556390230153196,4.32448770871511,TRUE,0.286455558386805,1.52217320050129,TRUE,2.15391777388058,0.28569112094327,1.10629617701669,TRUE,4,TRUE,no_formulation
FLINTSTONES COMPLETE MULTIVITAMINS CHEWABLE TABLET,Stomach Discomfort,3,54,97,51,94,43021,43169,25.4816784869976,46.7942888142018,TRUE,30.9395900755124,0.561904810636383,10.2851711859016,TRUE,0.121337070583057,2.75910715658733,TRUE,2.49390688516517,0.28569112094327,1.44628528830127,TRUE,4,TRUE,no_formulation
FLINTSTONES GUMMIES,Drug Dependence,3,20,258,17,255,42894,43169,25.3817647058824,47.7147045041021,TRUE,33.5769080234834,0.588892477617225,10.5868145173855,TRUE,0.119530218443791,2.78069039164229,TRUE,2.49810836341564,0.28569112094327,1.45048676655174,TRUE,4,TRUE,no_formulation
FLINTSTONES GUMMIES (MULTIVITAMINS),Dependence,12,24,444,12,432,42713,43169,49.9363425925926,518.630320403541,TRUE,98.7595375722543,0.402908861320042,44.8348892368955,TRUE,0.246843799949037,4.80983891036405,TRUE,4.06497774526577,0.0799768352289838,3.51068629646319,TRUE,4,TRUE,no_formulation
FLINTSTONES GUMMIES (MULTIVITAMINS),Drug Dependence,9,24,258,15,249,42896,43169,64.9774096385542,490.051100567247,TRUE,105.376365634495,0.416906002456518,46.5442098873077,TRUE,0.143436262132549,5.03187437258768,TRUE,3.88405836409565,0.105239993123721,3.24822036776003,TRUE,4,TRUE,no_formulation
FLINTSTONES GUMMIES MULTIVITAMINS,Dependence,6,17,444,11,438,42714,43169,34.7719580983078,163.932529827375,TRUE,55.0581032174905,0.49305840277745,20.946982033348,TRUE,0.174847691630568,3.90299836668353,TRUE,3.26780588023338,0.153822989075138,2.49908851030406,TRUE,4,TRUE,no_formulation
FLINTSTONES GUMMIES MULTIVITAMINS,Drug Abuser,3,17,18,14,15,43137,43169,507.670588235294,877.438113439253,TRUE,671.774193548387,0.647471322665638,188.835916274758,TRUE,0.00708841993096898,6.79212675020568,TRUE,2.78704568811116,0.28569112094327,1.73942409124726,TRUE,4,TRUE,no_formulation
FLINTSTONES GUMMIES MULTIVITAMINS,Drug Dependence,7,17,258,10,251,42901,43169,70.790719475041,405.527634069824,TRUE,121.844646407271,0.482256032539651,47.3480208004281,TRUE,0.101600685677222,5.01371560426646,TRUE,3.64001247916091,0.133310168562317,2.9243838439394,TRUE,4,TRUE,no_formulation
FLINTSTONES GUMMIES MULTIVITAMINS ORAL DROPS,Dependence,3,8,444,5,441,42720,43169,36.7015306122449,71.7928162017664,TRUE,61.5759291670956,0.685434811751426,16.0678246407265,TRUE,0.0822812666496792,3.31755361829153,TRUE,2.58756681229958,0.28569112094327,1.53994521543568,TRUE,4,TRUE,no_formulation
FLINTSTONES GUMMIES MULTIVITAMINS ORAL DROPS,Drug Dependence,3,8,258,5,255,42906,43169,63.4720588235294,126.547518473888,TRUE,106.865504358655,0.686636489235275,27.8202328490082,TRUE,0.0478120873775163,4.09641096342824,TRUE,2.67560191773773,0.28569112094327,1.62798032087383,TRUE,4,TRUE,no_formulation
FLINTSTONES MULTIVITAMINS,Drug Dependence,3,6,258,3,255,42908,43169,84.6333333333334,170.371064866592,TRUE,167.939334637965,0.758528688421943,37.9734253254295,TRUE,0.0358590655331372,4.5080113449732,TRUE,2.70742940467994,0.28569112094327,1.65980780781604,TRUE,4,TRUE,no_formulation
FLINTSTONES PLUS IRON,Diarrhoea,3,7,3103,4,3100,40062,43169,5.96709677419355,8.53973259701313,TRUE,10.0499023454998,0.712940388503389,2.48481884159734,TRUE,0.503161991243717,0.710208356882853,FALSE,1.80280032997229,0.28569112094327,0.75517873310839,TRUE,3,TRUE,no_formulation
FLINTSTONES UNKNOWN MULTIVITAMINS,Drug Dependence,3,7,258,4,255,42907,43169,72.5411764705882,145.328195591047,TRUE,130.616438356164,0.71545349828637,32.1359782499725,TRUE,0.0418355764553267,4.28758198810334,TRUE,2.69142789418646,0.28569112094327,1.64380629732256,TRUE,4,TRUE,no_formulation
FLINTSTONES WITH IRON,Anaphylactic Reaction,4,14,370,10,366,42789,43169,33.6885245901639,96.0630851242106,TRUE,50.0364451374001,0.565872954504881,16.5046251182838,TRUE,0.119993513864115,3.51234962605488,TRUE,2.85959997367697,0.222199057451206,1.93569527128362,TRUE,4,TRUE,no_formulation
FLINTSTONES WITH IRON,Malaise,3,14,1895,11,1892,41263,43169,4.88768498942918,6.05195700606819,TRUE,6.63590833381196,0.610920161339904,2.00389350889437,TRUE,0.614561375060808,0.421853195455027,FALSE,1.6508788590195,0.28569112094327,0.603257262155602,TRUE,3,TRUE,no_formulation
FLINTSTONES WITH IRON (MULTIVITAMINS + IRON) CHEWABLE TABLET,Accidental Drug Intake By Child,5,5,30,0,25,43139,43169,1726.56,5823.53953957101,TRUE,18609.1960784314,1.49032112267941,1002.62992310106,TRUE,0.00347471565243578,9.01617978544257,TRUE,3.44944038518093,0.181795017047166,2.61374681844227,TRUE,4,TRUE,no_formulation
FLINTSTONES WITH IRON MULTIVITAMINS + IRON CHEWABLE TABLET,Accidental Drug Intake By Child,3,4,30,1,27,43138,43169,1199.02777777778,2245.15634197425,TRUE,3660.23636363636,0.994368025377766,521.297905954738,TRUE,0.00277977252194862,8.04250877115698,TRUE,2.79935640749936,0.28569112094327,1.75173481063546,TRUE,4,TRUE,no_formulation
FLORASTOR,Clostridium Difficile Infection,6,39,37,33,31,43099,43169,214.044665012407,895.572853761568,TRUE,265.479033404407,0.464183297831963,106.883195096724,TRUE,0.0334267645764322,6.27806528841347,TRUE,3.60707759940139,0.153822989075138,2.83836022947207,TRUE,4,TRUE,no_formulation
FLORASTOR,Fungaemia,6,39,40,33,34,43096,43169,195.158371040724,827.641227558597,TRUE,242.377027903958,0.461200185496093,98.1544360912127,TRUE,0.0361370427853321,6.16669506647238,TRUE,3.59976599578563,0.153822989075138,2.83104862585631,TRUE,4,TRUE,no_formulation
FLORASTOR,Fungal Infection,3,39,67,36,64,43066,43169,51.8389423076923,98.5577543679107,TRUE,64.0258043963046,0.573270129922493,20.8150595413129,TRUE,0.0605295466654312,3.75831747408859,TRUE,2.64249259448661,0.28569112094327,1.59487099762271,TRUE,4,TRUE,no_formulation
FLORASTOR,Pneumonia,5,39,221,34,216,42914,43169,25.599477682811,93.1843205557981,TRUE,31.6001941292633,0.464161533150038,12.7229399446615,TRUE,0.19965716138896,3.30562501769708,TRUE,2.9747115525047,0.181795017047166,2.13901798576604,TRUE,4,TRUE,no_formulation
FLORASTOR,Sepsis,5,39,105,34,100,43030,43169,55.2948717948718,205.25215078506,TRUE,68.258057538395,0.469869319227187,27.17647258724,TRUE,0.0948597373114967,4.37653851770618,TRUE,3.20881017979343,0.181795017047166,2.37311661305477,TRUE,4,TRUE,no_formulation
FLORASTOR (SACCHAROMYCES BOULARDII LYOPHILISED),Death,4,18,1227,14,1223,41928,43169,7.8406468610884,17.9734468889668,TRUE,10.6353029043304,0.540396999370843,3.68769208558805,TRUE,0.511617132664644,1.4234072971912,TRUE,2.15326162575694,0.222199057451206,1.22935692336359,TRUE,4,TRUE,no_formulation
FLORASTOR (SACCHAROMYCES BOULARDII LYOPHILISED),Fungaemia,15,18,40,3,25,43126,43169,1438.36666666667,12593.879974406,TRUE,7489.75630252101,0.624074746020319,2204.16721749821,TRUE,0.0166786351316917,9.08668106844899,TRUE,4.90685717629532,0.0644929642612418,4.4091060622775,TRUE,4,TRUE,no_formulation
FLORASTOR DAILY PROBIOTIC SUPPLEMENT,Fungal Infection,4,10,67,6,63,43096,43169,274.025396825397,783.697064414983,TRUE,469.858873410055,0.625970934872285,137.762246504365,TRUE,0.0155203965808798,6.43552416691374,TRUE,3.12582358733191,0.222199057451206,2.20191888493856,TRUE,4,TRUE,no_formulation
FLORASTOR SACCHAROMYCES BOULARDII,Fungaemia,4,8,40,4,36,43125,43169,599.458333333333,1647.4021724111,TRUE,1181.52054794521,0.686924226429208,307.41111977368,TRUE,0.00741272672519632,7.46773991324758,TRUE,3.14869339136798,0.222199057451206,2.22478868897462,TRUE,4,TRUE,no_formulation
FLOYD NUTRITION SLIM TRIM U,Dyspnoea,3,6,3460,3,3457,39706,43169,6.24284061324848,9.21729363819079,TRUE,11.4841648590022,0.756136880823564,2.60893171064572,TRUE,0.480900646297111,0.775446731172203,FALSE,1.83517600114611,0.28569112094327,0.787554404282209,TRUE,3,TRUE,no_formulation
FLOYD NUTRITION SLIM TRIM U,Heart Rate Increased,3,6,1482,3,1479,41684,43169,14.5919540229885,26.4605101771958,TRUE,28.1747211895911,0.756391740556833,6.39743643262539,TRUE,0.205981143876393,1.99729517963469,TRUE,2.30965336602543,0.28569112094327,1.26203176916154,TRUE,4,TRUE,no_formulation
FLOYD NUTRITION SLIM TRIM U,Insomnia,3,6,853,3,850,42313,43169,25.39,48.8067317083055,TRUE,49.7513227513228,0.756721866673338,11.2893769714977,TRUE,0.118557298061109,2.79244727649042,TRUE,2.50037577614937,0.28569112094327,1.45275417928548,TRUE,4,TRUE,no_formulation
FLUSH,Dehydration,3,12,879,9,876,42281,43169,12.31649543379,21.261965828427,TRUE,17.7722700933738,0.626212420770155,5.20834964057679,TRUE,0.244342004679284,1.75128389782949,TRUE,2.23331736458533,0.28569112094327,1.18569576772143,TRUE,4,TRUE,no_formulation
FORMULA 2 MULTIVITAMIN COMPLEX,Hepatic Enzyme Increased,3,17,563,14,560,42592,43169,13.5983193277311,23.7303943797382,TRUE,18.3424590113507,0.597065660198126,5.69147728643478,TRUE,0.221710023396419,1.89130441144569,TRUE,2.27786372531853,0.28569112094327,1.23024212845464,TRUE,4,TRUE,no_formulation
FORMULA 2 MULTIVITAMIN COMPLEX,Vomiting,5,17,3595,12,3590,39562,43169,3.5353105030313,7.33273988692331,TRUE,4.84821055563292,0.511978486873653,1.77736484812434,TRUE,1.41571498065742,0.481827659935758,FALSE,1.52154868521424,0.181795017047166,0.685855118475571,TRUE,3,TRUE,no_formulation
FRUTA PLANTA,Heart Rate Increased,3,16,1482,13,1479,41674,43169,5.47071501014199,7.17669779006363,TRUE,7.30280500168976,0.600406744881199,2.25119525855485,TRUE,0.549283050337047,0.583764436862382,FALSE,1.73795101608285,0.28569112094327,0.690329419218954,TRUE,3,TRUE,no_formulation
FRUTA PLANTA,Hypertension,3,16,735,13,732,42421,43169,11.0535348360656,18.5375012046323,TRUE,15.0145620022753,0.600980133160876,4.62325715843326,TRUE,0.272417707150965,1.59457472826869,TRUE,2.17990177947402,0.28569112094327,1.13228018261013,TRUE,4,TRUE,no_formulation
FRUTA PLANTA,Insomnia,4,16,853,12,849,42304,43169,12.7070082449941,32.7216944349822,TRUE,17.927745732784,0.550838473063152,6.09035362480879,TRUE,0.316152794829623,2.11724965070664,TRUE,2.46301382684448,0.222199057451206,1.53910912445113,TRUE,4,TRUE,no_formulation
FRUTA PLANTA,Palpitations,4,16,1189,12,1185,41968,43169,9.10400843881857,21.8478465744526,TRUE,12.7445466048081,0.550535716874936,4.33210452645908,TRUE,0.440686603812921,1.63856254224796,TRUE,2.25813893706611,0.222199057451206,1.33423423467276,TRUE,4,TRUE,no_formulation
FRUTA PLANTA,Tachycardia,4,16,352,12,348,42805,43169,31.0007183908046,87.7740817764437,TRUE,44.2180200860832,0.552372179029008,14.9765093367619,TRUE,0.130463990363455,3.39198598822336,TRUE,2.83543912451949,0.222199057451206,1.91153442212613,TRUE,4,TRUE,no_formulation
GARCINIA CAMBOGIA,Alanine Aminotransferase Increased,9,28,468,19,459,42682,43169,30.2107843137255,223.890307305422,TRUE,45.2536201556876,0.398428056926418,20.7254762201545,TRUE,0.303551159396789,3.95216948819239,TRUE,3.56346572997077,0.105239993123721,2.92762773363516,TRUE,4,TRUE,no_formulation
GARCINIA CAMBOGIA,Aspartate Aminotransferase Increased,9,28,460,19,451,42690,43169,30.7466740576497,228.029827400592,TRUE,46.064088366414,0.398476439725359,21.094657942496,TRUE,0.298362250689152,3.97701570613241,TRUE,3.57281210162256,0.105239993123721,2.93697410528695,TRUE,4,TRUE,no_formulation
GARCINIA CAMBOGIA,Biopsy Liver Abnormal,3,28,33,25,30,43111,43169,154.075,287.4255147166,TRUE,194.008678881389,0.598113745788998,60.0753707357265,TRUE,0.0214042484190044,5.24320810758977,TRUE,2.74688067889685,0.28569112094327,1.69925908203296,TRUE,4,TRUE,no_formulation
GARCINIA CAMBOGIA,Blood Alkaline Phosphatase Increased,4,28,196,24,192,42949,43169,32.0989583333333,89.9529962465201,TRUE,40.9801749271137,0.517934973819849,14.8490495927437,TRUE,0.127128263337117,3.42925311964252,TRUE,2.84309255608393,0.222199057451206,1.91918785369058,TRUE,4,TRUE,no_formulation
GARCINIA CAMBOGIA,Blood Bilirubin Increased,4,28,364,24,360,42781,43169,17.1194444444444,45.5351496532914,TRUE,21.7970222763169,0.515592715664545,7.93443100912917,TRUE,0.236095346197503,2.5379694779351,TRUE,2.61196044611103,0.222199057451206,1.68805574371767,TRUE,4,TRUE,no_formulation
GARCINIA CAMBOGIA,Chromaturia,4,28,441,24,437,42704,43169,14.1029748283753,36.5088276114937,TRUE,17.9284198250729,0.515119092807178,6.53226492042,TRUE,0.286038592508513,2.26149645024191,TRUE,2.51725294942618,0.222199057451206,1.59334824703282,TRUE,4,TRUE,no_formulation
GARCINIA CAMBOGIA,Depression,3,28,369,25,366,42775,43169,12.6290983606557,21.5510631931092,TRUE,16.019500842629,0.572435029341675,5.21653884393293,TRUE,0.239338414139776,1.78109134968739,TRUE,2.24304814290257,0.28569112094327,1.19542654603868,TRUE,4,TRUE,no_formulation
GARCINIA CAMBOGIA,Drug-Induced Liver Injury,4,28,108,24,104,43037,43169,59.2596153846154,168.474963196235,TRUE,75.6444683136412,0.522140941024219,27.1845302598221,TRUE,0.0700502675531052,4.28590112474442,TRUE,2.98076395327683,0.222199057451206,2.05685925088348,TRUE,4,TRUE,no_formulation
GARCINIA CAMBOGIA,Elevated Mood,3,28,4,25,1,43140,43169,4622.25,2405.77015654112,TRUE,3947.49673202614,0.995801093958964,560.6331522743,TRUE,0.00259445435381871,8.13072321129913,TRUE,2.79988826439012,0.28569112094327,1.75226666752622,TRUE,4,TRUE,no_formulation
GARCINIA CAMBOGIA,Fatigue,5,28,1718,23,1713,41428,43169,4.4972270869819,10.7201742952431,TRUE,5.65861214758892,0.474319630731468,2.23337117654724,TRUE,1.11431814496514,0.827102357106119,FALSE,1.76850669000134,0.181795017047166,0.932813123262673,TRUE,3,TRUE,no_formulation
GARCINIA CAMBOGIA,Headache,5,28,2348,23,2343,40798,43169,3.28798548868971,6.15828517762079,TRUE,4.07449759179986,0.47415461212059,1.60866462437715,TRUE,1.52294470569158,0.376519661031609,FALSE,1.44297473221355,0.181795017047166,0.607281165474888,TRUE,3,TRUE,no_formulation
GARCINIA CAMBOGIA,Irritability,3,28,154,25,151,42990,43169,30.6109271523179,57.9149439410291,TRUE,38.9482301171294,0.575807166513064,12.5994263488306,TRUE,0.0998864926220204,3.03888890659847,TRUE,2.54459346959534,0.28569112094327,1.49697187273144,TRUE,4,TRUE,no_formulation
GARCINIA CAMBOGIA,Jaundice,4,28,578,24,574,42567,43169,10.7369337979094,26.4210615381743,TRUE,13.6092609367507,0.514589821986317,4.96371504378274,TRUE,0.374898654126804,1.87161713889221,TRUE,2.36273718756379,0.222199057451206,1.43883248517044,TRUE,4,TRUE,no_formulation
GARCINIA CAMBOGIA,Lipase Increased,3,28,68,25,65,43076,43169,71.1115384615385,137.053711444553,TRUE,90.2665768597515,0.583284117797689,28.7756742628754,TRUE,0.0441057240149181,4.21195318299847,TRUE,2.68539601125535,0.28569112094327,1.63777441439145,TRUE,4,TRUE,no_formulation
GARCINIA CAMBOGIA,Myalgia,3,28,357,25,354,42787,43169,13.0572033898305,22.4228329650301,TRUE,16.5664150004148,0.57251569216188,5.39378139554788,TRUE,0.23155505107832,1.82871837210267,TRUE,2.25831658261637,0.28569112094327,1.21069498575247,TRUE,4,TRUE,no_formulation
GARCINIA CAMBOGIA,Pancreatitis,3,28,198,25,195,42946,43169,23.7038461538462,44.0251275599387,TRUE,30.1514969159019,0.574515749381529,9.77847657127337,TRUE,0.128425490514026,2.67742148484064,TRUE,2.47754131579675,0.28569112094327,1.42991971893285,TRUE,4,TRUE,no_formulation
GARCINIA CAMBOGIA,Somnolence,5,28,291,23,286,42855,43169,26.9361888111888,99.2081443223296,TRUE,35.0087631354202,0.477373133860208,13.7349964774567,TRUE,0.188746554240311,3.3865558483949,TRUE,2.99738651754373,0.181795017047166,2.16169295080507,TRUE,4,TRUE,no_formulation
GAS-X PREVENTION (NCH) (ALPHA-GALACTOSIDASE) CAPSULE,Malaise,3,16,1895,13,1892,41261,43169,4.2765261627907,4.81400640003459,TRUE,5.65253681686971,0.60028409694177,1.74289514773047,TRUE,0.702355857212352,0.229309183778442,FALSE,1.54149097321785,0.28569112094327,0.493869376353954,TRUE,3,TRUE,no_formulation
GCB TRIM COFFEE BEAN EXTRACT,Urinary Tract Infection,3,3,312,0,309,42857,43169,139.695792880259,285.358311380135,TRUE,969.313408723748,1.51293378461312,49.9607539876815,TRUE,0.0216822256711992,5.22488552074071,TRUE,2.74611173706379,0.28569112094327,1.69849014019989,TRUE,4,TRUE,no_formulation
GERITOL LIQUID,Vomiting,4,7,3595,3,3591,39571,43169,6.86828181565024,15.9256735575758,TRUE,14.1661263698017,0.712909681406575,3.5027580497023,TRUE,0.582941462623642,1.23523967307845,TRUE,2.05496973990421,0.222199057451206,1.13106503751085,TRUE,4,TRUE,no_formulation
GLUTADOSE,Dyspnoea,4,5,3460,1,3456,39708,43169,9.99166666666667,26.0598731182402,TRUE,34.464197888037,0.942975812208079,5.42863896169708,TRUE,0.400750538580926,1.77549879487127,TRUE,2.32072548705446,0.222199057451206,1.39682078466111,TRUE,4,TRUE,no_formulation
GNC AMP WHEYBOLIC,Nausea,3,7,3887,4,3884,39278,43169,4.76261585993821,6.0961636408404,TRUE,7.86457573547289,0.712895083828127,1.94467375424012,TRUE,0.630290254580833,0.385414112460277,FALSE,1.63066162280374,0.28569112094327,0.583040025939843,TRUE,3,TRUE,no_formulation
GNC HERBAL PLUS WHOLE HERB FENUGREEK SUPPLEMENT 100 CAPSULES,Flatulence,3,3,475,0,472,42694,43169,91.4533898305085,186.434935939806,TRUE,632.511111111111,1.5125654068672,32.6246973823073,TRUE,0.0330097986981399,4.62627008620459,TRUE,2.71512096162792,0.28569112094327,1.66749936476402,TRUE,4,TRUE,no_formulation
GNC HERBAL PLUS WHOLE HERB FENUGREEK SUPPLEMENT 100 CAPSULES,Haematochezia,3,3,638,0,635,42531,43169,67.9779527559055,138.058780627841,TRUE,468.482297403619,1.51238598308179,24.1726490253094,TRUE,0.0443373717250805,4.20445426797637,TRUE,2.68478192861007,0.28569112094327,1.63716033174618,TRUE,4,TRUE,no_formulation
GNC MEGA MEN SPORT MULTIVITAMIN,Dyspnoea,3,6,3460,3,3457,39706,43169,6.24284061324848,9.21729363819079,TRUE,11.4841648590022,0.756136880823564,2.60893171064572,TRUE,0.480900646297111,0.775446731172203,FALSE,1.83517600114611,0.28569112094327,0.787554404282209,TRUE,3,TRUE,no_formulation
GNC MENS STAMINOL RAPID SURGE,Chest Pain,3,4,1313,1,1310,41855,43169,24.712786259542,47.9566852864507,TRUE,74.523337148671,0.976303186328479,10.9962915204014,TRUE,0.121661377377285,2.75526719108878,TRUE,2.49315406714654,0.28569112094327,1.44553247028264,TRUE,4,TRUE,no_formulation
GNC MENS STAMINOL RAPID SURGE,Heart Rate Increased,3,4,1482,1,1479,41686,43169,21.8889452332657,42.1002730453945,TRUE,65.7441703278135,0.9762585953445,9.70172937825249,TRUE,0.137320762584262,2.58105340716308,TRUE,2.45726335542694,0.28569112094327,1.40964175856305,TRUE,4,TRUE,no_formulation
GNC NIACIN,Burning Sensation,4,9,564,5,560,42600,43169,34.2539682539683,98.6066692187332,TRUE,62.1854675208823,0.63706200582325,17.8406542536422,TRUE,0.117584377678427,3.5415250128701,TRUE,2.86521683745898,0.222199057451206,1.94131213506563,TRUE,4,TRUE,no_formulation
GNC NIACIN,Dyspnoea,3,9,3460,6,3457,39703,43169,4.16160447401408,4.76878223293076,TRUE,6.18331386617721,0.663230617942524,1.68526419009138,TRUE,0.721350969445667,0.190828623070621,FALSE,1.51887708690823,0.28569112094327,0.471255490044331,TRUE,3,TRUE,no_formulation
GNC NIACIN,Erythema,4,9,719,5,715,42445,43169,26.8282828282828,76.1554827426967,TRUE,48.5368782161235,0.636758657344409,13.9332339240489,TRUE,0.149899233246079,3.19213749886297,TRUE,2.79163705044369,0.222199057451206,1.86773234805034,TRUE,4,TRUE,no_formulation
GNC NIACIN,Pruritus,3,9,1457,6,1454,41706,43169,9.89454378725355,16.4373268058398,TRUE,15.4399079778935,0.663529907482247,4.20568409353525,TRUE,0.303759642335936,1.43765307876037,TRUE,2.12251887704958,0.28569112094327,1.07489728018568,TRUE,4,TRUE,no_formulation
GNC PRO PERFORMANCE AMP AMPLIFIED WHEYBOLIC EXTREME 60,Vomiting,4,7,3595,3,3591,39571,43169,6.86828181565024,15.9256735575758,TRUE,14.1661263698017,0.712909681406575,3.5027580497023,TRUE,0.582941462623642,1.23523967307845,TRUE,2.05496973990421,0.222199057451206,1.13106503751085,TRUE,4,TRUE,no_formulation
GNC TRIPLE STRENGTH FISH OIL,Dyspnoea,3,5,3460,2,3457,39707,43169,7.49158229678912,11.9560391626621,TRUE,16.0782357194505,0.828268492816819,3.17104216606442,TRUE,0.400750538580926,1.03827454088892,TRUE,1.95815540766975,0.28569112094327,0.910533810805856,TRUE,4,TRUE,no_formulation
GO RUBY GO,Blood Glucose Increased,3,24,406,21,403,42742,43169,13.3824441687345,23.1456221884491,TRUE,17.2443157257716,0.578556500511962,5.54841235695843,TRUE,0.225717528782228,1.86549969756242,TRUE,2.26987490002464,0.28569112094327,1.22225330316074,TRUE,4,TRUE,no_formulation
GO RUBY GO,Blood Pressure Increased,5,24,1929,19,1924,41221,43169,4.6717992030492,11.4734611908412,TRUE,6.04134940144293,0.483367466602696,2.342519743042,TRUE,1.07243623896778,0.88235425352107,FALSE,1.80643010047708,0.181795017047166,0.97073653373841,TRUE,3,TRUE,no_formulation
GO RUBY GO,Cerebrovascular Accident,3,24,676,21,673,42472,43169,8.01355869242199,12.2036753930467,TRUE,10.265965711918,0.577697359577315,3.30867332006694,TRUE,0.375825244967454,1.13083481893995,TRUE,1.99863998201573,0.28569112094327,0.951018385151834,TRUE,4,TRUE,no_formulation
GOVVI WOW,Chest Pain,3,5,1313,2,1310,41854,43169,19.7697709923664,37.391219692094,TRUE,44.7129339946585,0.828553707094056,8.81361376622312,TRUE,0.152076721721606,2.43415429079115,TRUE,2.42424129859979,0.28569112094327,1.37661970173589,TRUE,4,TRUE,no_formulation
GREEN TEA FAT BURNER,Abdominal Distension,3,20,715,17,712,42437,43169,9.09037921348314,14.4446514924461,TRUE,11.9122807017544,0.586757373787389,3.77169841172476,TRUE,0.331256225532211,1.31277142274116,TRUE,2.07398977661874,0.28569112094327,1.02636817975484,TRUE,4,TRUE,no_formulation
GREEN TEA FAT BURNER,Chromaturia,4,20,441,16,437,42712,43169,19.7478260869565,53.7348355338977,TRUE,26.625974025974,0.533982592847381,9.34911161655958,TRUE,0.204313280363224,2.74622905652166,TRUE,2.67563581023237,0.222199057451206,1.75173110783902,TRUE,4,TRUE,no_formulation
GREEN TEA FAT BURNER,Decreased Appetite,3,20,606,17,603,42546,43169,10.7335820895522,17.8000034692927,TRUE,14.0999171499586,0.58697329358464,4.46246483093398,TRUE,0.280757024716811,1.55112722902513,TRUE,2.16440937225914,0.28569112094327,1.11678777539524,TRUE,4,TRUE,no_formulation
GREEN TEA FAT BURNER,Hepatic Failure,3,20,169,17,166,42983,43169,38.9900602409639,75.2318705866784,TRUE,51.6318318318318,0.590666076226044,16.2230467291185,TRUE,0.0782969260348861,3.38885579988967,TRUE,2.59747258351804,0.28569112094327,1.54985098665414,TRUE,4,TRUE,no_formulation
GREEN TEA FAT BURNER,Jaundice,5,20,578,15,573,42576,43169,18.8259162303665,67.8273819100144,TRUE,26.3431391849706,0.498097859008042,9.92380151317611,TRUE,0.267784752947717,2.88270855898089,TRUE,2.84065780281248,0.181795017047166,2.00496423607382,TRUE,4,TRUE,no_formulation
GREEN TEA FAT BURNER,Liver Injury,3,20,330,17,327,42822,43169,19.793119266055,36.3270211758145,TRUE,26.1511450381679,0.588161483082112,8.25729019395009,TRUE,0.152887488707174,2.4265005744347,TRUE,2.42244862160444,0.28569112094327,1.37482702474054,TRUE,4,TRUE,no_formulation
GRIPE WATER,Vomiting,3,7,3595,4,3592,39570,43169,5.14977728285078,6.87825494824381,TRUE,8.5670300780948,0.712909627496552,2.11830926503925,TRUE,0.582941462623642,0.498015419096096,FALSE,1.6923996605195,0.28569112094327,0.644778063655603,TRUE,3,TRUE,no_formulation
GUNDRY MD ACTIVE ADVANTAGE,Hospitalisation,3,3,708,0,705,42461,43169,61.2283687943262,124.120773202009,TRUE,421.304748405386,1.51233437800769,21.740590839802,TRUE,0.0492019736384906,4.05536182594427,TRUE,2.67194620691271,0.28569112094327,1.62432461004881,TRUE,4,TRUE,no_formulation
GUNDRY MD BIO COMPLETE 3,Diarrhoea,7,30,3103,23,3096,40043,43169,3.25121662360034,9.43332543460857,TRUE,4.12718889892844,0.4198028619787,1.81263739993121,TRUE,2.15640853390164,0.61072151735915,FALSE,1.49741355716542,0.133310168562317,0.781784921943912,TRUE,3,TRUE,no_formulation
GUNDRY MD BIO COMPLETE 3,Hospitalisation,7,30,708,23,701,42438,43169,14.3591535901094,74.6376841981216,TRUE,19.3074869959509,0.421112342590509,8.45800014725519,TRUE,0.492019736384906,2.74178439841897,TRUE,2.91844986695895,0.133310168562317,2.20282123173744,TRUE,4,TRUE,no_formulation
GUNDRY MD MCT WELLNESS BLUEBERRY LEMONADE,Hospitalisation,3,3,708,0,705,42461,43169,61.2283687943262,124.120773202009,TRUE,421.304748405386,1.51233437800769,21.740590839802,TRUE,0.0492019736384906,4.05536182594427,TRUE,2.67194620691271,0.28569112094327,1.62432461004881,TRUE,4,TRUE,no_formulation
GUNDRY MD MCT WELLNESS WATERMELON LEMONADE,Hospitalisation,8,13,708,5,700,42456,43169,37.9393406593407,253.268181874823,TRUE,93.6682239958471,0.548558425247436,31.9631761008142,TRUE,0.213208552433459,4.22341924994776,TRUE,3.57506693300744,0.117623894052513,2.90285866811319,TRUE,4,TRUE,no_formulation
GUNDRY MD TOTAL RESTORE,Hospitalisation,9,20,708,11,699,42450,43169,27.7783261802575,207.084253212861,TRUE,50.1326724057557,0.440082752500653,21.1599605889764,TRUE,0.328013157589937,3.84047749167991,TRUE,3.52020191519701,0.105239993123721,2.8843639188614,TRUE,4,TRUE,no_formulation
HEALTHY LIFE CHEMISTRY MULTIMINERALS,Fatigue,3,3,1718,0,1715,41451,43169,25.1696793002916,49.4391267128175,TRUE,169.140483823958,1.51205863997564,8.73287552996339,TRUE,0.119391229817693,2.78236409208668,TRUE,2.49843206142367,0.28569112094327,1.45081046455977,TRUE,4,TRUE,no_formulation
HERBAL CLEANSE - PEACHES & CREAM FIBER DRINK,Nausea,3,4,3887,1,3884,39281,43169,8.3351570545829,13.9725708771689,TRUE,23.5955292401425,0.976045000523228,3.4834007864391,TRUE,0.360165859760476,1.19217790312469,TRUE,2.02466814552255,0.28569112094327,0.977046548658649,TRUE,4,TRUE,no_formulation
HERBAL CLEANSE DIETARY SUPPLEMENT,Nausea,3,5,3887,2,3884,39280,43169,6.66797116374871,10.2573699402214,TRUE,14.1569571373407,0.828249465455796,2.79222067876519,TRUE,0.450207324700595,0.870525639412634,FALSE,1.88104068909697,0.28569112094327,0.833419092233074,TRUE,3,TRUE,no_formulation
"HERBAL CLEANSE PACK (RESTORE, HERBAL CLEANSE)",Nausea,3,3,3887,0,3884,39282,43169,11.1138002059732,20.2304733758721,TRUE,70.7883897541511,1.51195144622163,3.6556362919491,TRUE,0.270124394820357,1.60675580093811,TRUE,2.1841915201041,0.28569112094327,1.1365699232402,TRUE,4,TRUE,no_formulation
HERBAL CLEANSE WITH CITRUS FIBER DRINK,Abdominal Pain,3,17,1676,14,1673,41479,43169,4.55173868710664,5.33885198187822,TRUE,5.98284619267898,0.596071691405438,1.86003609143038,TRUE,0.660010655794667,0.318976651290131,FALSE,1.59321686412586,0.28569112094327,0.545595267261966,TRUE,3,TRUE,no_formulation
HERBAL CLEANSE WITH CITRUS FIBER DRINK,Blood Potassium Decreased,3,17,213,14,210,42942,43169,36.2621848739496,69.9680562687785,TRUE,49.2419526578753,0.599544563592547,15.2052172914464,TRUE,0.0838796358497996,3.28991168305113,TRUE,2.58361202225717,0.28569112094327,1.53599042539327,TRUE,4,TRUE,no_formulation
HERBAL CLEANSE WITH CITRUS FIBER DRINK,Blood Pressure Increased,3,17,1929,14,1926,41226,43169,3.95382078064871,4.17534389092441,TRUE,5.16544206484871,0.596005985912269,1.60611618151013,TRUE,0.759642335935509,0.116244401965633,FALSE,1.47434077041337,0.28569112094327,0.426719173549472,TRUE,3,TRUE,no_formulation
HERBAL CLEANSE WITH CITRUS FIBER DRINK,Chest Pain,4,17,1313,13,1309,41843,43169,7.75661708533681,17.7554814759811,TRUE,10.6512663866616,0.545053983674033,3.65967002641185,TRUE,0.51706085385346,1.40814801384999,TRUE,2.1455189988191,0.222199057451206,1.22161429642574,TRUE,4,TRUE,no_formulation
HERBAL CLEANSE WITH CITRUS FIBER DRINK,Dizziness,4,17,2837,13,2833,40319,43169,3.58397873798302,5.44160726370428,TRUE,4.74319157696606,0.544677903542642,1.6309155539228,TRUE,1.11721374134217,0.297165031814654,FALSE,1.47641463419795,0.222199057451206,0.552509931804591,TRUE,3,TRUE,no_formulation
HERBAL EQUILIBRIUM,Nausea,4,12,3887,8,3883,39274,43169,3.70478152631127,5.9556266084223,TRUE,5.35403176334265,0.583225721772902,1.70698296291259,TRUE,1.08049757928143,0.345359298797805,FALSE,1.50954617585593,0.222199057451206,0.585641473462575,TRUE,3,TRUE,no_formulation
HERBALIFE 21-DAY HERBAL CLEANSING PROGRAM AM TABLETS,Abdominal Pain,5,14,1676,9,1671,41484,43169,9.22351885098743,29.9724272715175,TRUE,14.3687359289639,0.536380191779196,5.02160475214322,TRUE,0.54353818712502,1.86234195507896,TRUE,2.39794822334524,0.181795017047166,1.56225465660658,TRUE,4,TRUE,no_formulation
HERBALIFE 21-DAY HERBAL CLEANSING PROGRAM AM TABLETS,Constipation,3,14,920,11,917,42238,43169,10.0845147219193,16.6052062182518,TRUE,14.0111124274375,0.611379097445035,4.22723336645806,TRUE,0.298362250689152,1.46348869575772,TRUE,2.13223951023658,0.28569112094327,1.08461791337268,TRUE,4,TRUE,no_formulation
HERBALIFE 21-DAY HERBAL CLEANSING PROGRAM AM TABLETS,Vomiting,4,14,3595,10,3591,39564,43169,3.43358395989975,5.09909655572323,TRUE,4.72120681768461,0.56370562161299,1.56392929025683,TRUE,1.16588292524728,0.235665901362024,FALSE,1.43363798675332,0.222199057451206,0.509733284359962,TRUE,3,TRUE,no_formulation
HERBALIFE 21-DAY HERBAL CLEANSING PROGRAM PM TABLETS,Abdominal Pain,5,13,1676,8,1671,41485,43169,9.93325047185011,32.9138221765347,TRUE,16.0595625626859,0.54780252872803,5.48826136523374,TRUE,0.504714030901805,1.9691868468325,TRUE,2.45264668928091,0.181795017047166,1.61695312254225,TRUE,4,TRUE,no_formulation
HERBALIFE 21-DAY HERBAL CLEANSING PROGRAM PM TABLETS,Constipation,3,13,920,10,917,42239,43169,10.8604982803456,18.2299844240491,TRUE,15.3458673932788,0.61811485480546,4.56921353534147,TRUE,0.277050661354213,1.57027587847138,TRUE,2.17127435589004,0.28569112094327,1.12365275902614,TRUE,4,TRUE,no_formulation
HERBALIFE 21-DAY HERBAL CLEANSING PROGRAM PM TABLETS,Vomiting,4,13,3595,9,3591,39565,43169,3.69779148726517,5.89003149987301,TRUE,5.21830784674341,0.572528680378468,1.6989611372107,TRUE,1.08260557344391,0.342548314016429,FALSE,1.50762325837406,0.222199057451206,0.583718555980709,TRUE,3,TRUE,no_formulation
HERBALIFE ACTIVE FIBER COMPLEX,Abdominal Pain,4,12,1676,8,1672,41485,43169,8.60386762360447,20.5635125640222,TRUE,13.1317858084938,0.583516317833375,4.18431790878398,TRUE,0.465889874678589,1.5583875897894,TRUE,2.21999438585235,0.222199057451206,1.296089683459,TRUE,4,TRUE,no_formulation
HERBALIFE ACTIVE FIBER COMPLEX,Dizziness,4,12,2837,8,2833,40324,43169,5.07789151664902,9.98055482413996,TRUE,7.5342384704014,0.583306952025924,2.40169835585062,TRUE,0.788621464476824,0.79948002756166,FALSE,1.80409647050067,0.222199057451206,0.880191768107317,TRUE,3,TRUE,no_formulation
HERBALIFE ACTIVE FIBER COMPLEX,Headache,3,12,2348,9,2345,40812,43169,4.60095948827292,5.53071176144198,TRUE,6.41065197634889,0.625642305341235,1.8808091057772,TRUE,0.652690588153536,0.335058288985709,FALSE,1.60234961361432,0.28569112094327,0.554728016750424,TRUE,3,TRUE,no_formulation
HERBALIFE AMINOGEN,Abdominal Pain,6,26,1676,20,1670,41473,43169,5.9617227084293,20.7963320083221,TRUE,7.87197494543039,0.450831871765929,3.25332811688316,TRUE,1.00942806180361,1.37597904567973,TRUE,2.10643771740237,0.153822989075138,1.33772034747305,TRUE,4,TRUE,no_formulation
HERBALIFE AMINOGEN,Fatigue,4,26,1718,22,1714,41429,43169,3.87245310115789,6.12075791716576,TRUE,4.83283756197142,0.516985555390546,1.75442662396794,TRUE,1.03472399175334,0.407788804903543,FALSE,1.55194578007016,0.222199057451206,0.628041077676802,TRUE,3,TRUE,no_formulation
HERBALIFE AMINOGEN,Vomiting,6,26,3595,20,3589,39554,43169,2.77405319673361,5.60609063080759,TRUE,3.49398822446227,0.450478094425769,1.44499632226353,TRUE,2.16521114688781,0.27527225817024,FALSE,1.28618988553146,0.153822989075138,0.517472515602144,TRUE,3,TRUE,no_formulation
HERBALIFE CELL ACTIVATOR,Abdominal Pain,15,84,1676,69,1661,41424,43169,4.63199879590608,40.3737757517471,TRUE,5.56037168459635,0.282011745018297,3.19926768615637,TRUE,3.26122912275012,1.50476186886244,TRUE,2.04299211669492,0.0644929642612418,1.54524100267709,TRUE,4,TRUE,no_formulation
HERBALIFE CELL ACTIVATOR,Alanine Aminotransferase Increased,4,84,468,80,464,42621,43169,4.42169540229885,7.45773644782879,TRUE,5.12931824107937,0.486642473832026,1.97615592408935,TRUE,0.910653478190368,0.591995264402565,FALSE,1.67356136268764,0.222199057451206,0.749656660294283,TRUE,3,TRUE,no_formulation
HERBALIFE CELL ACTIVATOR,Aspartate Aminotransferase Increased,5,84,460,79,455,42630,43169,5.63644688644689,14.703576425517,TRUE,6.47481860420162,0.443413627706512,2.7151029783935,TRUE,0.895086752067456,1.14305489017533,TRUE,1.97907678125233,0.181795017047166,1.14338321451367,TRUE,4,TRUE,no_formulation
HERBALIFE CELL ACTIVATOR,Asthenia,9,84,1267,75,1258,41827,43169,3.66951510333863,15.2475137678216,TRUE,4.18201264513888,0.345436963085435,2.12492429755225,TRUE,2.46538024971623,0.931806118041628,FALSE,1.67971040050839,0.105239993123721,1.04387240417278,TRUE,3,TRUE,no_formulation
HERBALIFE CELL ACTIVATOR,Blood Alkaline Phosphatase Increased,3,84,196,81,193,42892,43169,7.97279792746114,11.8457621689668,TRUE,9.51942740286299,0.55061374585105,3.23533267349792,TRUE,0.381384790011351,1.10966875473693,TRUE,1.98951101659072,0.28569112094327,0.941889419726818,TRUE,4,TRUE,no_formulation
HERBALIFE CELL ACTIVATOR,Blood Bilirubin Increased,3,84,364,81,361,42724,43169,4.26246537396122,4.57985841976694,TRUE,5.07550339841662,0.548428556758038,1.73239655289264,TRUE,0.708286038592509,0.217185177376709,FALSE,1.53439289652572,0.28569112094327,0.486771299661825,TRUE,3,TRUE,no_formulation
HERBALIFE CELL ACTIVATOR,Body Temperature Increased,3,84,304,81,301,42784,43169,5.11212624584718,6.213013537995,TRUE,6.0941000518878,0.548930183994725,2.07802503011752,TRUE,0.591535592670667,0.476913843404558,FALSE,1.68099574772317,0.28569112094327,0.63337415085927,TRUE,3,TRUE,no_formulation
HERBALIFE CELL ACTIVATOR,Constipation,5,84,920,79,915,42170,43169,2.8028233151184,4.19941978814248,TRUE,3.18673508994295,0.442168305874197,1.33956780772614,TRUE,1.79017350413491,0.143332521971551,FALSE,1.26397471722649,0.181795017047166,0.428281150487827,TRUE,3,TRUE,no_formulation
HERBALIFE CELL ACTIVATOR,Ear Infection,3,84,26,81,23,43062,43169,66.9021739130435,118.891062047168,TRUE,78.6940347213158,0.583575734515163,25.0721812609625,TRUE,0.0505918598994649,4.01544842276848,TRUE,2.6682997360516,0.28569112094327,1.6206781391877,TRUE,4,TRUE,no_formulation
HERBALIFE CELL ACTIVATOR,Fatigue,10,84,1718,74,1708,41377,43169,3.003024980484,11.8330621450517,TRUE,3.41336153814426,0.330560721357532,1.78567872343198,TRUE,3.34295443489541,0.700774202731851,FALSE,1.4501015520091,0.095214930467079,0.84530598581972,TRUE,3,TRUE,no_formulation
HERBALIFE CELL ACTIVATOR,Gallbladder Disorder,3,84,107,81,104,42981,43169,14.7956730769231,25.3386899431374,TRUE,17.663457304723,0.554596130692138,5.95653853850571,TRUE,0.208204961893952,1.9818287399134,TRUE,2.3051160652315,0.28569112094327,1.2574944683676,TRUE,4,TRUE,no_formulation
HERBALIFE CELL ACTIVATOR,Gastritis,3,84,170,81,167,42918,43169,9.21407185628742,14.308869651971,TRUE,11.0037359216189,0.5513417031151,3.73446700753713,TRUE,0.330792930111886,1.31478849058919,TRUE,2.07479407776761,0.28569112094327,1.02717248090371,TRUE,4,TRUE,no_formulation
HERBALIFE CELL ACTIVATOR,Haematemesis,3,84,154,81,151,42934,43169,10.1903973509934,16.2461226557324,TRUE,12.1703820688817,0.551913195822631,4.12578142007139,TRUE,0.299659477866061,1.45723691028014,TRUE,2.12989723466838,0.28569112094327,1.08227563780448,TRUE,4,TRUE,no_formulation
HERBALIFE CELL ACTIVATOR,Heart Rate Irregular,4,84,304,80,300,42785,43169,6.83888888888889,14.4298453685651,TRUE,7.95918810264466,0.487848072555896,3.05917348117828,TRUE,0.591535592670667,1.21413809738691,TRUE,2.04356582710788,0.222199057451206,1.11966112471452,TRUE,4,TRUE,no_formulation
HERBALIFE CELL ACTIVATOR,Hepatic Enzyme Increased,7,84,563,77,556,42529,43169,6.45758393285372,27.0670624104571,TRUE,7.39579167028954,0.38478177896552,3.47897899489283,TRUE,1.09550835089995,1.58752834919665,TRUE,2.23287443589733,0.133310168562317,1.51724580067582,TRUE,4,TRUE,no_formulation
HERBALIFE CELL ACTIVATOR,Hepatitis,3,84,197,81,194,42891,43169,7.93170103092783,11.7642660867518,TRUE,9.47026353557178,0.550589617757328,3.21877574702063,TRUE,0.383330630776715,1.10233339042197,TRUE,1.98632947703235,0.28569112094327,0.938707880168454,TRUE,4,TRUE,no_formulation
HERBALIFE CELL ACTIVATOR,International Normalised Ratio Increased,3,84,167,81,164,42921,43169,9.38262195121951,14.6433952986801,TRUE,11.205195144237,0.55144043202072,3.80210277740316,TRUE,0.324955407815794,1.34044816418574,TRUE,2.08496687899465,0.28569112094327,1.03734528213075,TRUE,4,TRUE,no_formulation
HERBALIFE CELL ACTIVATOR,Jaundice,8,84,578,76,570,42515,43169,7.19883040935673,36.700054452726,TRUE,8.28035836011296,0.363999070686396,4.05701738386779,TRUE,1.12469596238041,1.82610933202897,TRUE,2.38729307671253,0.117623894052513,1.71508481181828,TRUE,4,TRUE,no_formulation
HERBALIFE CELL ACTIVATOR,Liver Function Test Abnormal,6,84,495,78,489,42596,43169,6.29345603271984,21.6592287261769,TRUE,7.20551323006057,0.410671869472254,3.22176580287858,TRUE,0.963191178855197,1.44359942570028,TRUE,2.15132143549529,0.153822989075138,1.38260406556597,TRUE,4,TRUE,no_formulation
HERBALIFE CELL ACTIVATOR,Liver Injury,4,84,330,80,326,42759,43169,6.29345603271984,12.8423065056816,TRUE,7.32092682602037,0.487576410650478,2.81535164098784,TRUE,0.642127452570131,1.09580957635728,TRUE,1.97820134817503,0.222199057451206,1.05429664578168,TRUE,4,TRUE,no_formulation
HERBALIFE CELL ACTIVATOR,Nausea,16,84,3887,68,3871,39214,43169,2.12003788857315,9.16985241041447,TRUE,2.43983687644409,0.274751522909024,1.42392650251054,TRUE,7.56348305497,0.409336636786964,FALSE,1.03299096786399,0.0605828958350444,0.550564545867942,TRUE,3,TRUE,no_formulation
HERBALIFE CELL ACTIVATOR,Nervousness,3,84,291,81,288,42797,43169,5.34288194444445,6.66175059956668,TRUE,6.37063933397837,0.549066293557952,2.17174261914176,TRUE,0.566239662720934,0.539928490675168,FALSE,1.71482316749039,0.28569112094327,0.667201570626495,TRUE,3,TRUE,no_formulation
HERBALIFE CELL ACTIVATOR,Tachycardia,3,84,352,81,349,42736,43169,4.40902578796562,4.85887351694069,TRUE,5.25124410858632,0.548515135521091,1.79207713188427,TRUE,0.68493594940814,0.265524282044869,FALSE,1.56254584434221,0.28569112094327,0.514924247478309,TRUE,3,TRUE,no_formulation
HERBALIFE CELL ACTIVATOR,Vomiting,16,84,3595,68,3579,39506,43169,2.29300549501723,11.3010809341519,TRUE,2.65851773531964,0.274789522488271,1.5514364768893,TRUE,6.9952975514837,0.521996635152122,FALSE,1.13840836733221,0.0605828958350444,0.655981945336165,TRUE,3,TRUE,no_formulation
HERBALIFE CELL-U-LOSS,Abdominal Distension,4,63,715,59,711,42395,43169,3.84935146116581,5.88927366789675,TRUE,4.50651068579224,0.490365184018718,1.72358669863494,TRUE,1.04345711042646,0.395667508923834,FALSE,1.54375960753025,0.222199057451206,0.6198549051369,TRUE,3,TRUE,no_formulation
HERBALIFE CELL-U-LOSS,Abdominal Pain,9,63,1676,54,1667,41439,43169,3.69406118776245,15.6129470815547,TRUE,4.33187351278489,0.352470727101084,2.17093403377072,TRUE,2.44592184206259,0.943236388742677,FALSE,1.68920835854996,0.105239993123721,1.05337036221435,TRUE,3,TRUE,no_formulation
HERBALIFE CELL-U-LOSS,Anxiety,7,63,1125,56,1118,41988,43169,4.28403895845756,14.7819373850971,TRUE,4.98318702750602,0.389808053995524,2.321110803901,TRUE,1.6418031457759,1.00399863592521,TRUE,1.80806470826722,0.133310168562317,1.09243607304572,TRUE,4,TRUE,no_formulation
HERBALIFE CELL-U-LOSS,Blood Alkaline Phosphatase Increased,3,63,196,60,193,42913,43169,10.6355785837651,17.2395545117658,TRUE,12.8299698891665,0.554467738178469,4.32766036635322,TRUE,0.286038592508513,1.52427219625956,TRUE,2.15468287004147,0.28569112094327,1.10706127317757,TRUE,4,TRUE,no_formulation
HERBALIFE CELL-U-LOSS,Chromaturia,3,63,441,60,438,42668,43169,4.68645357686454,5.4179602816777,TRUE,5.62924884796969,0.55185790701725,1.90853229734145,TRUE,0.643586833144154,0.355311945018895,FALSE,1.61378900756269,0.28569112094327,0.56616741069879,TRUE,3,TRUE,no_formulation
HERBALIFE CELL-U-LOSS,Dehydration,5,63,879,58,874,42232,43169,3.91431477243834,8.24837618029563,TRUE,4.54039671020803,0.447302345104925,1.88948025317635,TRUE,1.28279552456624,0.624030900287698,FALSE,1.62529037423339,0.181795017047166,0.789596807494725,TRUE,3,TRUE,no_formulation
HERBALIFE CELL-U-LOSS,Diarrhoea,10,63,3103,53,3093,40013,43169,2.21216366706182,5.88927952962867,TRUE,2.53858633341843,0.338050194547519,1.30869307052225,TRUE,4.52845792119345,0.262916970584171,FALSE,1.06220138667327,0.095214930467079,0.457405820483892,TRUE,3,TRUE,no_formulation
HERBALIFE CELL-U-LOSS,Dizziness,9,63,2837,54,2828,40278,43169,2.17751060820368,4.92095327917302,TRUE,2.48224250867238,0.352122355397097,1.24483447888336,TRUE,4.14026268850332,0.183975558058379,FALSE,1.03372103380761,0.105239993123721,0.397883037472002,TRUE,3,TRUE,no_formulation
HERBALIFE CELL-U-LOSS,Fatigue,10,63,1718,53,1708,41398,43169,4.00598490762425,20.34134979628,TRUE,4.75559804058323,0.338436328189037,2.44975312881002,TRUE,2.50721582617156,1.11576213579417,TRUE,1.80388900974757,0.095214930467079,1.19909344355819,TRUE,4,TRUE,no_formulation
HERBALIFE CELL-U-LOSS,Feeling Jittery,3,63,172,60,169,42937,43169,12.1459566074951,20.2602501123989,TRUE,14.6547941197981,0.555127198049313,4.9368042920627,TRUE,0.25101345873196,1.71247507765224,TRUE,2.22044425478215,0.28569112094327,1.17282265791826,TRUE,4,TRUE,no_formulation
HERBALIFE CELL-U-LOSS,Flatulence,3,63,475,60,472,42634,43169,4.34887005649718,4.76864095739378,TRUE,5.22001836547291,0.551709224713102,1.77030321485252,TRUE,0.693205772660937,0.248218351535247,FALSE,1.55251205957928,0.28569112094327,0.504890462715384,TRUE,3,TRUE,no_formulation
HERBALIFE CELL-U-LOSS,Gastritis,3,63,170,60,167,42939,43169,12.2914171656687,20.5508912633343,TRUE,14.8304674972246,0.555190642183653,4.99536269324065,TRUE,0.248094697583914,1.72932562739094,TRUE,2.22606211168857,0.28569112094327,1.17844051482467,TRUE,4,TRUE,no_formulation
HERBALIFE CELL-U-LOSS,Haematemesis,3,63,154,60,151,42955,43169,13.5938189845475,23.1503386059645,TRUE,16.4028311922101,0.55575817700334,5.51884128808388,TRUE,0.224744608399546,1.8717221310211,TRUE,2.27181032127529,0.28569112094327,1.2241887244114,TRUE,4,TRUE,no_formulation
HERBALIFE CELL-U-LOSS,Heart Rate Irregular,3,63,304,60,301,42805,43169,6.81949058693245,9.61290465559335,TRUE,8.21343694749394,0.552795913880926,2.77955675424516,TRUE,0.443651694503,0.89167138492456,FALSE,1.89102856343722,0.28569112094327,0.843406966573317,TRUE,3,TRUE,no_formulation
HERBALIFE CELL-U-LOSS,Hepatic Enzyme Increased,6,63,563,57,557,42549,43169,7.3704368641532,27.030086217524,TRUE,8.62770130629752,0.415998416109816,3.81759717619285,TRUE,0.821631263174963,1.67284163399426,TRUE,2.29811999892998,0.153822989075138,1.52940262900066,TRUE,4,TRUE,no_formulation
HERBALIFE CELL-U-LOSS,Hepatitis,3,63,197,60,194,42912,43169,10.5807560137457,17.1298378719895,TRUE,12.7637085980157,0.554443777801006,4.30551204905318,TRUE,0.287497973082536,1.51693903297507,TRUE,2.15200680674986,0.28569112094327,1.10438520988596,TRUE,4,TRUE,no_formulation
HERBALIFE CELL-U-LOSS,Jaundice,4,63,578,59,574,42532,43169,4.76809910956252,8.49189219651379,TRUE,5.59920573973715,0.490706735619174,2.14007217195692,TRUE,0.843521971785309,0.70242837017672,FALSE,1.7439050862494,0.222199057451206,0.820000383856044,TRUE,3,TRUE,no_formulation
HERBALIFE CELL-U-LOSS,Liver Function Test Abnormal,3,63,495,60,492,42614,43169,4.17208672086721,4.43139491866924,TRUE,5.00568863531485,0.551631339191309,1.69787516775113,TRUE,0.722393384141398,0.188746302607209,FALSE,1.51764628172921,0.28569112094327,0.470024684865314,TRUE,3,TRUE,no_formulation
HERBALIFE CELL-U-LOSS,Nausea,12,63,3887,51,3875,39231,43169,2.11888172043011,6.58836098267387,TRUE,2.45702715465465,0.31575464631768,1.32322645548308,TRUE,5.6726122912275,0.289420956071975,FALSE,1.01797501287836,0.0799768352289838,0.463683564075778,TRUE,3,TRUE,no_formulation
HERBALIFE CELL-U-LOSS,Pyrexia,3,63,505,60,502,42604,43169,4.08897742363878,4.27361778778747,TRUE,4.90492167262859,0.551594717872065,1.66381553016447,TRUE,0.736987189881628,0.159905061264565,FALSE,1.50052436207472,0.28569112094327,0.452902765210824,TRUE,3,TRUE,no_formulation
HERBALIFE CELL-U-LOSS,Urticaria,5,63,1254,58,1249,41857,43169,2.7390801530113,4.0176549375647,TRUE,3.14951621674311,0.446918795332428,1.31165279849289,TRUE,1.83006323982487,0.111544491504827,FALSE,1.23906250730125,0.181795017047166,0.40336894056259,TRUE,3,TRUE,no_formulation
HERBALIFE CELL-U-LOSS,Vomiting,13,63,3595,50,3582,39524,43169,2.48321856194553,10.955376098214,TRUE,2.94932461843533,0.306888399450674,1.61619551262126,TRUE,5.24647316361278,0.553168560582478,FALSE,1.23221071314039,0.0740509093030578,0.698849697337188,TRUE,3,TRUE,no_formulation
HERBALIFE CORE COMPLEX,Nausea,3,6,3887,3,3884,39279,43169,5.55651390319259,7.81352207434021,TRUE,10.1118548075685,0.756116038310404,2.29726904057233,TRUE,0.540248789640715,0.607675150331517,FALSE,1.75042631229099,0.28569112094327,0.702804715427092,TRUE,3,TRUE,no_formulation
HERBALIFE FLORAFIBER,Abdominal Pain,6,30,1676,24,1670,41469,43169,5.16634730538922,16.7999949878835,TRUE,6.58611927261177,0.441910870709741,2.76992151876522,TRUE,1.16472468669647,1.16959381518701,TRUE,1.96515611500667,0.153822989075138,1.19643874507735,TRUE,4,TRUE,no_formulation
HERBALIFE FLORAFIBER,Constipation,3,30,920,27,917,42222,43169,4.70436205016358,5.53669797142978,TRUE,5.85697299975229,0.568499361819134,1.92201510212165,TRUE,0.639347680048183,0.364840948450475,FALSE,1.6191468591725,0.28569112094327,0.571525262308606,TRUE,3,TRUE,no_formulation
HERBALIFE FLORAFIBER,Dizziness,6,30,2837,24,2831,40308,43169,3.04761568350406,6.76367259385613,TRUE,3.77682918479064,0.441633851440298,1.5892822016279,TRUE,1.97155366119206,0.410424450958317,FALSE,1.39502148821803,0.153822989075138,0.626304118288711,TRUE,3,TRUE,no_formulation
HERBALIFE FLORAFIBER,Gallbladder Disorder,3,30,107,27,104,43035,43169,41.4798076923077,79.3779251531788,TRUE,52.4138321009134,0.57590844471893,16.9520704402674,TRUE,0.0743589149621256,3.46297099080806,TRUE,2.60733046294471,0.28569112094327,1.55970886608081,TRUE,4,TRUE,no_formulation
HERBALIFE FLORAFIBER,Hepatic Enzyme Increased,3,30,563,27,560,42579,43169,7.70339285714286,11.5237662895735,TRUE,9.66852647798232,0.569109417316454,3.16901704431573,TRUE,0.391252982464268,1.07284716270391,TRUE,1.97344801758568,0.28569112094327,0.925826420721782,TRUE,4,TRUE,no_formulation
HERBALIFE FLORAFIBER,Jaundice,4,30,578,26,574,42565,43169,10.0206736353078,24.2399827931291,TRUE,12.5815557416622,0.511587928436267,4.6159586525676,TRUE,0.401677129421576,1.77216979343345,TRUE,2.3192421674714,0.222199057451206,1.39533746507805,TRUE,4,TRUE,no_formulation
HERBALIFE FLORAFIBER,Syncope,4,30,552,26,548,42591,43169,10.4961070559611,25.6629558582783,TRUE,13.185996112898,0.511668549159021,4.83695315730861,TRUE,0.38360860802891,1.83851277321257,TRUE,2.3484456229736,0.222199057451206,1.42454092058024,TRUE,4,TRUE,no_formulation
HERBALIFE FORMULA 2 MULTIVITAMIN COMPLEX,Abdominal Distension,3,23,715,20,712,42434,43169,7.90412799218368,11.9924393380785,TRUE,10.1683012409071,0.579587653441486,3.26507704296667,TRUE,0.380944659362042,1.11133312919537,TRUE,1.99023162455483,0.28569112094327,0.942610027690928,TRUE,4,TRUE,no_formulation
HERBALIFE FORMULA 2 MULTIVITAMIN COMPLEX,Abdominal Pain,4,23,1676,19,1672,41474,43169,4.48783024755565,7.92310839200159,TRUE,5.72259399793032,0.523570713494841,2.05078695563642,TRUE,0.892955593133962,0.620298201121711,FALSE,1.69177573530975,0.222199057451206,0.767871032916394,TRUE,3,TRUE,no_formulation
HERBALIFE FORMULA 2 MULTIVITAMIN COMPLEX,Fatigue,4,23,1718,19,1714,41432,43169,4.37786007812896,7.60499082233632,TRUE,5.57675482872333,0.523556749142214,1.99857775877761,TRUE,0.915332761935648,0.584603919369067,FALSE,1.66878371336444,0.222199057451206,0.744879010971081,TRUE,3,TRUE,no_formulation
HERBALIFE FORMULA 2 MULTIVITAMIN COMPLEX,Hepatic Enzyme Increased,4,23,563,19,559,42587,43169,13.4233491483239,34.6082052658237,TRUE,17.5654774180243,0.524704740469308,6.28090560124726,TRUE,0.299960619889272,2.19301372327939,TRUE,2.49192411494071,0.222199057451206,1.56801941254736,TRUE,4,TRUE,no_formulation
HERBALIFE FORMULA 2 MULTIVITAMIN COMPLEX,Hepatitis,3,23,197,20,194,42952,43169,29.00896458987,54.9315042899095,TRUE,37.7036177816791,0.582803091297477,12.0307033340462,TRUE,0.104959577474577,2.96765635198983,TRUE,2.53244427013669,0.28569112094327,1.48482267327279,TRUE,4,TRUE,no_formulation
HERBALIFE FORMULA 2 MULTIVITAMIN COMPLEX,Jaundice,4,23,578,19,574,42572,43169,13.0725647629147,33.5537152538722,TRUE,17.1008234585258,0.5246602775933,6.11529172056586,TRUE,0.307952465889875,2.15512211606813,TRUE,2.47758267865237,0.222199057451206,1.55367797625901,TRUE,4,TRUE,no_formulation
HERBALIFE HERBAL ALOE CONCENTRATE,Abdominal Pain,6,35,1676,29,1670,41464,43169,4.42778443113772,13.1408122608657,TRUE,5.46916837037526,0.434012902012575,2.33604956413512,TRUE,1.35884546781255,0.947262354430461,FALSE,1.8060328790764,0.153822989075138,1.03731550914708,TRUE,3,TRUE,no_formulation
HERBALIFE HERBAL ALOE CONCENTRATE,Cerebrovascular Accident,3,35,676,32,673,42461,43169,5.49361069836553,7.06787404020076,TRUE,6.78957226885957,0.563907659306282,2.24819783503743,TRUE,0.548078482244203,0.586929727972836,FALSE,1.73960816920408,0.28569112094327,0.691986572340185,TRUE,3,TRUE,no_formulation
HERBALIFE HERBAL ALOE CONCENTRATE,Constipation,3,35,920,32,917,42217,43169,4.03184296619411,4.21822592503373,TRUE,4.95531335149864,0.563557558373022,1.64195497664212,TRUE,0.74590562672288,0.142559556329157,FALSE,1.49016012898886,0.28569112094327,0.442538532124963,TRUE,3,TRUE,no_formulation
HERBALIFE HERBAL ALOE CONCENTRATE,Dehydration,3,35,879,32,876,42258,43169,4.22054794520548,4.57945657238455,TRUE,5.19214533327483,0.563602769398648,1.72027737569003,TRUE,0.712664180314578,0.208299178246399,FALSE,1.52917483777576,0.28569112094327,0.481553240911861,TRUE,3,TRUE,no_formulation
HERBALIFE HERBAL ALOE CONCENTRATE,Dizziness,6,35,2837,29,2831,40303,43169,2.61193924408336,4.76847418496464,TRUE,3.13629955973506,0.433730838619823,1.34035054045408,TRUE,2.3001459380574,0.188068047040606,FALSE,1.21493769860477,0.153822989075138,0.446220328675452,TRUE,3,TRUE,no_formulation
HERBALIFE HERBAL ALOE CONCENTRATE,Syncope,3,35,552,32,549,42585,43169,6.7344262295082,9.54232513093105,TRUE,8.34600685938266,0.564204603729373,2.76196444154768,TRUE,0.447543376033728,0.879081084894216,FALSE,1.88509102938008,0.28569112094327,0.837469432516184,TRUE,3,TRUE,no_formulation
HERBALIFE HERBAL ALOE CONCENTRATE MANGO,Abdominal Pain Upper,3,8,2004,5,2001,41160,43169,8.0886431784108,12.7969329798082,TRUE,13.0867076965004,0.684146466738545,3.42352239328334,TRUE,0.371377608932336,1.14799413508227,TRUE,2.00598497495343,0.28569112094327,0.958363378089537,TRUE,4,TRUE,no_formulation
HERBALIFE HERBAL ALOE CONCENTRATE MANGO,Dizziness,3,8,2837,5,2834,40327,43169,5.71114149611856,7.9365309837663,TRUE,9.05378533972642,0.684039516705581,2.36899422420723,TRUE,0.525747642984549,0.646903242807789,FALSE,1.77067908292188,0.28569112094327,0.723057486057978,TRUE,3,TRUE,no_formulation
HERBALIFE HERBAL TEA CONCENTRATE RASPBERRY,Anxiety,3,6,1125,3,1122,42041,43169,19.2348484848485,36.072606913328,TRUE,37.4534521158129,0.756533691283084,8.50192705477664,TRUE,0.15636220435961,2.39415119725038,TRUE,2.41479085114769,0.28569112094327,1.36716925428379,TRUE,4,TRUE,no_formulation
HERBALIFE HERBAL TEA CONCENTRATE RASPBERRY,Nausea,3,6,3887,3,3884,39279,43169,5.55651390319259,7.81352207434021,TRUE,10.1118548075685,0.756116038310404,2.29726904057233,TRUE,0.540248789640715,0.607675150331517,FALSE,1.75042631229099,0.28569112094327,0.702804715427092,TRUE,3,TRUE,no_formulation
HERBALIFE HERBALIFELINE,Liver Function Test Abnormal,3,15,495,12,492,42662,43169,17.5422764227642,31.8861171151501,TRUE,24.2548223350254,0.60643893538931,7.38902021352659,TRUE,0.171998424795571,2.25693611157122,TRUE,2.38082516570028,0.28569112094327,1.33320356883638,TRUE,4,TRUE,no_formulation
HERBALIFE JOINT SUPPORT,Jaundice,3,7,578,4,575,42587,43169,32.1704347826087,62.6269596955677,TRUE,57.5562312964572,0.713931095040855,14.2030603536081,TRUE,0.093724663531701,3.13042370749539,TRUE,2.55948897253331,0.28569112094327,1.51186737566941,TRUE,4,TRUE,no_formulation
HERBALIFE MULTIVITAMIN,Jaundice,3,7,578,4,575,42587,43169,32.1704347826087,62.6269596955677,TRUE,57.5562312964572,0.713931095040855,14.2030603536081,TRUE,0.093724663531701,3.13042370749539,TRUE,2.55948897253331,0.28569112094327,1.51186737566941,TRUE,4,TRUE,no_formulation
HERBALIFE MULTIVITAMIN,Nausea,4,7,3887,3,3883,39279,43169,6.35178985320628,14.3609833311618,TRUE,13.0043039231915,0.712895129866358,3.21557412634022,TRUE,0.630290254580833,1.12263836644263,TRUE,1.99323170218845,0.222199057451206,1.0693269997951,TRUE,4,TRUE,no_formulation
HERBALIFE MULTIVITAMIN COMPLEX FORMULA 2,Anxiety,4,34,1125,30,1121,42014,43169,4.52694547935142,7.92399915113333,TRUE,5.52729438763951,0.5058898810277,2.05064477516406,TRUE,0.886052491371123,0.631490127651345,FALSE,1.69894310644423,0.222199057451206,0.775038404050874,TRUE,3,TRUE,no_formulation
HERBALIFE MULTIVITAMIN COMPLEX FORMULA 2,Asthenia,4,34,1267,30,1263,41872,43169,4.01797773741326,6.4685654896511,TRUE,4.88952104160315,0.505790907199733,1.81438065773637,TRUE,0.997892005837522,0.460061465801812,FALSE,1.58699138849945,0.222199057451206,0.6630866861061,TRUE,3,TRUE,no_formulation
HERBALIFE MULTIVITAMIN COMPLEX FORMULA 2,Diarrhoea,6,34,3103,28,3097,40038,43169,2.45788144124295,4.12074909760301,TRUE,2.94805091825609,0.435065156161516,1.25660864449574,TRUE,2.4439296717552,0.100603390774092,FALSE,1.14269651122373,0.153822989075138,0.373979141294407,TRUE,3,TRUE,no_formulation
HERBALIFE MULTIVITAMIN COMPLEX FORMULA 2,Dizziness,6,34,2837,28,2831,40304,43169,2.68882332162819,5.11230571217563,TRUE,3.24642570579725,0.435099820693767,1.38369707908453,TRUE,2.23442748268433,0.229881866654823,FALSE,1.24920091596571,0.153822989075138,0.48048354603639,TRUE,3,TRUE,no_formulation
HERBALIFE MULTIVITAMIN COMPLEX FORMULA 2,Gastritis,3,34,170,31,167,42968,43169,22.7905952800282,42.0115745357196,TRUE,28.5031509121061,0.56872993553771,9.34932329513078,TRUE,0.133892376473859,2.61743689546053,TRUE,2.46504509946286,0.28569112094327,1.41742350259896,TRUE,4,TRUE,no_formulation
HERBALIFE MULTIVITAMIN COMPLEX FORMULA 2,Haemorrhage,3,34,591,31,588,42547,43169,6.47283913565426,9.02321824376723,TRUE,8.03313508920986,0.564962880150509,2.65447694761432,TRUE,0.465472908800297,0.822454153606336,FALSE,1.85804723926859,0.28569112094327,0.81042564240469,TRUE,3,TRUE,no_formulation
HERBALIFE MULTIVITAMIN COMPLEX FORMULA 2,Hepatomegaly,3,34,89,31,86,43049,43169,44.2561559507524,84.4733199570761,TRUE,55.2980089916506,0.573623779297411,17.9651594602774,TRUE,0.0700965970951377,3.54772769054756,TRUE,2.61807662689062,0.28569112094327,1.57045503002672,TRUE,4,TRUE,no_formulation
HERBALIFE MULTIVITAMIN COMPLEX FORMULA 2,Hypersensitivity,5,34,2207,29,2202,40933,43169,2.8807367633702,4.62803070255704,TRUE,3.46500317435888,0.464967683052062,1.39288465766491,TRUE,1.73823808751651,0.185797944253418,FALSE,1.29706811073682,0.181795017047166,0.461374543998156,TRUE,3,TRUE,no_formulation
HERBALIFE MULTIVITAMIN COMPLEX FORMULA 2,Pruritus,5,34,1457,29,1452,41683,43169,4.36872062874737,10.1441302211025,TRUE,5.35043029259897,0.465219244409763,2.14974077940856,TRUE,1.14753642660242,0.784736507956611,FALSE,1.73912125543875,0.181795017047166,0.903427688700081,TRUE,3,TRUE,no_formulation
HERBALIFE MULTIVITAMIN COMPLEX FORMULA 2,Vomiting,9,34,3595,25,3586,39549,43169,3.18407368524655,12.389261957171,TRUE,4.10821900208571,0.38050355097471,1.94877825798838,TRUE,2.83142996131483,0.732111519916815,FALSE,1.511785950177,0.105239993123721,0.875947953841385,TRUE,3,TRUE,no_formulation
HERBALIFE PROLESSA DUO,Diarrhoea,4,17,3103,13,3099,40053,43169,3.27635100506805,4.57750892596295,TRUE,4.30752271871807,0.544650250698694,1.48119393035531,TRUE,1.2219648358776,0.167905620679159,FALSE,1.38586931958037,0.222199057451206,0.461964617187019,TRUE,3,TRUE,no_formulation
HERBALIFE PROLESSA DUO,Hepatic Enzyme Increased,3,17,563,14,560,42592,43169,13.5983193277311,23.7303943797382,TRUE,18.3424590113507,0.597065660198126,5.69147728643478,TRUE,0.221710023396419,1.89130441144569,TRUE,2.27786372531853,0.28569112094327,1.23024212845464,TRUE,4,TRUE,no_formulation
HERBALIFE RELAX NOW,Abdominal Pain,3,12,1676,9,1673,41484,43169,6.44904363419008,9.24237412580571,TRUE,9.132813359961,0.625778794017981,2.6787421985089,TRUE,0.465889874678589,0.821163335807046,FALSE,1.85742430646764,0.28569112094327,0.809802709603743,TRUE,3,TRUE,no_formulation
HERBALIFE SKIN COLLAGEN BEAUTY BOOSTER,Abdominal Pain Upper,3,8,2004,5,2001,41160,43169,8.0886431784108,12.7969329798082,TRUE,13.0867076965004,0.684146466738545,3.42352239328334,TRUE,0.371377608932336,1.14799413508227,TRUE,2.00598497495343,0.28569112094327,0.958363378089537,TRUE,4,TRUE,no_formulation
HERBALIFE SLEEP NOW,Dizziness,3,7,2837,4,2834,40328,43169,6.52717007762879,9.68400885493834,TRUE,11.0660120342604,0.712961499804842,2.73593677887368,TRUE,0.460029187611481,0.839413328309034,FALSE,1.86620474842136,0.28569112094327,0.818583151557464,TRUE,3,TRUE,no_formulation
HERBALIFE SNACK DEFENSE,Abdominal Pain,4,26,1676,22,1672,41471,43169,3.96972764078027,6.39707742382717,TRUE,4.95922272047833,0.516999697230149,1.80025732371578,TRUE,1.00942806180361,0.443484656013886,FALSE,1.57592300070359,0.222199057451206,0.652018298310238,TRUE,3,TRUE,no_formulation
HERBALIFE SNACK DEFENSE,Fatigue,4,26,1718,22,1714,41429,43169,3.87245310115789,6.12075791716576,TRUE,4.83283756197142,0.516985555390546,1.75442662396794,TRUE,1.03472399175334,0.407788804903543,FALSE,1.55194578007016,0.222199057451206,0.628041077676802,TRUE,3,TRUE,no_formulation
HERBALIFE SNACK DEFENSE,Liver Function Test Abnormal,4,26,495,22,491,42652,43169,13.5180949396835,34.8073492608097,TRUE,17.3560528992879,0.518386631721117,6.28335150745168,TRUE,0.29813060297899,2.20183219643373,TRUE,2.49522825357492,0.222199057451206,1.57132355118156,TRUE,4,TRUE,no_formulation
HERBALIFE SNACK DEFENSE,Nausea,6,26,3887,20,3881,39262,43169,2.56533803738133,4.6870752383008,TRUE,3.20728722551943,0.45045504060375,1.32648634319486,TRUE,2.3410780884431,0.16262416727146,FALSE,1.19400123287856,0.153822989075138,0.425283862949239,TRUE,3,TRUE,no_formulation
HERBALIFE SNACK DEFENSE,Vomiting,8,26,3595,18,3587,39556,43169,3.70079989706419,14.3468944198797,TRUE,5.06609285243432,0.414735022414863,2.24720952639648,TRUE,2.16521114688781,0.881349037993884,FALSE,1.67321300864071,0.117623894052513,1.00100474374646,TRUE,3,TRUE,no_formulation
HERBALIFE THERMO-BOND,Headache,5,28,2348,23,2343,40798,43169,3.28798548868971,6.15828517762079,TRUE,4.07449759179986,0.47415461212059,1.60866462437715,TRUE,1.52294470569158,0.376519661031609,FALSE,1.44297473221355,0.181795017047166,0.607281165474888,TRUE,3,TRUE,no_formulation
HERBALIFE THERMO-BOND,Jaundice,3,28,578,25,575,42566,43169,8.03869565217391,12.2174717484195,TRUE,10.1519735609274,0.571568967057175,3.31147248721912,TRUE,0.374898654126804,1.13439288490985,TRUE,2.00016710817909,0.28569112094327,0.952545511315187,TRUE,4,TRUE,no_formulation
HERBALIFE THERMO-BOND,Vomiting,7,28,3595,21,3588,39553,43169,3.00592251950948,8.13323080326111,TRUE,3.84498608280327,0.424439526222672,1.67341845288141,TRUE,2.33176585049457,0.497946452391005,FALSE,1.40518861701529,0.133310168562317,0.689559981793778,TRUE,3,TRUE,no_formulation
HERBALIFE TOTAL CONTROL,Abdominal Pain,9,61,1676,52,1667,41441,43169,3.81535496179453,16.5403597905101,TRUE,4.49711429999286,0.353460899524921,2.24937536324846,TRUE,2.36827352961616,0.989772311445051,FALSE,1.72774490188496,0.105239993123721,1.09190690554935,TRUE,3,TRUE,no_formulation
HERBALIFE TOTAL CONTROL,Alanine Aminotransferase Increased,3,61,468,58,465,42643,43169,4.55928080380751,5.17562003767611,TRUE,5.48081742818585,0.552249925987486,1.85678110650551,TRUE,0.661307882971577,0.316145345903551,FALSE,1.59160441552943,0.28569112094327,0.543982818665534,TRUE,3,TRUE,no_formulation
HERBALIFE TOTAL CONTROL,Anxiety,6,61,1125,55,1119,41989,43169,3.78921460906254,9.88998810286371,TRUE,4.39275497024492,0.415669632352029,1.94496524246095,TRUE,1.58968241098937,0.720958295828992,FALSE,1.63715601933074,0.153822989075138,0.868438649401417,TRUE,3,TRUE,no_formulation
HERBALIFE TOTAL CONTROL,Aspartate Aminotransferase Increased,3,61,460,58,457,42651,43169,4.63909315923521,5.3295782989607,TRUE,5.5777030498342,0.552283931499271,1.88947789729802,TRUE,0.650003474715653,0.341006947119578,FALSE,1.6057167018032,0.28569112094327,0.558095104939302,TRUE,3,TRUE,no_formulation
HERBALIFE TOTAL CONTROL,Asthenia,7,61,1267,54,1260,41848,43169,3.92604735883424,12.7819407743994,TRUE,4.56879642198196,0.390511445265581,2.12516059259319,TRUE,1.79033565753203,0.879074815858107,FALSE,1.71133154926416,0.133310168562317,0.995702914042654,TRUE,3,TRUE,no_formulation
HERBALIFE TOTAL CONTROL,Blood Bilirubin Increased,3,61,364,58,361,42747,43169,5.87275782207892,7.74172106378425,TRUE,7.07480701256635,0.55280914221646,2.39416432956377,TRUE,0.51435057564456,0.678500761194962,FALSE,1.78679856524685,0.28569112094327,0.739176968382947,TRUE,3,TRUE,no_formulation
HERBALIFE TOTAL CONTROL,Body Temperature Increased,3,61,304,58,301,42807,43169,7.04340722182888,10.0640779340762,TRUE,8.49463508667489,0.553306798066103,2.87184153475819,TRUE,0.429567513725127,0.938177259119191,FALSE,1.91272336623889,0.28569112094327,0.865101769374995,TRUE,3,TRUE,no_formulation
HERBALIFE TOTAL CONTROL,Chest Pain,7,61,1313,54,1306,41802,43169,3.78776391434238,12.0092092214977,TRUE,4.40309040541822,0.390475713650998,2.04822642570701,TRUE,1.85533600500359,0.82763415082195,FALSE,1.67095771064346,0.133310168562317,0.955329075421955,TRUE,3,TRUE,no_formulation
HERBALIFE TOTAL CONTROL,Chromaturia,3,61,441,58,438,42670,43169,4.8403323602066,5.71917892069627,TRUE,5.82197468058357,0.552369658755036,1.97189491305252,TRUE,0.623155505107832,0.401829217791911,FALSE,1.63979723393051,0.28569112094327,0.592175637066607,TRUE,3,TRUE,no_formulation
HERBALIFE TOTAL CONTROL,Constipation,5,61,920,56,915,42193,43169,3.86168592672221,8.05975917107753,TRUE,4.48643567275487,0.447921082876688,1.86476162004776,TRUE,1.30000694943131,0.604807920071533,FALSE,1.61142914214305,0.181795017047166,0.77573557540439,TRUE,3,TRUE,no_formulation
HERBALIFE TOTAL CONTROL,Dizziness,9,61,2837,52,2828,40280,43169,2.24900874162358,5.3931061329228,TRUE,2.57693207740936,0.3531135046017,1.28981281742014,TRUE,4.00882577775719,0.230514207359645,FALSE,1.07517574851623,0.105239993123721,0.439337752180614,TRUE,3,TRUE,no_formulation
HERBALIFE TOTAL CONTROL,Dyspnoea,10,61,3460,51,3450,39658,43169,2.04837253504395,4.73395316844702,TRUE,2.34334548391045,0.339073147436116,1.20562274386351,TRUE,4.8891565706873,0.152359314278092,FALSE,0.962257920951306,0.095214930467079,0.357462354761928,TRUE,3,TRUE,no_formulation
HERBALIFE TOTAL CONTROL,Fatigue,8,61,1718,53,1710,41398,43169,3.30614514428147,11.0533357172671,TRUE,3.84526850377137,0.370064085601376,1.86175171106501,TRUE,2.42762167295976,0.716337968334037,FALSE,1.53773371037768,0.117623894052513,0.865525445483429,TRUE,3,TRUE,no_formulation
HERBALIFE TOTAL CONTROL,Flatulence,3,61,475,58,472,42636,43169,4.49166435120867,5.04545791173057,TRUE,5.39873377651156,0.552221114235479,1.82907624698909,TRUE,0.671199240195511,0.294737435282884,FALSE,1.57936839925754,0.28569112094327,0.531746802393645,TRUE,3,TRUE,no_formulation
HERBALIFE TOTAL CONTROL,Haematemesis,3,61,154,58,151,42957,43169,14.0401693627185,24.0584350191895,TRUE,16.964401568362,0.556266340610684,5.70210323588182,TRUE,0.217609858926545,1.91819230266505,TRUE,2.28608330599837,0.28569112094327,1.23846170913447,TRUE,4,TRUE,no_formulation
HERBALIFE TOTAL CONTROL,Heart Rate Irregular,3,61,304,58,301,42807,43169,7.04340722182888,10.0640779340762,TRUE,8.49463508667489,0.553306798066103,2.87184153475819,TRUE,0.429567513725127,0.938177259119191,FALSE,1.91272336623889,0.28569112094327,0.865101769374995,TRUE,3,TRUE,no_formulation
HERBALIFE TOTAL CONTROL,Jaundice,7,61,578,54,571,42537,43169,8.66343200022968,40.13997482942,TRUE,10.2428423511281,0.391733643095288,4.75302479337016,TRUE,0.816743496490537,2.01101902994873,TRUE,2.50991626169403,0.133310168562317,1.79428762647253,TRUE,4,TRUE,no_formulation
HERBALIFE TOTAL CONTROL,Liver Function Test Abnormal,3,61,495,58,492,42616,43169,4.30907636945222,4.69531924572925,TRUE,5.1770662501627,0.552143300920067,1.7542434214036,TRUE,0.699460260835322,0.235266335478079,FALSE,1.54496956137959,0.28569112094327,0.49734796451569,TRUE,3,TRUE,no_formulation
HERBALIFE TOTAL CONTROL,Nausea,12,61,3887,49,3875,39233,43169,2.1884547858276,7.23108452272853,TRUE,2.55643129788401,0.316994542296366,1.37341859811311,TRUE,5.49252936134726,0.335960668715755,FALSE,1.06069111717002,0.0799768352289838,0.506399668367437,TRUE,3,TRUE,no_formulation
HERBALIFE TOTAL CONTROL,Poisoning,3,61,116,58,113,42995,43169,18.7616422457566,33.4306276984288,TRUE,22.6641439813246,0.558249168152971,7.58836190857846,TRUE,0.163913919710904,2.32625081983154,TRUE,2.39828681702438,0.28569112094327,1.35066522016048,TRUE,4,TRUE,no_formulation
HERBALIFE TOTAL CONTROL,Pyrexia,4,61,505,57,501,42607,43169,5.64222374922287,11.0246575213757,TRUE,6.64905284147557,0.491559777201678,2.53708872231348,TRUE,0.713590771155227,0.943649794501015,FALSE,1.8906429817889,0.222199057451206,0.96673827939555,TRUE,3,TRUE,no_formulation
HERBALIFE TOTAL CONTROL,Tachycardia,3,61,352,58,349,42759,43169,6.07468645779511,8.14067468046783,TRUE,7.31977305797048,0.55289503502309,2.47664557986242,TRUE,0.497393963260673,0.726830854158622,FALSE,1.81111954584513,0.28569112094327,0.763497948981236,TRUE,3,TRUE,no_formulation
HERBALIFE TOTAL CONTROL,Vomiting,11,61,3595,50,3584,39524,43169,2.16896589578454,6.31729346596827,TRUE,2.51098583146081,0.327204495135777,1.32227617570675,TRUE,5.07991846000602,0.282206118337064,FALSE,1.04331791611805,0.0869333569681142,0.465422437567895,TRUE,3,TRUE,no_formulation
HERBALIFE XTRA-CAL,Fatigue,3,8,1718,5,1715,41446,43169,9.43753644314869,15.5716943104585,TRUE,15.3745528735328,0.684207216750513,4.02155075036525,TRUE,0.318376612847182,1.36992397874009,TRUE,2.09651809988164,0.28569112094327,1.04889650301774,TRUE,4,TRUE,no_formulation
HERBALIFE XTRA-CAL,Jaundice,3,8,578,5,575,42586,43169,28.1484782608696,54.1917103424002,TRUE,47.0903562119896,0.685050048254555,12.2971820455319,TRUE,0.107113901179087,2.93843940124558,TRUE,2.52731580977092,0.28569112094327,1.47969421290702,TRUE,4,TRUE,no_formulation
HERBALIFETOTAL CONTROL,Nausea,3,7,3887,4,3884,39278,43169,4.76261585993821,6.0961636408404,TRUE,7.86457573547289,0.712895083828127,1.94467375424012,TRUE,0.630290254580833,0.385414112460277,FALSE,1.63066162280374,0.28569112094327,0.583040025939843,TRUE,3,TRUE,no_formulation
HYDROXYCUT,Abdominal Pain,19,171,1676,152,1657,41341,43169,2.88325621940589,22.1345366347202,TRUE,3.18931533269045,0.241799370037978,1.98551732881745,TRUE,6.63893071416989,0.9072252915784,FALSE,1.44969421868207,0.051258886511035,1.00594187962255,TRUE,3,TRUE,no_formulation
HYDROXYCUT,Alanine Aminotransferase Increased,11,171,468,160,457,42541,43169,6.05241404020628,40.9293843166855,TRUE,6.66261171543844,0.308862995747746,3.6369306047984,TRUE,1.85383029488754,1.73633198872285,TRUE,2.28855164653446,0.0869333569681142,1.71065616798431,TRUE,4,TRUE,no_formulation
HYDROXYCUT,Arrhythmia,4,171,229,167,225,42773,43169,4.47022742040286,7.48070463908051,TRUE,5.095959228249,0.482338408420551,1.97993622976326,TRUE,0.907109268224884,0.597618971563108,FALSE,1.67719063690109,0.222199057451206,0.753285934507732,TRUE,3,TRUE,no_formulation
HYDROXYCUT,Aspartate Aminotransferase Increased,10,171,460,161,450,42548,43169,5.58778427550357,32.8302841934155,TRUE,6.1405352841528,0.321983391063128,3.26684429550415,TRUE,1.82214088813732,1.57613927566308,TRUE,2.17686191722003,0.095214930467079,1.57206635103065,TRUE,4,TRUE,no_formulation
HYDROXYCUT,Asthenia,15,171,1267,156,1252,41746,43169,3.01258337537134,18.5261830400408,TRUE,3.3011076887758,0.267821326050849,1.952925054011,TRUE,5.01880979406519,0.882885782113332,FALSE,1.48983914652561,0.0644929642612418,0.992088032507788,TRUE,3,TRUE,no_formulation
HYDROXYCUT,Blood Alkaline Phosphatase Increased,9,171,196,162,187,42811,43169,12.1018857303687,77.4926432530698,TRUE,13.3484061538462,0.341721663919253,6.8320346432864,TRUE,0.77639046538025,2.59832343409448,TRUE,2.89585777658618,0.105239993123721,2.26001978025057,TRUE,4,TRUE,no_formulation
HYDROXYCUT,Blood Bilirubin Increased,13,171,364,158,351,42647,43169,9.31297379250596,85.8695631538713,TRUE,10.3341021579441,0.28853356925274,5.8704043739002,TRUE,1.44186800713475,2.416327384223,TRUE,2.79744236109936,0.0740509093030578,2.26408134529615,TRUE,4,TRUE,no_formulation
HYDROXYCUT,Blood Creatine Phosphokinase Increased,3,171,133,168,130,42868,43169,5.80269905533063,7.44242138387085,TRUE,6.82332275998499,0.547115313453989,2.33497351173804,TRUE,0.526836387222312,0.643920680586988,FALSE,1.76914859643576,0.28569112094327,0.72152699957186,TRUE,3,TRUE,no_formulation
HYDROXYCUT,Cardiac Arrest,3,171,154,168,151,42847,43169,4.99570117346346,5.89990300770644,TRUE,5.87463642506684,0.546143756226964,2.01416035405267,TRUE,0.610021079941625,0.432545177445528,FALSE,1.65676784760973,0.28569112094327,0.609146250745827,TRUE,3,TRUE,no_formulation
HYDROXYCUT,Cardiac Enzymes Increased,3,171,19,168,16,42982,43169,47.1469298245614,78.463326033005,TRUE,54.1097922848665,0.593530394928195,16.9064566427117,TRUE,0.0752623410317589,3.4456284313924,TRUE,2.60506298820557,0.28569112094327,1.55744139134167,TRUE,4,TRUE,no_formulation
HYDROXYCUT,Chromaturia,14,171,441,157,427,42571,43169,8.24427188189052,80.2097002218855,TRUE,9.16790866054024,0.278706646441395,5.30921595561488,TRUE,1.74687854710556,2.27783286166909,TRUE,2.69005885201789,0.0689423524703631,2.1754240871116,TRUE,4,TRUE,no_formulation
HYDROXYCUT,Confusional State,5,171,403,166,398,42600,43169,3.1589232713274,5.3524830179493,TRUE,3.53130169064924,0.436299291789087,1.50158308557534,TRUE,1.59635386504204,0.30861774105617,FALSE,1.39154935393227,0.181795017047166,0.555855787193602,TRUE,3,TRUE,no_formulation
HYDROXYCUT,Convulsion,12,171,820,159,808,42190,43169,3.73441028313358,21.4543688781113,TRUE,4.08962958224042,0.295854952425055,2.29006154445027,TRUE,3.24816419189696,1.09374424734695,TRUE,1.73767203676506,0.0799768352289838,1.18338058796248,TRUE,4,TRUE,no_formulation
HYDROXYCUT,Emotional Distress,4,171,252,167,248,42750,43169,4.05564987738163,6.33200450941065,TRUE,4.62181446890297,0.481912759619881,1.7972152099631,TRUE,0.99821631263175,0.459592839610539,FALSE,1.58667906614268,0.222199057451206,0.662774363749327,TRUE,3,TRUE,no_formulation
HYDROXYCUT,Faeces Discoloured,5,171,283,166,278,42720,43169,4.52248727333922,10.2930178360548,TRUE,5.06710121252312,0.437536581399555,2.14941820155732,TRUE,1.12101276378883,0.818463506140944,FALSE,1.76253616801482,0.181795017047166,0.926842601276151,TRUE,3,TRUE,no_formulation
HYDROXYCUT,Faeces Pale,5,171,54,166,49,42949,43169,25.6581931018021,86.3323056867319,TRUE,28.6616616616617,0.456124425112639,11.7230445689838,TRUE,0.213903495563946,3.20635534295569,TRUE,2.94563064750713,0.181795017047166,2.10993708076847,TRUE,4,TRUE,no_formulation
HYDROXYCUT,Fatigue,29,171,1718,142,1689,41309,43169,4.31738216668571,72.3137230630017,TRUE,5.06172904887255,0.203793884950412,3.39489257941788,TRUE,6.80530009960852,1.60872367937202,TRUE,2.01369950962204,0.0338751403137295,1.6529575810509,TRUE,4,TRUE,no_formulation
HYDROXYCUT,Hepatic Enzyme Increased,13,171,563,158,550,42448,43169,5.94337054758107,48.1084449527038,TRUE,6.56764283688187,0.286746073598943,3.74391811407874,TRUE,2.23014200004633,1.78725276175461,TRUE,2.3059115116649,0.0740509093030578,1.77255049586169,TRUE,4,TRUE,no_formulation
HYDROXYCUT,Hepatic Failure,3,171,169,168,166,42832,43169,4.54428239272881,5.04527664163856,TRUE,5.34351859277675,0.545599080441766,1.83401976510515,TRUE,0.669438717598277,0.298524577986238,FALSE,1.58153866031045,0.28569112094327,0.533917063446549,TRUE,3,TRUE,no_formulation
HYDROXYCUT,Hepatic Function Abnormal,10,171,91,161,81,42917,43169,31.0432459750199,233.14316384157,TRUE,34.2368326084066,0.337228831613246,17.6782227936725,TRUE,0.360467001783687,3.91272896895452,TRUE,3.60912565053237,0.095214930467079,3.004330084343,TRUE,4,TRUE,no_formulation
HYDROXYCUT,Hepatic Necrosis,5,171,34,166,29,42969,43169,43.3534986892519,142.165774303783,TRUE,48.1156919631496,0.4708988906655,19.1183103794719,TRUE,0.134679978688411,3.87241567694825,TRUE,3.11533038075512,0.181795017047166,2.27963681401646,TRUE,4,TRUE,no_formulation
HYDROXYCUT,Hepatic Steatosis,4,171,107,167,103,42895,43169,9.76505989893828,22.4703493498528,TRUE,11.1344581440623,0.487726890476032,4.28062887316266,TRUE,0.423845815284116,1.69473125203602,TRUE,2.28420100235726,0.222199057451206,1.3602962999639,TRUE,4,TRUE,no_formulation
HYDROXYCUT,Hepatitis,6,171,197,165,191,42807,43169,7.89896206484798,28.7898293808565,TRUE,8.77943252900854,0.406366512431818,3.95877015044438,TRUE,0.780351641224026,1.7471763410369,TRUE,2.34389962558874,0.153822989075138,1.57518225565942,TRUE,4,TRUE,no_formulation
HYDROXYCUT,Hepatitis Acute,4,171,77,167,73,42925,43169,13.7780982135705,33.6606953183866,TRUE,15.6901005178191,0.491753098443474,5.98462631577568,TRUE,0.305010539970812,2.1689551453041,TRUE,2.48284542383028,0.222199057451206,1.55894072143692,TRUE,4,TRUE,no_formulation
HYDROXYCUT,Hepatocellular Injury,9,171,111,162,102,42896,43169,22.186790505676,148.729871151343,TRUE,24.466296435272,0.348132752746383,12.3660686097909,TRUE,0.439690518659223,3.41812736345292,TRUE,3.3376699161273,0.105239993123721,2.70183191979169,TRUE,4,TRUE,no_formulation
HYDROXYCUT,Hepatomegaly,3,171,89,168,86,42912,43169,8.77152182782538,13.1599483177076,TRUE,10.3047117545154,0.550665961078146,3.50186596335489,TRUE,0.352544650096134,1.22300353857125,TRUE,2.03750762294258,0.28569112094327,0.989886026078681,TRUE,4,TRUE,no_formulation
HYDROXYCUT,Hyperbilirubinaemia,3,171,24,168,21,42977,43169,35.921470342523,61.113253813292,TRUE,41.5212890759782,0.58153581120273,13.2818188401893,TRUE,0.0950682202506428,3.10996398840525,TRUE,2.55622794453204,0.28569112094327,1.50860634766814,TRUE,4,TRUE,no_formulation
HYDROXYCUT,Hypertension,9,171,735,162,726,42272,43169,3.11715238509497,10.9563615746544,TRUE,3.4016729313357,0.335882602379375,1.76109794789082,TRUE,2.91146424517594,0.691902287984679,FALSE,1.47753641764238,0.105239993123721,0.841698421306769,TRUE,3,TRUE,no_formulation
HYDROXYCUT,International Normalised Ratio Increased,7,171,167,164,160,42838,43169,11.0009502923977,51.9357739519742,TRUE,12.1689912791523,0.38166246052202,5.75939592506052,TRUE,0.661516365910723,2.31498247613285,TRUE,2.6908811135652,0.133310168562317,1.97525247834369,TRUE,4,TRUE,no_formulation
HYDROXYCUT,Jaundice,21,171,578,150,557,42441,43169,9.48017260386154,147.389593145248,TRUE,10.875464445868,0.234464133710139,6.86859505983122,TRUE,2.28955963770298,2.6204636349587,TRUE,2.94622735976041,0.0464884631359605,2.52362816432447,TRUE,4,TRUE,no_formulation
HYDROXYCUT,Lethargy,4,171,310,167,306,42692,43169,3.28693192676681,4.25106840392948,TRUE,3.74212948309026,0.481122060951778,1.45740227963298,TRUE,1.2279645115708,0.160841510540289,FALSE,1.38085141328501,0.222199057451206,0.456946710891652,TRUE,3,TRUE,no_formulation
HYDROXYCUT,Liver Function Test Abnormal,17,171,495,154,478,42520,43169,8.94279282585823,109.492694129228,TRUE,10.0652828925343,0.256376151930767,6.08967617743593,TRUE,1.96078204266951,2.46682148360827,TRUE,2.83016613642847,0.0571196923718409,2.36173149828173,TRUE,4,TRUE,no_formulation
HYDROXYCUT,Liver Injury,7,171,330,164,323,42675,43169,5.44938714174497,20.8700519413219,TRUE,6.01450228550758,0.377527460518911,2.86973524915266,TRUE,1.30718802844634,1.3327356214641,TRUE,2.05314397673606,0.133310168562317,1.33751534151455,TRUE,4,TRUE,no_formulation
HYDROXYCUT,Prothrombin Time Prolonged,3,171,23,168,20,42978,43169,37.7175438596491,63.9791148922892,TRUE,43.5477310559456,0.583483298019516,13.8769659276423,TRUE,0.091107044406866,3.17113800551158,TRUE,2.5658636032073,0.28569112094327,1.5182420063434,TRUE,4,TRUE,no_formulation
HYDROXYCUT,Pruritus,13,171,1457,158,1444,41554,43169,2.26374916978504,8.15072367784138,TRUE,2.45021964090923,0.284779859167683,1.40215332732942,TRUE,5.77143320438278,0.415595481075967,FALSE,1.10609232379715,0.0740509093030578,0.572731307993947,TRUE,3,TRUE,no_formulation
HYDROXYCUT,Renal Disorder,7,171,258,164,251,42747,43169,7.01255795531325,29.6571866987922,TRUE,7.74940025500493,0.378697632697905,3.68904675917318,TRUE,1.02198336769441,1.68772447574033,TRUE,2.30093800251995,0.133310168562317,1.58530936729845,TRUE,4,TRUE,no_formulation
HYDROXYCUT,Renal Failure,7,171,352,164,345,42653,43169,5.10188999067718,18.924199621986,TRUE,5.62862069420557,0.377266698013015,2.68699022538096,TRUE,1.39433389700943,1.23964998113955,TRUE,1.98519995165348,0.133310168562317,1.26957131643197,TRUE,4,TRUE,no_formulation
HYDROXYCUT,Rhabdomyolysis,6,171,240,165,234,42764,43169,6.44744339481182,21.9787069183785,TRUE,7.16235610896746,0.405186655905949,3.23708471929275,TRUE,0.950682202506428,1.46245166392909,TRUE,2.16370821188868,0.153822989075138,1.39499084195936,TRUE,4,TRUE,no_formulation
HYDROXYCUT 24,Emotional Distress,3,8,252,5,249,42912,43169,65.0015060240964,129.65994636169,TRUE,109.45071962106,0.686705021678053,28.4894133351888,TRUE,0.0467001783687368,4.13011251519348,TRUE,2.67853317070754,0.28569112094327,1.63091157384364,TRUE,4,TRUE,no_formulation
HYDROXYCUT 24,Injury,5,8,223,3,218,42943,43169,123.741399082569,483.635694191665,TRUE,308.845047401111,0.687118922008835,80.3254573928733,TRUE,0.0413259514929695,5.56853762687541,TRUE,3.34486216014281,0.181795017047166,2.50916859340415,TRUE,4,TRUE,no_formulation
HYDROXYCUT 24,Liver Injury,3,8,330,5,327,42834,43169,49.4965596330275,98.027881424458,TRUE,83.2315058986815,0.686009656138016,21.6942451905652,TRUE,0.0611549954828697,3.74357019661442,TRUE,2.64088370719815,0.28569112094327,1.59326211033425,TRUE,4,TRUE,no_formulation
HYDROXYCUT 24 AM,Anxiety,3,5,1125,2,1122,42042,43169,23.0823529411765,44.2541283423383,TRUE,52.4360801781737,0.828630762020311,10.3344049351508,TRUE,0.130301836966342,2.65655124224482,TRUE,2.47324014958272,0.28569112094327,1.42561855271883,TRUE,4,TRUE,no_formulation
HYDROXYCUT 24 AM,Discomfort,3,5,237,2,234,42930,43169,110.676923076923,223.967440375694,TRUE,256.301492537313,0.83066357299515,50.3125150184534,TRUE,0.0274502536542426,4.8893293340266,TRUE,2.73024798415007,0.28569112094327,1.68262638728617,TRUE,4,TRUE,no_formulation
HYDROXYCUT 24 AM,Fear,3,5,214,2,211,42953,43169,122.741232227488,248.44037660128,TRUE,284.325768321513,0.830942656921583,55.7832165106818,TRUE,0.0247863049873752,5.03468449554391,TRUE,2.73755294558767,0.28569112094327,1.68993134872377,TRUE,4,TRUE,no_formulation
HYDROXYCUT 24 AM,Injury,3,5,223,2,220,42944,43169,117.72,238.262786775319,TRUE,272.663492063492,0.830826527607025,53.5073170028212,TRUE,0.0258287196831059,4.97605020063433,TRUE,2.73469007580137,0.28569112094327,1.68706847893747,TRUE,4,TRUE,no_formulation
HYDROXYCUT 24 AM,Nervousness,3,5,291,2,288,42876,43169,89.925,181.713378912742,TRUE,208.066204506066,0.830182999717264,40.8823177413898,TRUE,0.033704741828627,4.59652020793783,TRUE,2.71324118758941,0.28569112094327,1.66561959072551,TRUE,4,TRUE,no_formulation
HYDROXYCUT 24 AM,Pain,3,5,1848,2,1845,41319,43169,14.0370731707317,25.5086688961703,TRUE,31.3450555405039,0.828420392033737,6.18021195772374,TRUE,0.214042484190044,1.94200102857054,TRUE,2.29327310248487,0.28569112094327,1.24565150562097,TRUE,4,TRUE,no_formulation
HYDROXYCUT 24 PM,Anxiety,3,5,1125,2,1122,42042,43169,23.0823529411765,44.2541283423383,TRUE,52.4360801781737,0.828630762020311,10.3344049351508,TRUE,0.130301836966342,2.65655124224482,TRUE,2.47324014958272,0.28569112094327,1.42561855271883,TRUE,4,TRUE,no_formulation
HYDROXYCUT 24 PM,Discomfort,3,5,237,2,234,42930,43169,110.676923076923,223.967440375694,TRUE,256.301492537313,0.83066357299515,50.3125150184534,TRUE,0.0274502536542426,4.8893293340266,TRUE,2.73024798415007,0.28569112094327,1.68262638728617,TRUE,4,TRUE,no_formulation
HYDROXYCUT 24 PM,Fear,3,5,214,2,211,42953,43169,122.741232227488,248.44037660128,TRUE,284.325768321513,0.830942656921583,55.7832165106818,TRUE,0.0247863049873752,5.03468449554391,TRUE,2.73755294558767,0.28569112094327,1.68993134872377,TRUE,4,TRUE,no_formulation
HYDROXYCUT 24 PM,Injury,3,5,223,2,220,42944,43169,117.72,238.262786775319,TRUE,272.663492063492,0.830826527607025,53.5073170028212,TRUE,0.0258287196831059,4.97605020063433,TRUE,2.73469007580137,0.28569112094327,1.68706847893747,TRUE,4,TRUE,no_formulation
HYDROXYCUT 24 PM,Nervousness,3,5,291,2,288,42876,43169,89.925,181.713378912742,TRUE,208.066204506066,0.830182999717264,40.8823177413898,TRUE,0.033704741828627,4.59652020793783,TRUE,2.71324118758941,0.28569112094327,1.66561959072551,TRUE,4,TRUE,no_formulation
HYDROXYCUT 24 PM,Pain,3,5,1848,2,1845,41319,43169,14.0370731707317,25.5086688961703,TRUE,31.3450555405039,0.828420392033737,6.18021195772374,TRUE,0.214042484190044,1.94200102857054,TRUE,2.29327310248487,0.28569112094327,1.24565150562097,TRUE,4,TRUE,no_formulation
HYDROXYCUT CAFFEINE FREE,Dizziness,3,6,2837,3,2834,40329,43169,7.6152081863091,12.0373964901348,TRUE,14.2280825542424,0.75617865817622,3.23202050911907,TRUE,0.394310732238412,1.06162577937022,TRUE,1.96850682762823,0.28569112094327,0.920885230764332,TRUE,4,TRUE,no_formulation
HYDROXYCUT CAFFEINE FREE,Nausea,3,6,3887,3,3884,39279,43169,5.55651390319259,7.81352207434021,TRUE,10.1118548075685,0.756116038310404,2.29726904057233,TRUE,0.540248789640715,0.607675150331517,FALSE,1.75042631229099,0.28569112094327,0.702804715427092,TRUE,3,TRUE,no_formulation
HYDROXYCUT CAFFEINE FREE CAPLETS,Anxiety,3,14,1125,11,1122,42033,43169,8.24197860962567,12.8339107872414,TRUE,11.3967076595333,0.611216382796071,3.43954914953225,TRUE,0.364845143505756,1.17357277394088,TRUE,2.01684118557909,0.28569112094327,0.969219588715191,TRUE,4,TRUE,no_formulation
HYDROXYCUT CAFFEINE FREE CAPLETS,Cardio-Respiratory Distress,3,14,37,11,34,43121,43169,271.985294117647,516.483517618348,TRUE,380.403906742281,0.633781906484952,109.839593871568,TRUE,0.0119993513864115,6.06034284007523,TRUE,2.77314103436071,0.28569112094327,1.72551943749681,TRUE,4,TRUE,no_formulation
HYDROXYCUT CAFFEINE FREE CAPLETS,Depression,3,14,369,11,366,42789,43169,25.266393442623,47.7706667860537,TRUE,35.5331277062697,0.612717463953152,10.6924641342269,TRUE,0.119669207069888,2.77901863064272,TRUE,2.49778473801956,0.28569112094327,1.45016314115567,TRUE,4,TRUE,no_formulation
HYDROXYCUT CAFFEINE FREE CAPLETS,Emotional Distress,3,14,252,11,249,42906,43169,37.1385542168675,72.0009409405601,TRUE,52.3386773547094,0.613760645510531,15.7173431409065,TRUE,0.0817253121452895,3.32729370828865,TRUE,2.58894493658521,0.28569112094327,1.54132333972131,TRUE,4,TRUE,no_formulation
HYDROXYCUT CAFFEINE FREE CAPLETS,Hypertension,4,14,735,10,731,42424,43169,16.8673050615595,45.4177989697609,TRUE,24.85567815643,0.564668878852386,8.21806862609153,TRUE,0.238365493757094,2.52418370387331,TRUE,2.60751796364493,0.222199057451206,1.68361326125158,TRUE,4,TRUE,no_formulation
HYDROXYCUT CAFFEINE FREE CAPLETS,Injury,4,14,223,10,219,42936,43169,56.3013698630137,163.353957952882,TRUE,83.8330621542467,0.567485168373576,27.5652669427372,TRUE,0.0723204151126966,4.24011043187069,TRUE,2.97503002647488,0.222199057451206,2.05112532408152,TRUE,4,TRUE,no_formulation
HYDROXYCUT CAFFEINE FREE CAPLETS,Liver Function Test Abnormal,7,14,495,7,488,42667,43169,44.2161885245902,253.334246833396,TRUE,87.3439099283521,0.51839867536074,31.6200657166004,TRUE,0.160531863142533,4.35555739568305,TRUE,3.5051905337339,0.133310168562317,2.78956189851239,TRUE,4,TRUE,no_formulation
HYDROXYCUT CAFFEINE FREE CAPLETS,Liver Injury,5,14,330,9,325,42830,43169,47.4230769230769,181.769809004855,TRUE,76.1800468914221,0.538680688517246,26.5037286559131,TRUE,0.107021242095022,4.20310264377366,TRUE,3.1796127105051,0.181795017047166,2.34391914376644,TRUE,4,TRUE,no_formulation
HYDROXYCUT CAFFEINE FREE CAPLETS,Obesity,3,14,35,11,32,43123,43169,288.984375,546.256248251126,TRUE,403.832107023411,0.635187552959774,116.283550712695,TRUE,0.0113507377979569,6.1382135941074,TRUE,2.77496983516448,0.28569112094327,1.72734823830058,TRUE,4,TRUE,no_formulation
HYDROXYCUT CAFFEINE FREE CAPLETS,Renal Disorder,3,14,258,11,255,42900,43169,36.2647058823529,70.2231884772461,TRUE,51.1024419297201,0.613683967144249,15.3484072700292,TRUE,0.0836711529106535,3.29348725933222,TRUE,2.58412725004599,0.28569112094327,1.53650565318209,TRUE,4,TRUE,no_formulation
HYDROXYCUT CAFFEINE FREE CAPLETS,Renal Failure,4,14,352,10,348,42807,43169,35.4310344827586,101.281891023064,TRUE,52.6429596228735,0.565997454333394,17.3601525872532,TRUE,0.114155991568023,3.58408822385056,TRUE,2.87324795917265,0.222199057451206,1.9493432567793,TRUE,4,TRUE,no_formulation
HYDROXYCUT CAFFEINE-FREE CAPLETS,Anxiety,8,40,1125,32,1117,42012,43169,7.72229185317816,41.1121642064055,TRUE,9.83255893994149,0.386438800612257,4.61023656129344,TRUE,1.04241469573073,1.93568017629704,TRUE,2.46227213887685,0.117623894052513,1.7900638739826,TRUE,4,TRUE,no_formulation
HYDROXYCUT CAFFEINE-FREE CAPLETS,Cardiac Disorder,3,40,295,37,292,42837,43169,11.077654109589,18.2800215825737,TRUE,13.6689458689459,0.561981405237253,4.54325166185622,TRUE,0.273344297991614,1.58968210737315,TRUE,2.17817216240955,0.28569112094327,1.13055056554565,TRUE,4,TRUE,no_formulation
HYDROXYCUT CAFFEINE-FREE CAPLETS,Chromaturia,3,40,441,37,438,42691,43169,7.38510273972603,10.8242697622357,TRUE,9.08675028506271,0.560967804742756,3.02623854055104,TRUE,0.408626560726447,1.01021990841064,TRUE,1.94559553846176,0.28569112094327,0.897973941597863,TRUE,4,TRUE,no_formulation
HYDROXYCUT CAFFEINE-FREE CAPLETS,Convulsion,4,40,820,36,816,42313,43169,5.28541666666667,10.0830674945794,TRUE,6.38914008170524,0.500867103489991,2.39384333423607,TRUE,0.759804489332623,0.853160870461814,FALSE,1.83672514403136,0.222199057451206,0.912820441638001,TRUE,3,TRUE,no_formulation
HYDROXYCUT CAFFEINE-FREE CAPLETS,Discomfort,4,40,237,36,233,42896,43169,18.5103004291846,49.3185373143451,TRUE,22.6492916018891,0.503910160313982,8.43563218790078,TRUE,0.219602029233941,2.64228978382037,TRUE,2.6446538414223,0.222199057451206,1.72074913902895,TRUE,4,TRUE,no_formulation
HYDROXYCUT CAFFEINE-FREE CAPLETS,Emotional Distress,11,40,252,29,241,42888,43169,49.2135892116183,454.466039898124,TRUE,69.2308313155771,0.353580160426107,34.6199182435712,TRUE,0.233500891843684,4.72348180028512,TRUE,3.97069133091118,0.0869333569681142,3.39279585236103,TRUE,4,TRUE,no_formulation
HYDROXYCUT CAFFEINE-FREE CAPLETS,Faeces Pale,3,40,54,37,51,43078,43169,63.425,120.221979460376,TRUE,78.071067961165,0.57603961803425,25.2438329989415,TRUE,0.0500359053950752,4.0312815234889,TRUE,2.66975721859012,0.28569112094327,1.62213562172622,TRUE,4,TRUE,no_formulation
HYDROXYCUT CAFFEINE-FREE CAPLETS,Fear,4,40,214,36,210,42919,43169,20.5376190476191,55.3014887758296,TRUE,25.1375069143917,0.504374241762088,9.35384525809693,TRUE,0.198290439899002,2.78932313379852,TRUE,2.68802587501052,0.222199057451206,1.76412117261717,TRUE,4,TRUE,no_formulation
HYDROXYCUT CAFFEINE-FREE CAPLETS,Hepatic Enzyme Increased,3,40,563,37,560,42569,43169,5.77620535714286,7.60859764853591,TRUE,7.08858757062147,0.560525257859338,2.36282184310995,TRUE,0.521670643285691,0.658127085766295,FALSE,1.77642473349169,0.28569112094327,0.728803136627796,TRUE,3,TRUE,no_formulation
HYDROXYCUT CAFFEINE-FREE CAPLETS,Hepatic Failure,3,40,169,37,166,42963,43169,19.4859939759036,35.2392417567787,TRUE,24.0836436436436,0.56427850743944,7.96890464432683,TRUE,0.156593852069772,2.39202014596377,TRUE,2.41428177545621,0.28569112094327,1.36666017859231,TRUE,4,TRUE,no_formulation
HYDROXYCUT CAFFEINE-FREE CAPLETS,Hepatic Steatosis,4,40,107,36,103,43026,43169,41.8728155339806,117.053602990036,TRUE,51.2525312686123,0.509219559459077,18.8911710151674,TRUE,0.0991452199495008,3.78682245793392,TRUE,2.90894737259976,0.222199057451206,1.98504267020641,TRUE,4,TRUE,no_formulation
HYDROXYCUT CAFFEINE-FREE CAPLETS,Hepatitis,3,40,197,37,194,42935,43169,16.6735824742268,29.5842039076772,TRUE,20.6031533847472,0.563511873260749,6.82751566949332,TRUE,0.182538395607959,2.17129808143213,TRUE,2.35837281106615,0.28569112094327,1.31075121420225,TRUE,4,TRUE,no_formulation
HYDROXYCUT CAFFEINE-FREE CAPLETS,Hypertension,4,40,735,36,731,42398,43169,5.9,11.8812404766227,TRUE,7.14588151574453,0.501009103944119,2.67662945039783,TRUE,0.681044267877412,1.01096489727768,TRUE,1.92986196062739,0.222199057451206,1.00595725823404,TRUE,4,TRUE,no_formulation
HYDROXYCUT CAFFEINE-FREE CAPLETS,Injury,9,40,223,31,214,42915,43169,45.3459112149533,334.90459851081,TRUE,60.3392533392533,0.376423293523513,28.8524007421083,TRUE,0.206629757464847,4.50629399186442,TRUE,3.74890110330985,0.105239993123721,3.11306310697424,TRUE,4,TRUE,no_formulation
HYDROXYCUT CAFFEINE-FREE CAPLETS,Jaundice,7,40,578,33,571,42558,43169,13.2181698774081,67.3874269118462,TRUE,16.6719551847064,0.406149428102602,7.52081942735404,TRUE,0.535569505895434,2.61950887472703,TRUE,2.85646620724044,0.133310168562317,2.14083757201893,TRUE,4,TRUE,no_formulation
HYDROXYCUT CAFFEINE-FREE CAPLETS,Liver Function Test Abnormal,12,40,495,28,483,42646,43169,26.788198757764,269.129563197288,TRUE,38.6858433571001,0.342314796945953,19.7773377946938,TRUE,0.458662466121522,3.9169335890343,TRUE,3.70476133612228,0.0799768352289838,3.1504698873197,TRUE,4,TRUE,no_formulation
HYDROXYCUT CAFFEINE-FREE CAPLETS,Myalgia,3,40,357,37,354,42775,43169,9.1375,14.3567082504832,TRUE,11.2620028208745,0.561449200480516,3.74714435429287,TRUE,0.330792930111886,1.31478849058919,TRUE,2.07479407776761,0.28569112094327,1.02717248090371,TRUE,4,TRUE,no_formulation
HYDROXYCUT CAFFEINE-FREE CAPLETS,Nervousness,4,40,291,36,287,42842,43169,15.0275261324042,38.9997191695401,TRUE,18.3720071471114,0.503111403840184,6.85329668207752,TRUE,0.269637934629016,2.34657719400562,TRUE,2.54767318657672,0.222199057451206,1.62376848418336,TRUE,4,TRUE,no_formulation
HYDROXYCUT CAFFEINE-FREE CAPLETS,Pain,11,40,1848,29,1837,41292,43169,6.4564371257485,47.1585343038751,TRUE,8.76031361697221,0.348458407824891,4.42492454348576,TRUE,1.71233987352035,1.8508499318381,TRUE,2.37798891760178,0.0869333569681142,1.80009343905163,TRUE,4,TRUE,no_formulation
HYDROXYCUT CAFFEINE-FREE CAPLETS,Renal Disorder,4,40,258,36,254,42875,43169,16.9799212598425,44.790276521815,TRUE,20.770218263046,0.503559409527657,7.74109928289635,TRUE,0.239060436887581,2.51998976960856,TRUE,2.60616075031707,0.222199057451206,1.68225604792372,TRUE,4,TRUE,no_formulation
HYDROXYCUT CAFFEINE-FREE CAPLETS,Renal Failure,5,40,352,35,347,42782,43169,15.5363832853026,53.9013057003574,TRUE,19.0741716485966,0.461398166216057,7.72139266216253,TRUE,0.326159975908638,2.59853451209541,TRUE,2.73493854434587,0.181795017047166,1.89924497760721,TRUE,4,TRUE,no_formulation
HYDROXYCUT CAFFEINE-FREE CAPLETS,Rhabdomyolysis,7,40,240,33,233,42896,43169,32.393025751073,178.366942895356,TRUE,41.1293106203458,0.409255478611415,18.4410707478744,TRUE,0.22238180175589,3.88623808120368,TRUE,3.37605714159631,0.133310168562317,2.6604285063748,TRUE,4,TRUE,no_formulation
HYDROXYCUT CAFFEINE-FREE CAPLETS,Weight Decreased,3,40,662,37,659,42470,43169,4.9084597875569,5.89829319824326,TRUE,6.01048268890574,0.560286353897439,2.00439807953213,TRUE,0.613403136509996,0.424573222250034,FALSE,1.65237886959442,0.28569112094327,0.604757272730526,TRUE,3,TRUE,no_formulation
HYDROXYCUT CAPSULES,Anxiety,5,15,1125,10,1120,42034,43169,12.8434523809524,44.364884501705,TRUE,19.6502199273284,0.527230998483681,6.99164436167689,TRUE,0.390905510899025,2.33754656211098,TRUE,2.62608728535334,0.181795017047166,1.79039371861468,TRUE,4,TRUE,no_formulation
HYDROXYCUT CAPSULES,Convulsion,3,15,820,12,817,42337,43169,10.5640146878825,17.559932733422,TRUE,14.5009174311927,0.605773181171772,4.42334626615735,TRUE,0.284926683499734,1.52988449426008,TRUE,2.15672511235612,0.28569112094327,1.10910351549222,TRUE,4,TRUE,no_formulation
HYDROXYCUT CAPSULES,Discomfort,3,15,237,12,234,42920,43169,36.8837606837607,71.3938441096247,TRUE,51.2483582089552,0.608277878052611,15.5561948445001,TRUE,0.0823507609627279,3.31634071770691,TRUE,2.58739463928949,0.28569112094327,1.53977304242559,TRUE,4,TRUE,no_formulation
HYDROXYCUT CAPSULES,Emotional Distress,5,15,252,10,247,42907,43169,58.2375168690958,223.733398717296,TRUE,90.8095238095238,0.530207494331723,32.1225244070484,TRUE,0.0875628344413816,4.49158063797716,TRUE,3.22661657063057,0.181795017047166,2.39092300389191,TRUE,4,TRUE,no_formulation
HYDROXYCUT CAPSULES,Fear,3,15,214,12,211,42943,43169,40.9042654028436,79.5479940043189,TRUE,56.851914893617,0.608658939401376,17.2442435694735,TRUE,0.0743589149621256,3.46297099080806,TRUE,2.60733046294471,0.28569112094327,1.55970886608081,TRUE,4,TRUE,no_formulation
HYDROXYCUT CAPSULES,Hepatic Failure,3,15,169,12,166,42988,43169,51.9927710843374,101.925468550612,TRUE,72.292972972973,0.609707760944116,21.882773308398,TRUE,0.0587226945261646,3.80178758440995,TRUE,2.64715059522938,0.28569112094327,1.59952899836548,TRUE,4,TRUE,no_formulation
HYDROXYCUT CAPSULES,Injury,5,15,223,10,218,42936,43169,65.9847094801223,253.813353809488,TRUE,102.931568050561,0.530712941525653,36.3744648798768,TRUE,0.0774861590493178,4.66722539203532,TRUE,3.25157334450281,0.181795017047166,2.41587977776415,TRUE,4,TRUE,no_formulation
HYDROXYCUT CAPSULES,Liver Function Test Abnormal,4,15,495,11,491,42663,43169,23.4373387644263,65.1631610356097,TRUE,33.9662523773719,0.557885984047739,11.3806088134806,TRUE,0.171998424795571,2.99416036555358,TRUE,2.74339524508499,0.222199057451206,1.81949054269163,TRUE,4,TRUE,no_formulation
HYDROXYCUT CAPSULES,Liver Injury,4,15,330,11,326,42828,43169,35.2997955010225,100.751965932244,TRUE,51.3291830348226,0.558806657114832,17.1671626799345,TRUE,0.114665616530381,3.57768125224954,TRUE,2.87205131119184,0.222199057451206,1.94814660879848,TRUE,4,TRUE,no_formulation
HYDROXYCUT CAPSULES,Nervousness,3,15,291,12,288,42866,43169,29.9680555555556,57.3185609310504,TRUE,41.6035355285962,0.607621443384244,12.644813401249,TRUE,0.101114225485881,3.02132465737644,TRUE,2.54164385482073,0.28569112094327,1.49402225795684,TRUE,4,TRUE,no_formulation
HYDROXYCUT CAPSULES,Pain,6,15,1848,9,1842,41312,43169,9.37111834961998,38.4081236921577,TRUE,15.3413554238377,0.50958439765264,5.65062823733992,TRUE,0.642127452570131,2.02830396602312,TRUE,2.50871606487381,0.153822989075138,1.73999869494449,TRUE,4,TRUE,no_formulation
HYDROXYCUT CARB CONTROL CAPSULES,Anxiety,3,10,1125,7,1122,42037,43169,11.5398395721925,19.7628677644988,TRUE,17.4766146993318,0.648044964434391,4.90716093744965,TRUE,0.260603673932683,1.65845516217235,TRUE,2.2021381093311,0.28569112094327,1.1545165124672,TRUE,4,TRUE,no_formulation
HYDROXYCUT CARB CONTROL CAPSULES,Discomfort,3,10,237,7,234,42925,43169,55.3320512820513,109.523722510072,TRUE,85.4238805970149,0.650642226993949,23.8639017250923,TRUE,0.0549005073084853,3.89830041764486,TRUE,2.65705389499557,0.28569112094327,1.60943229813167,TRUE,4,TRUE,no_formulation
HYDROXYCUT CARB CONTROL CAPSULES,Emotional Distress,6,10,252,4,246,42913,43169,105.265853658537,510.354418381029,TRUE,251.465179175118,0.616561816763346,75.1017128811139,TRUE,0.058375222960921,5.48001814293651,TRUE,3.5411328874273,0.153822989075138,2.77241551749798,TRUE,4,TRUE,no_formulation
HYDROXYCUT CARB CONTROL CAPSULES,Fear,3,10,214,7,211,42948,43169,61.3635071090047,121.758915602858,TRUE,94.7642237982664,0.650998490885787,26.45472839972,TRUE,0.0495726099747504,4.04460981831425,TRUE,2.67097291314973,0.28569112094327,1.62335131628583,TRUE,4,TRUE,no_formulation
HYDROXYCUT CARB CONTROL CAPSULES,Injury,7,10,223,3,216,42943,43169,139.86712962963,809.306839455561,TRUE,425.042890135269,0.650914620440481,118.676039751495,TRUE,0.0516574393662119,5.98487055908405,TRUE,3.76504601033997,0.133310168562317,3.04941737511846,TRUE,4,TRUE,no_formulation
HYDROXYCUT CARB CONTROL CAPSULES,Liver Injury,3,10,330,7,327,42832,43169,39.5954128440367,77.4457406688478,TRUE,61.0335877862596,0.649711013389678,17.0814101399789,TRUE,0.0764437443535871,3.42325977535811,TRUE,2.60210319606219,0.28569112094327,1.55448159919829,TRUE,4,TRUE,no_formulation
HYDROXYCUT CARB CONTROL CAPSULES,Nervousness,3,10,291,7,288,42871,43169,44.9572916666667,88.4005773613648,TRUE,69.3473136915078,0.65002857558185,19.3960881182545,TRUE,0.0674094836572541,3.60383921466556,TRUE,2.62489275298946,0.28569112094327,1.57727115612557,TRUE,4,TRUE,no_formulation
HYDROXYCUT CARB CONTROL CAPSULES,Pain,4,10,1848,6,1844,41315,43169,9.36203904555315,23.0351051920721,TRUE,15.507204370582,0.613705737633618,4.65732602134306,TRUE,0.428084968380088,1.68038522294376,TRUE,2.27759620277746,0.222199057451206,1.35369150038411,TRUE,4,TRUE,no_formulation
HYDROXYCUT CARB CONTROL CAPSULES,Rhabdomyolysis,4,10,240,6,236,42923,43169,73.1508474576271,214.640112120284,TRUE,125.65018702228,0.616700902496103,37.5160178158949,TRUE,0.0555954504389724,4.6174898172261,TRUE,3.01781831064609,0.222199057451206,2.09391360825274,TRUE,4,TRUE,no_formulation
HYDROXYCUT HARDCORE,Alanine Aminotransferase Increased,6,50,468,44,462,42657,43169,11.1997402597403,45.8983083045367,TRUE,13.4721530519283,0.422496945145356,5.88573016770754,TRUE,0.542055641779981,2.27257984315979,TRUE,2.64100740407857,0.153822989075138,1.87229003414925,TRUE,4,TRUE,no_formulation
HYDROXYCUT HARDCORE,Anxiety,6,50,1125,44,1119,42000,43169,4.62402144772118,13.8961619719514,TRUE,5.48003974487005,0.420993027396773,2.40119377502652,TRUE,1.30301836966342,1.00777065801661,TRUE,1.85002562270899,0.153822989075138,1.08130825277967,TRUE,4,TRUE,no_formulation
HYDROXYCUT HARDCORE,Aspartate Aminotransferase Increased,6,50,460,44,454,42665,43169,11.3970925110132,46.8624656501627,TRUE,13.7118577026242,0.422541976756632,5.98992391341455,TRUE,0.532789733373486,2.29743857138508,TRUE,2.6538931536738,0.153822989075138,1.88517578374448,TRUE,4,TRUE,no_formulation
HYDROXYCUT HARDCORE,Asthenia,5,50,1267,45,1262,41857,43169,3.41671949286846,6.4635468284721,TRUE,4.00768142748341,0.452340771526582,1.6514025617683,TRUE,1.46748824387871,0.430021943878949,FALSE,1.48307660325958,0.181795017047166,0.647383036520919,TRUE,3,TRUE,no_formulation
HYDROXYCUT HARDCORE,Blood Creatine Phosphokinase Increased,3,50,133,47,130,42989,43169,19.9010769230769,35.8783800646087,TRUE,24.2731599112724,0.560761102463751,8.08717479883831,TRUE,0.154045727257986,2.41563665279738,TRUE,2.41989151244159,0.28569112094327,1.37226991557769,TRUE,4,TRUE,no_formulation
HYDROXYCUT HARDCORE,Convulsion,5,50,820,45,815,42304,43169,5.29067484662577,13.5436826157562,TRUE,6.27066924491817,0.452820144773877,2.58146121965826,TRUE,0.949755611665779,1.05755803341124,TRUE,1.92362189602023,0.181795017047166,1.08792832928156,TRUE,4,TRUE,no_formulation
HYDROXYCUT HARDCORE,Emotional Distress,6,50,252,44,246,42873,43169,21.0336585365854,93.5858084037464,TRUE,25.4053604394102,0.424733073260765,11.05058501492,TRUE,0.291876114804605,3.16487921406331,TRUE,3.03709306774493,0.153822989075138,2.26837569781561,TRUE,4,TRUE,no_formulation
HYDROXYCUT HARDCORE,Fatigue,7,50,1718,43,1711,41408,43169,3.52814728229106,10.6586043960418,TRUE,4.17142655666032,0.396144255927618,1.91902133667886,TRUE,1.98985383029489,0.726670289591265,FALSE,1.59082954588484,0.133310168562317,0.875200910663333,TRUE,3,TRUE,no_formulation
HYDROXYCUT HARDCORE,Hepatic Enzyme Increased,3,50,563,47,560,42559,43169,4.61989285714286,5.31203039380573,TRUE,5.59493872951782,0.555494856078906,1.88342602643296,TRUE,0.652088304107114,0.336389477811985,FALSE,1.60310362279904,0.28569112094327,0.555482025935145,TRUE,3,TRUE,no_formulation
HYDROXYCUT HARDCORE,Hepatic Failure,3,50,169,47,166,42953,43169,15.5851807228916,27.2636632978646,TRUE,19.0089773984511,0.559281864795513,6.3516772204421,TRUE,0.195742315087215,2.07072575400962,TRUE,2.33072994877694,0.28569112094327,1.28310835191304,TRUE,4,TRUE,no_formulation
HYDROXYCUT HARDCORE,Hepatic Function Abnormal,3,50,91,47,88,43031,43169,29.3993181818182,54.5816196385035,TRUE,35.8275944097532,0.563994318332792,11.8614011349735,TRUE,0.105399708123885,2.96163901218925,TRUE,2.53139503733343,0.28569112094327,1.48377344046953,TRUE,4,TRUE,no_formulation
HYDROXYCUT HARDCORE,Hypertension,4,50,735,46,731,42388,43169,4.71890560875513,8.39343561147649,TRUE,5.60780984719864,0.495094176767599,2.12500818742472,TRUE,0.851305334846765,0.689182733079703,FALSE,1.73557130509239,0.222199057451206,0.811666602699038,TRUE,3,TRUE,no_formulation
HYDROXYCUT HARDCORE,Injury,4,50,223,46,219,42900,43169,15.7512328767123,40.9448015373592,TRUE,18.9141744433831,0.498303840015286,7.12233830475849,TRUE,0.258287196831059,2.40854362076536,TRUE,2.56910873214164,0.222199057451206,1.64520402974829,TRUE,4,TRUE,no_formulation
HYDROXYCUT HARDCORE,Jaundice,4,50,578,46,574,42545,43169,6.00961672473868,12.144219846519,TRUE,7.16676492883012,0.495471237160136,2.71374807412513,TRUE,0.669461882369293,1.03569893654497,TRUE,1.94408016242234,0.222199057451206,1.02017546002898,TRUE,4,TRUE,no_formulation
HYDROXYCUT HARDCORE,Liver Function Test Abnormal,5,50,495,45,490,42629,43169,8.79979591836735,27.2369179045755,TRUE,10.5056401294933,0.453716208343887,4.31729263003409,TRUE,0.573328082651903,1.78540990212394,TRUE,2.35734048861228,0.181795017047166,1.52164692187361,TRUE,4,TRUE,no_formulation
HYDROXYCUT HARDCORE,Loss Of Consciousness,5,50,995,45,990,42129,43169,4.35545454545455,9.96470019434246,TRUE,5.14142041703879,0.452580966511599,2.11757315053648,TRUE,1.15244735805787,0.778577451658513,FALSE,1.73482730604415,0.181795017047166,0.899133739305488,TRUE,3,TRUE,no_formulation
HYDROXYCUT HARDCORE,Muscle Spasms,3,50,623,47,620,42499,43169,4.1728064516129,4.45243807100668,TRUE,5.0468043598117,0.555339581271987,1.69942449884108,TRUE,0.721582617155829,0.190365625383562,FALSE,1.51860348388806,0.28569112094327,0.47098188702416,TRUE,3,TRUE,no_formulation
HYDROXYCUT HARDCORE,Myalgia,3,50,357,47,354,42765,43169,7.30830508474576,10.6287943640911,TRUE,8.88897631950115,0.556427151655108,2.98683612798305,TRUE,0.413491162639857,0.993160696507586,FALSE,1.93789224504603,0.28569112094327,0.890270648182135,TRUE,3,TRUE,no_formulation
HYDROXYCUT HARDCORE,Nausea,10,50,3887,40,3877,39242,43169,2.22434872323962,6.10448348081156,TRUE,2.62385080115577,0.346717224794664,1.32986475561034,TRUE,4.50207324700595,0.271346650151697,FALSE,1.06979123924657,0.095214930467079,0.464995673057196,TRUE,3,TRUE,no_formulation
HYDROXYCUT HARDCORE,Vomiting,9,50,3595,41,3586,39533,43169,2.16436698271054,4.93143720741806,TRUE,2.52330610606374,0.360088408318396,1.24582343917729,TRUE,4.16386759016887,0.175774352392561,FALSE,1.0264006832496,0.105239993123721,0.390562686913988,TRUE,3,TRUE,no_formulation
HYDROXYCUT HARDCORE CAPSULES,Activities Of Daily Living Impaired,3,131,133,128,130,42908,43169,7.58156194950088,10.9561364225131,TRUE,8.955662894882,0.548800990830312,3.05456170992417,TRUE,0.403599805415923,1.02806227161933,TRUE,1.95359905688851,0.28569112094327,0.905977460024609,TRUE,4,TRUE,no_formulation
HYDROXYCUT HARDCORE CAPSULES,Anxiety,28,131,1125,103,1097,41941,43169,8.38556228993716,175.012357774736,TRUE,10.5231058730316,0.213739466434199,6.92157984313742,TRUE,3.41390812851815,2.54389599490775,TRUE,2.86428012229988,0.0350645545272294,2.49725969688489,TRUE,4,TRUE,no_formulation
HYDROXYCUT HARDCORE CAPSULES,Blood Creatine Phosphokinase Increased,3,131,133,128,130,42908,43169,7.58156194950088,10.9561364225131,TRUE,8.955662894882,0.548800990830312,3.05456170992417,TRUE,0.403599805415923,1.02806227161933,TRUE,1.95359905688851,0.28569112094327,0.905977460024609,TRUE,4,TRUE,no_formulation
HYDROXYCUT HARDCORE CAPSULES,Blood Creatinine Increased,3,131,164,128,161,42877,43169,6.12175809587028,8.11148286527758,TRUE,7.23139102046717,0.547459276660154,2.47294866726108,TRUE,0.497671940512868,0.726025362101014,FALSE,1.81071751761633,0.28569112094327,0.763095920752436,TRUE,3,TRUE,no_formulation
HYDROXYCUT HARDCORE CAPSULES,Cardio-Respiratory Distress,9,131,37,122,28,43010,43169,105.600327153762,629.041290036123,TRUE,117.03537414966,0.385405491185192,54.9861573790677,TRUE,0.112279645115708,5.38422859614688,TRUE,3.95566488600798,0.105239993123721,3.31982688967237,TRUE,4,TRUE,no_formulation
HYDROXYCUT HARDCORE CAPSULES,Cerebrovascular Accident,6,131,676,125,670,42368,43169,2.94209866697049,5.90771205933626,TRUE,3.27275833281341,0.404140208451105,1.48218647809232,TRUE,2.05137946211402,0.35317285481116,FALSE,1.34916223378417,0.153822989075138,0.58044486385485,TRUE,3,TRUE,no_formulation
HYDROXYCUT HARDCORE CAPSULES,Chest Pain,9,131,1313,122,1304,41734,43169,2.26749168735072,5.29418513468902,TRUE,2.48106788901839,0.337959999741125,1.27926726962073,TRUE,3.98441010910607,0.239327017895904,FALSE,1.08300929165209,0.105239993123721,0.447171295316481,TRUE,3,TRUE,no_formulation
HYDROXYCUT HARDCORE CAPSULES,Cholelithiasis,3,131,115,128,112,42926,43169,8.80002726281352,13.3343312220547,TRUE,10.3929269347168,0.549916876812963,3.53703354352822,TRUE,0.348977275359633,1.23766203067492,TRUE,2.04355707937953,0.28569112094327,0.995935482515634,TRUE,4,TRUE,no_formulation
HYDROXYCUT HARDCORE CAPSULES,Chromaturia,6,131,441,125,435,42603,43169,4.5315082916557,13.1157459498854,TRUE,5.06671820181959,0.405134502156458,2.29017832638352,TRUE,1.33825198637911,0.969288329377762,FALSE,1.82210517426632,0.153822989075138,1.053387804337,TRUE,3,TRUE,no_formulation
HYDROXYCUT HARDCORE CAPSULES,Convulsion,9,131,820,122,811,42227,43169,3.6458805922384,14.8498323399486,TRUE,4.03547222955726,0.338647885482186,2.07793263233089,TRUE,2.48835970256434,0.918423110884961,FALSE,1.66857370070044,0.105239993123721,1.03273570436483,TRUE,3,TRUE,no_formulation
HYDROXYCUT HARDCORE CAPSULES,Depression,7,131,369,124,362,42676,43169,6.35287419341234,26.1532370328218,TRUE,7.09206481096801,0.379667637067841,3.36971428246811,TRUE,1.11976186615395,1.55594670271042,TRUE,2.21110886877753,0.133310168562317,1.49548023355602,TRUE,4,TRUE,no_formulation
HYDROXYCUT HARDCORE CAPSULES,Diabetes Mellitus,3,131,194,128,191,42847,43169,5.16022541065505,6.25213547139577,TRUE,6.09426908189493,0.546572646206338,2.08770723745241,TRUE,0.588709490606685,0.483818903702008,FALSE,1.68473588294701,0.28569112094327,0.637114286083107,TRUE,3,TRUE,no_formulation
HYDROXYCUT HARDCORE CAPSULES,Discomfort,4,131,237,127,233,42805,43169,5.6400746977689,10.8443538219592,TRUE,6.47015996976949,0.484119175624451,2.50509648016653,TRUE,0.719196645741157,0.93236588711126,FALSE,1.88399416264153,0.222199057451206,0.960089460248176,TRUE,3,TRUE,no_formulation
HYDROXYCUT HARDCORE CAPSULES,Emotional Distress,41,131,252,90,211,42827,43169,63.8384284215477,2083.12507662252,TRUE,92.856405835717,0.199743813847073,62.7749683906072,TRUE,0.764715420788066,5.34410463920149,TRUE,5.03622663710355,0.0240732207711524,4.73212191021747,TRUE,4,TRUE,no_formulation
HYDROXYCUT HARDCORE CAPSULES,Fear,8,131,214,123,206,42832,43169,12.7586155784481,72.8487595642932,TRUE,14.2759604356393,0.361400313482512,7.03032137666711,TRUE,0.64940119066923,2.61813906218328,TRUE,2.88658039247012,0.117623894052513,2.21437212757587,TRUE,4,TRUE,no_formulation
HYDROXYCUT HARDCORE CAPSULES,Gallbladder Operation,3,131,13,128,10,43028,43169,98.5603053435115,153.982930423762,TRUE,111.61738002594,0.623504388541189,32.8847219429524,TRUE,0.0394496050406542,4.37158876254493,TRUE,2.69779482637686,0.28569112094327,1.65017322951297,TRUE,4,TRUE,no_formulation
HYDROXYCUT HARDCORE CAPSULES,Hepatic Failure,6,131,169,125,163,42875,43169,12.0932889992039,48.8363484895049,TRUE,13.5819169803965,0.409821683943678,6.08294390485275,TRUE,0.512844865528504,2.35244610886142,TRUE,2.68202650044046,0.153822989075138,1.91330913051114,TRUE,4,TRUE,no_formulation
HYDROXYCUT HARDCORE CAPSULES,Hepatic Function Abnormal,7,131,91,124,84,42954,43169,27.3778625954199,140.99843248853,TRUE,30.6227275967776,0.391437174808337,14.2182393628793,TRUE,0.276147235284579,3.57427378616481,TRUE,3.27248833258607,0.133310168562317,2.55685969736456,TRUE,4,TRUE,no_formulation
HYDROXYCUT HARDCORE CAPSULES,Hepatic Steatosis,6,131,107,125,101,42937,43169,19.51689214723,82.9441143034339,TRUE,21.9098973563873,0.414354664207094,9.7260059813471,TRUE,0.324700595334615,3.01129733580608,TRUE,2.9784973640038,0.153822989075138,2.20977999407448,TRUE,4,TRUE,no_formulation
HYDROXYCUT HARDCORE CAPSULES,Hepatitis,9,131,197,122,188,42850,43169,15.7277082994965,105.253215809433,TRUE,17.6291777188329,0.34460818321569,8.97213187628997,TRUE,0.597813245616067,2.97521978942234,TRUE,3.1132948621417,0.105239993123721,2.47745686580608,TRUE,4,TRUE,no_formulation
HYDROXYCUT HARDCORE CAPSULES,Hepatocellular Injury,9,131,111,122,102,42936,43169,28.9883251010328,198.944751977083,TRUE,32.4855550024888,0.351006853165956,16.327031310681,TRUE,0.336838935347124,3.80221194030634,TRUE,3.50490563135718,0.105239993123721,2.86906763502156,TRUE,4,TRUE,no_formulation
HYDROXYCUT HARDCORE CAPSULES,Hypertension,6,131,735,125,729,42309,43169,2.70398642917727,4.89074725243666,TRUE,3.00387756718158,0.403990988277064,1.36081208035342,TRUE,2.23041997729852,0.232471302209389,FALSE,1.25131684297928,0.153822989075138,0.482599473049966,TRUE,3,TRUE,no_formulation
HYDROXYCUT HARDCORE CAPSULES,Injury,37,131,223,94,186,42852,43169,65.3536074858409,1912.03520210685,TRUE,91.1794118898677,0.206479886199524,60.8327653636522,TRUE,0.676712455697376,5.34949962966223,TRUE,4.99405686750338,0.0266435018956504,4.67412925556229,TRUE,4,TRUE,no_formulation
HYDROXYCUT HARDCORE CAPSULES,Jaundice,15,131,578,116,563,42475,43169,8.75313546567597,94.1662799139883,TRUE,10.0288319096999,0.273674963954725,5.86534442686642,TRUE,1.75399013180755,2.39940606347907,TRUE,2.78171511112496,0.0644929642612418,2.28396399710713,TRUE,4,TRUE,no_formulation
HYDROXYCUT HARDCORE CAPSULES,Liver Disorder,4,131,115,127,111,42927,43169,11.8390757169383,28.6143781418129,TRUE,13.5882352941176,0.488934826365595,5.21162708184943,TRUE,0.348977275359633,1.97488628465727,TRUE,2.40612715876424,0.222199057451206,1.48222245637089,TRUE,4,TRUE,no_formulation
HYDROXYCUT HARDCORE CAPSULES,Liver Function Test Abnormal,49,131,495,82,446,42592,43169,36.0945811796118,1492.04039260801,TRUE,57.2351623740202,0.185974063494017,39.7519649224079,TRUE,1.50211957654799,4.66409783269829,TRUE,4.62782847840269,0.020178855431004,4.34940597388169,TRUE,4,TRUE,no_formulation
HYDROXYCUT HARDCORE CAPSULES,Liver Injury,20,131,330,111,310,42728,43169,21.1957645900025,345.395308758385,TRUE,25.3008455911556,0.246967838330625,15.5923569426513,TRUE,1.00141305103199,3.7269416198825,TRUE,3.77123107582833,0.0487573230338618,3.3384422911228,TRUE,4,TRUE,no_formulation
HYDROXYCUT HARDCORE CAPSULES,Multiple Injuries,10,131,35,121,25,43013,43169,131.413740458015,834.039195327826,TRUE,145.773178407165,0.377766439354402,69.5210524724784,TRUE,0.106210475109454,5.67237538963911,TRUE,4.11442673605214,0.095214930467079,3.50963116986276,TRUE,4,TRUE,no_formulation
HYDROXYCUT HARDCORE CAPSULES,Muscular Weakness,4,131,233,127,229,42809,43169,5.73859128637621,11.1259940661969,TRUE,6.58354479046521,0.484196259024334,2.54861138143615,TRUE,0.707058305728648,0.956911129945751,FALSE,1.89842963574379,0.222199057451206,0.974524933350439,TRUE,3,TRUE,no_formulation
HYDROXYCUT HARDCORE CAPSULES,Myalgia,11,131,357,120,346,42692,43169,10.4447337069232,82.7850668916555,TRUE,11.7586954308946,0.313312468838647,6.36300382031789,TRUE,1.08334684611643,2.51115527720499,TRUE,2.86058463086597,0.0869333569681142,2.28268915231582,TRUE,4,TRUE,no_formulation
HYDROXYCUT HARDCORE CAPSULES,Myocardial Infarction,7,131,646,124,639,42399,43169,3.59896785291904,10.7048962600579,TRUE,3.99403713367936,0.378090952931596,1.9035951159503,TRUE,1.9603419120202,0.748223683662383,FALSE,1.60803177577598,0.133310168562317,0.892403140554469,TRUE,3,TRUE,no_formulation
HYDROXYCUT HARDCORE CAPSULES,Nervousness,8,131,291,123,283,42755,43169,9.28719013837564,50.0701528015203,TRUE,10.3798456254597,0.359576070505091,5.12995510217024,TRUE,0.883064235910028,2.17493318209215,TRUE,2.61959467776502,0.117623894052513,1.94738641287077,TRUE,4,TRUE,no_formulation
HYDROXYCUT HARDCORE CAPSULES,Obesity,4,131,35,127,31,43007,43169,42.3915291800049,108.861576619382,TRUE,48.187675070028,0.511697804354846,17.6754308528057,TRUE,0.106210475109454,3.68784396711356,TRUE,2.89203431471569,0.222199057451206,1.96812961232234,TRUE,4,TRUE,no_formulation
HYDROXYCUT HARDCORE CAPSULES,Pain,35,131,1848,96,1813,41225,43169,6.34236199121695,155.983127437119,TRUE,8.36275572812427,0.197755872536352,5.67565795105629,TRUE,5.60791308577915,2.20620252046765,TRUE,2.53906758644777,0.0281458493134908,2.21024378146598,TRUE,4,TRUE,no_formulation
HYDROXYCUT HARDCORE CAPSULES,Quality Of Life Decreased,6,131,16,125,10,43028,43169,197.120610687023,614.165113375238,TRUE,212.244545627016,0.507026248812342,78.5682504330107,TRUE,0.0485533600500359,5.7440914824883,TRUE,3.56673584867117,0.153822989075138,2.79801847874185,TRUE,4,TRUE,no_formulation
HYDROXYCUT HARDCORE CAPSULES,Renal Disorder,8,131,258,123,250,42788,43169,10.5130992366412,58.1520339676341,TRUE,11.7563173248644,0.360221614494474,5.8028917818064,TRUE,0.782922930806829,2.34850928965564,TRUE,2.72802833542322,0.117623894052513,2.05582007052897,TRUE,4,TRUE,no_formulation
HYDROXYCUT HARDCORE CAPSULES,Renal Failure,8,131,352,123,344,42694,43169,7.64033374755903,39.1653736858315,TRUE,8.5297180094369,0.358706571804632,4.22277046754606,TRUE,1.06817392110079,1.90047443447581,TRUE,2.43837726827999,0.117623894052513,1.76616900338575,TRUE,4,TRUE,no_formulation
HYDROXYCUT HARDCORE CAPSULES,Renal Failure Acute,4,131,118,127,114,42924,43169,11.5275210928084,27.7279203628185,TRUE,13.2312869252505,0.488694465540515,5.07711452944084,TRUE,0.358081030369015,1.93776946957692,TRUE,2.39073920549097,0.222199057451206,1.46683450309762,TRUE,4,TRUE,no_formulation
HYDROXYCUT HARDCORE CAPSULES,Rhabdomyolysis,27,131,240,104,213,42825,43169,41.6451994409203,919.849328504848,TRUE,52.7862689510662,0.225033787857117,33.9600513986104,TRUE,0.728300400750539,4.70979745800493,TRUE,4.48469627523278,0.0363404715926201,4.11105800675615,TRUE,4,TRUE,no_formulation
HYDROXYCUT HARDCORE CAPSULES,Stress,4,131,143,127,139,42899,43169,9.45422593223131,21.8014447515388,TRUE,10.8537634408602,0.487090472657265,4.17792434216164,TRUE,0.433945655447196,1.6607836929817,TRUE,2.2685144916815,0.222199057451206,1.34460978928815,TRUE,4,TRUE,no_formulation
HYDROXYCUT HARDCORE ELITE CAPSULES,Erythema,3,12,719,9,716,42441,43169,15.0687849162011,26.926710200389,TRUE,21.8232269438425,0.626415739637339,6.39297677596917,TRUE,0.199865644328106,2.0407032257881,TRUE,2.32220502755292,0.28569112094327,1.27458343068902,TRUE,4,TRUE,no_formulation
HYDROXYCUT HARDCORE ELITE CAPSULES,Hyperhidrosis,3,12,755,9,752,42405,43169,14.3474069148936,25.4417211414425,TRUE,20.7615667074663,0.626362458254166,6.08260528412504,TRUE,0.209872825407121,1.9703367588529,TRUE,2.30172242977596,0.28569112094327,1.25410083291206,TRUE,4,TRUE,no_formulation
HYDROXYCUT HARDCORE ELITE CAPSULES,Hypersensitivity,4,12,2207,8,2203,40954,43169,6.5300348010289,14.3167477811573,TRUE,9.83970688343411,0.583393110903463,3.13608568450748,TRUE,0.613495795594061,1.16157968526838,TRUE,2.01482889072303,0.222199057451206,1.09092418832968,TRUE,4,TRUE,no_formulation
HYDROXYCUT HARDCORE LIQUID CAPSULES,Injury,3,7,223,4,220,42942,43169,84.0818181818182,168.777174541908,TRUE,151.47266313933,0.715887520691821,37.2356124323458,TRUE,0.0361602075563483,4.49606064458563,TRUE,2.70661886679909,0.28569112094327,1.65899726993519,TRUE,4,TRUE,no_formulation
HYDROXYCUT HARDCORE RAPID RELEASE CAPSULES,Blood Pressure Increased,6,15,1929,9,1923,41231,43169,8.97639105564223,36.4416467378226,TRUE,14.6665070526589,0.509562018470307,5.40230063423234,TRUE,0.670272649354861,1.96644807263986,TRUE,2.47359503102694,0.153822989075138,1.70487766109762,TRUE,4,TRUE,no_formulation
HYDROXYCUT HARDCORE RAPID RELEASE CAPSULES,Convulsion,3,15,820,12,817,42337,43169,10.5640146878825,17.559932733422,TRUE,14.5009174311927,0.605773181171772,4.42334626615735,TRUE,0.284926683499734,1.52988449426008,TRUE,2.15672511235612,0.28569112094327,1.10910351549222,TRUE,4,TRUE,no_formulation
HYDROXYCUT HARDCORE RAPID RELEASE CAPSULES,Feeling Abnormal,3,15,639,12,636,42518,43169,13.5704402515723,23.7302196232905,TRUE,18.7041319717203,0.60606014288779,5.70228276894177,TRUE,0.222034330190646,1.88919891836039,TRUE,2.27721558313122,0.28569112094327,1.22959398626732,TRUE,4,TRUE,no_formulation
HYDROXYCUT HARDCORE RAPID RELEASE CAPSULES,Heart Rate Increased,4,15,1482,11,1478,41676,43169,7.78601714027966,17.9249185534753,TRUE,11.0302304039053,0.556667853819095,3.70458309852469,TRUE,0.514952859690982,1.41403779475195,TRUE,2.14851227961747,0.222199057451206,1.22460757722411,TRUE,4,TRUE,no_formulation
HYDROXYCUT HARDCORE RAPID RELEASE CAPSULES,Hyperhidrosis,3,15,755,12,752,42402,43169,11.4771276595745,19.4327946761213,TRUE,15.7776744186047,0.605860357577465,4.81198474764822,TRUE,0.262341031758901,1.64888173046308,TRUE,2.19884648804232,0.28569112094327,1.15122489117842,TRUE,4,TRUE,no_formulation
HYDROXYCUT HARDCORE RAPID RELEASE CAPSULES,Tremor,3,15,796,12,793,42361,43169,10.8837326607818,18.2155171848151,TRUE,14.94797731569,0.605803707070569,4.55944419125917,TRUE,0.276587365933888,1.57268742936874,TRUE,2.17213478027904,0.28569112094327,1.12451318341515,TRUE,4,TRUE,no_formulation
HYDROXYCUT MAX,Chest Pain,4,15,1313,11,1309,41845,43169,8.7912401324166,20.9510029479103,TRUE,12.5042581801883,0.556746164460753,4.1990014976519,TRUE,0.456230165164817,1.58859215092875,TRUE,2.23449517877703,0.222199057451206,1.31059047638368,TRUE,4,TRUE,no_formulation
HYDROXYCUT MAX,Heart Rate Increased,3,15,1482,12,1479,41675,43169,5.83556457065585,7.92677356762393,TRUE,7.887218654951,0.605321554753334,2.40804041315596,TRUE,0.514952859690982,0.676813540769601,FALSE,1.78594220023276,0.28569112094327,0.738320603368861,TRUE,3,TRUE,no_formulation
HYDROXYCUT MAX,Palpitations,4,15,1189,11,1185,41969,43169,9.71116736990155,23.7253259585005,TRUE,13.8530981240717,0.556817830826564,4.65129627918231,TRUE,0.413143691074614,1.73159679857136,TRUE,2.301011197687,0.222199057451206,1.37710649529364,TRUE,4,TRUE,no_formulation
HYDROXYCUT MAX LIQUID CAPS,Activities Of Daily Living Impaired,3,33,133,30,130,43006,43169,30.165034965035,56.7932117989026,TRUE,37.8174109666478,0.57112805788921,12.3463270094641,TRUE,0.101670179990271,3.0134408357751,TRUE,2.54031016133433,0.28569112094327,1.49268856447043,TRUE,4,TRUE,no_formulation
HYDROXYCUT MAX LIQUID CAPS,Anxiety,6,33,1125,27,1119,42017,43169,7.00885530912341,25.7242688907285,TRUE,8.87128994275042,0.437180564223659,3.76574722412291,TRUE,0.859992123977855,1.60703624328088,TRUE,2.25684142161474,0.153822989075138,1.48812405168542,TRUE,4,TRUE,no_formulation
HYDROXYCUT MAX LIQUID CAPS,Cardio-Respiratory Distress,3,33,37,30,34,43102,43169,115.336898395722,216.350501843232,TRUE,143.367783321454,0.589499685086409,45.1501615136835,TRUE,0.0282841854108272,4.84668065526893,TRUE,2.72796879458237,0.28569112094327,1.68034719771847,TRUE,4,TRUE,no_formulation
HYDROXYCUT MAX LIQUID CAPS,Chest Pain,4,33,1313,29,1309,41827,43169,3.9943514595921,6.40812604954089,TRUE,4.87244452210379,0.506861011788606,1.80425575617767,TRUE,1.0037063633626,0.451682680980737,FALSE,1.58140212955971,0.222199057451206,0.657497427166356,TRUE,3,TRUE,no_formulation
HYDROXYCUT MAX LIQUID CAPS,Emotional Distress,10,33,252,23,242,42894,43169,54.0145254194841,452.673892082408,TRUE,79.0335161219566,0.376747012038345,37.7674595575951,TRUE,0.192638235771039,4.81550216059296,TRUE,3.92214348670814,0.095214930467079,3.31734792051876,TRUE,4,TRUE,no_formulation
HYDROXYCUT MAX LIQUID CAPS,Hepatic Steatosis,3,33,107,30,104,43032,43169,37.7062937062937,71.7249872547559,TRUE,47.2550788297121,0.572794716456758,15.3771477096188,TRUE,0.0817948064583382,3.32607259480076,TRUE,2.58877259903931,0.28569112094327,1.54115100217541,TRUE,4,TRUE,no_formulation
HYDROXYCUT MAX LIQUID CAPS,Hepatitis,3,33,197,30,194,42942,43169,20.2136832239925,36.8490625329034,TRUE,25.3358759324034,0.56891637881896,8.30738858556576,TRUE,0.150594176376567,2.44825553785608,TRUE,2.42752510841506,0.28569112094327,1.37990351155116,TRUE,4,TRUE,no_formulation
HYDROXYCUT MAX LIQUID CAPS,Injury,9,33,223,24,214,42922,43169,54.9736618521665,409.42618290666,TRUE,77.5916940202655,0.388284414948032,36.2494037301143,TRUE,0.170469549908499,4.78331854200319,TRUE,3.82468379625125,0.105239993123721,3.18884579991563,TRUE,4,TRUE,no_formulation
HYDROXYCUT MAX LIQUID CAPS,Jaundice,4,33,578,29,574,42562,43169,9.10906979199662,21.4701713847655,TRUE,11.3012789308315,0.507823459684329,4.1769525183779,TRUE,0.441844842363733,1.63477869507717,TRUE,2.256363683614,0.222199057451206,1.33245898122065,TRUE,4,TRUE,no_formulation
HYDROXYCUT MAX LIQUID CAPS,Liver Function Test Abnormal,15,33,495,18,480,42656,43169,40.8484848484849,533.533419280767,TRUE,74.3792502179599,0.347382773932464,37.6490142179556,TRUE,0.378396534550256,4.61104608393006,TRUE,4.14125204263994,0.0644929642612418,3.64350092862211,TRUE,4,TRUE,no_formulation
HYDROXYCUT MAX LIQUID CAPS,Liver Injury,5,33,330,28,325,42811,43169,20.1100233100233,72.1313153925008,TRUE,25.3820842428652,0.469043128024319,10.122078715691,TRUE,0.252264356366837,2.9687319318034,TRUE,2.87011997901609,0.181795017047166,2.03442641227743,TRUE,4,TRUE,no_formulation
HYDROXYCUT MAX LIQUID CAPS,Pain,10,33,1848,23,1838,41298,43169,7.11181455468724,48.4059310262616,TRUE,10.0367262858829,0.371966964067023,4.8413603455973,TRUE,1.41268039565429,1.94325961616679,TRUE,2.45672159986636,0.095214930467079,1.85192603367698,TRUE,4,TRUE,no_formulation
HYDROXYCUT MAX LIQUID CAPS,Rhabdomyolysis,6,33,240,27,234,42902,43169,33.5167055167055,155.044904540629,TRUE,43.2434580345028,0.441018697108048,18.2187141589561,TRUE,0.183464986448609,3.8337256539108,TRUE,3.24950038181136,0.153822989075138,2.48078301188204,TRUE,4,TRUE,no_formulation
HYDROXYCUT MAX POWDER PACKETS,Emotional Distress,3,5,252,2,249,42915,43169,104.009638554217,210.413655113959,TRUE,240.808416833667,0.83050924338665,47.2854931353152,TRUE,0.0291876114804605,4.80185772496687,TRUE,2.72550372907159,0.28569112094327,1.67788213220769,TRUE,4,TRUE,no_formulation
HYDROXYCUT MAX POWDER PACKETS,Injury,3,5,223,2,220,42944,43169,117.72,238.262786775319,TRUE,272.663492063492,0.830826527607025,53.5073170028212,TRUE,0.0258287196831059,4.97605020063433,TRUE,2.73469007580137,0.28569112094327,1.68706847893747,TRUE,4,TRUE,no_formulation
HYDROXYCUT NATURAL CAPLETS,Anxiety,5,17,1125,12,1120,42032,43169,11.3319327731092,38.1604916367646,TRUE,16.5053993752789,0.512576269111227,6.04383095394318,TRUE,0.443026245685561,2.15712381564905,TRUE,2.54406178992706,0.181795017047166,1.70836822318839,TRUE,4,TRUE,no_formulation
HYDROXYCUT NATURAL CAPLETS,Discomfort,3,17,237,14,234,42918,43169,32.5429864253394,62.4265631204334,TRUE,44.1775604734946,0.599138961556744,13.6522536958199,TRUE,0.0933308624244249,3.1364759226548,TRUE,2.5604461896356,0.28569112094327,1.5128245927717,TRUE,4,TRUE,no_formulation
HYDROXYCUT NATURAL CAPLETS,Emotional Distress,8,17,252,9,244,42908,43169,83.2246865959499,555.378557506469,TRUE,157.02174147024,0.476469832910812,61.7135429730656,TRUE,0.0992378790335657,5.32405060972057,TRUE,3.82626211379858,0.117623894052513,3.15405384890433,TRUE,4,TRUE,no_formulation
HYDROXYCUT NATURAL CAPLETS,Fatigue,3,17,1718,14,1715,41437,43169,4.44026753558566,5.12030130039456,TRUE,5.8304606076443,0.596059440087179,1.81270372445147,TRUE,0.676550302300262,0.283287169069211,FALSE,1.57279191910886,0.28569112094327,0.525170322244958,TRUE,3,TRUE,no_formulation
HYDROXYCUT NATURAL CAPLETS,Fear,4,17,214,13,210,42942,43169,48.3495798319328,139.188967203047,TRUE,68.0007917656374,0.548698621352386,23.1980923934167,TRUE,0.0842734369570757,4.02040615395393,TRUE,2.94520939534283,0.222199057451206,2.02130469294948,TRUE,4,TRUE,no_formulation
HYDROXYCUT NATURAL CAPLETS,Hepatic Steatosis,5,17,107,12,102,43050,43169,124.429065743945,472.978751349478,TRUE,184.802146341463,0.521150177888378,66.5418734128582,TRUE,0.0421367184785378,5.54073727719294,TRUE,3.34270299073136,0.181795017047166,2.5070094239927,TRUE,4,TRUE,no_formulation
HYDROXYCUT NATURAL CAPLETS,Injury,7,17,223,10,216,42936,43169,82.2614379084967,470.81496777328,TRUE,141.657868690201,0.482921998280677,54.9755014783865,TRUE,0.0878176469225602,5.2232777675167,TRUE,3.67345001958846,0.133310168562317,2.95782138436695,TRUE,4,TRUE,no_formulation
HYDROXYCUT NATURAL CAPLETS,Jaundice,3,17,578,14,575,42577,43169,13.2435805626599,23.002947449147,TRUE,17.8580844243387,0.597026723857729,5.54160370252423,TRUE,0.22761704000556,1.85342794449314,TRUE,2.26610368719958,0.28569112094327,1.21848209033568,TRUE,4,TRUE,no_formulation
HYDROXYCUT NATURAL CAPLETS,Liver Function Test Abnormal,7,17,495,10,488,42664,43169,36.4108003857281,206.384546235751,TRUE,62.3841204854511,0.480251965293774,24.3374644895707,TRUE,0.194931548101647,4.07599492232156,TRUE,3.43194781349126,0.133310168562317,2.71631917826975,TRUE,4,TRUE,no_formulation
HYDROXYCUT NATURAL CAPLETS,Liver Injury,3,17,330,14,327,42825,43169,23.2876416621695,43.5738834202961,TRUE,31.5639378783891,0.598127568871398,9.77360346420697,TRUE,0.129954365401098,2.66039339310154,TRUE,2.47403569498974,0.28569112094327,1.42641409812584,TRUE,4,TRUE,no_formulation
HYDROXYCUT NATURAL CAPLETS,Nervousness,4,17,291,13,287,42865,43169,35.3777413404386,100.730173169433,TRUE,49.6991304347826,0.54753802237843,16.9931940314944,TRUE,0.114596122217332,3.57855325655164,TRUE,2.8722144320273,0.222199057451206,1.94830972963394,TRUE,4,TRUE,no_formulation
HYDROXYCUT NATURAL CAPLETS,Pain,5,17,1848,12,1843,41309,43169,6.88647026906259,20.4359832443416,TRUE,9.85960401410361,0.512235137176614,3.61273512599274,TRUE,0.727744446246149,1.44152281823227,TRUE,2.16342132218126,0.181795017047166,1.32772775544259,TRUE,4,TRUE,no_formulation
HYDROXYCUT NATURAL CAPLETS,Renal Failure,4,17,352,13,348,42804,43169,29.1764705882353,82.2134662878177,TRUE,40.9416547106648,0.54698180845902,14.0140956155114,TRUE,0.138617989761171,3.30474672966112,TRUE,2.81689990237302,0.222199057451206,1.89299519997966,TRUE,4,TRUE,no_formulation
HYDROXYCUT NATURAL CAPLETS,Rhabdomyolysis,4,17,240,13,236,42916,43169,43.0229312063809,123.441940984318,TRUE,60.4883720930233,0.548222516107634,20.6545372781458,TRUE,0.0945122657462531,3.85561917120908,TRUE,2.92014652092772,0.222199057451206,1.99624181853436,TRUE,4,TRUE,no_formulation
HYDROXYCUT PRO CLINICAL CAPLETS,Loss Of Consciousness,3,19,995,16,992,42158,43169,6.86810271646859,9.9430700586829,TRUE,9.01028929089382,0.58936544096547,2.8383159886813,TRUE,0.437929996061989,0.91038396352888,FALSE,1.89980276808817,0.28569112094327,0.852181171224272,TRUE,3,TRUE,no_formulation
HYDROXYCUT PRO CLINICAL CAPLETS CAPLET,Headache,4,6,2348,2,2344,40819,43169,12.2761660978385,32.6430483270928,TRUE,31.3393474088292,0.789096477304585,6.67417311190665,TRUE,0.326345294076768,2.07152144850352,TRUE,2.44510834863271,0.222199057451206,1.52120364623936,TRUE,4,TRUE,no_formulation
HYDROXYCUT RAPID RELEASE CAPLETS,Emotional Distress,4,17,252,13,248,42904,43169,40.9411764705882,117.270486596481,TRUE,57.5513078470825,0.548036265902149,19.6588138384362,TRUE,0.0992378790335657,3.78547944023109,TRUE,2.90872427399055,0.222199057451206,1.9848195715972,TRUE,4,TRUE,no_formulation
HYDROXYCUT RAPID RELEASE CAPLETS,Fatigue,4,17,1718,13,1714,41438,43169,5.92381083121697,12.276315822026,TRUE,8.05647905122971,0.544888694018987,2.76902363166039,TRUE,0.676550302300262,1.02051142305156,TRUE,1.93536199849356,0.222199057451206,1.01145729610021,TRUE,4,TRUE,no_formulation
HYDROXYCUT RAPID RELEASE CAPLETS,Hepatic Enzyme Increased,3,17,563,14,560,42592,43169,13.5983193277311,23.7303943797382,TRUE,18.3424590113507,0.597065660198126,5.69147728643478,TRUE,0.221710023396419,1.89130441144569,TRUE,2.27786372531853,0.28569112094327,1.23024212845464,TRUE,4,TRUE,no_formulation
HYDROXYCUT RAPID RELEASE CAPLETS,Liver Function Test Abnormal,5,17,495,12,490,42662,43169,25.9015606242497,96.2183013491005,TRUE,38.2701325178389,0.513692863091277,13.9828524021332,TRUE,0.194931548101647,3.34012198060239,TRUE,2.98448883652004,0.181795017047166,2.14879526978137,TRUE,4,TRUE,no_formulation
HYDROXYCUT RAPID RELEASE CAPLETS,Pain,3,17,1848,14,1845,41307,43169,4.12740315638451,4.51072152985032,TRUE,5.40275039938714,0.596025058373713,1.67984082635879,TRUE,0.727744446246149,0.17810411631285,FALSE,1.51134462560156,0.28569112094327,0.463723028737666,TRUE,3,TRUE,no_formulation
HYDROXYCUT RAPID RELEASE CAPLETS,Rhabdomyolysis,4,17,240,13,236,42916,43169,43.0229312063809,123.441940984318,TRUE,60.4883720930233,0.548222516107634,20.6545372781458,TRUE,0.0945122657462531,3.85561917120908,TRUE,2.92014652092772,0.222199057451206,1.99624181853436,TRUE,4,TRUE,no_formulation
HYDROXYCUT REGULAR DRINK MIX SACHETS,Anxiety,7,21,1125,14,1118,42030,43169,12.8646392367323,66.5138601788757,TRUE,19.4366685678171,0.450795627039733,8.03335288289273,TRUE,0.547267715258635,2.58835577297398,TRUE,2.84026030701199,0.133310168562317,2.12463167179049,TRUE,4,TRUE,no_formulation
HYDROXYCUT REGULAR DRINK MIX SACHETS,Chest Pain,3,21,1313,18,1310,41838,43169,4.70534351145038,5.59675031523372,TRUE,6.03997855161533,0.583571168522158,1.92437448211861,TRUE,0.638722231230744,0.366252210307943,FALSE,1.61993904902186,0.28569112094327,0.572317452157963,TRUE,3,TRUE,no_formulation
HYDROXYCUT REGULAR DRINK MIX SACHETS,Discomfort,3,21,237,18,234,42914,43169,26.3418803418803,49.6223458782095,TRUE,34.6224283985478,0.586562898792386,10.9664258515647,TRUE,0.115291065347819,2.83263258698949,TRUE,2.50801397365354,0.28569112094327,1.46039237678964,TRUE,4,TRUE,no_formulation
HYDROXYCUT REGULAR DRINK MIX SACHETS,Emotional Distress,12,21,252,9,240,42908,43169,102.733333333333,1062.65692372315,TRUE,234.754896597002,0.435252188344217,100.027754000835,TRUE,0.122587968217934,5.81758277698783,TRUE,4.32750658829195,0.0799768352289838,3.77321513948936,TRUE,4,TRUE,no_formulation
HYDROXYCUT REGULAR DRINK MIX SACHETS,Fear,3,21,214,18,211,42937,43169,29.2132701421801,55.4427775726364,TRUE,38.4080889400038,0.586958057974552,12.1560901760319,TRUE,0.104102480946976,2.97944684900594,TRUE,2.53448970545318,0.28569112094327,1.48686810858928,TRUE,4,TRUE,no_formulation
HYDROXYCUT REGULAR DRINK MIX SACHETS,Hepatocellular Injury,3,21,111,18,108,43040,43169,57.0740740740741,111.14069549667,TRUE,75.048823016565,0.590769128815076,23.5760503910707,TRUE,0.053997081238852,3.92208791717115,TRUE,2.65940464156098,0.28569112094327,1.61178304469709,TRUE,4,TRUE,no_formulation
HYDROXYCUT REGULAR DRINK MIX SACHETS,Injury,10,21,223,11,213,42935,43169,96.4632237871675,817.673900309777,TRUE,183.615823235923,0.432321348624746,78.6884051133645,TRUE,0.108480622669045,5.64196172641443,TRUE,4.10903419724873,0.095214930467079,3.50423863105935,TRUE,4,TRUE,no_formulation
HYDROXYCUT REGULAR DRINK MIX SACHETS,Liver Function Test Abnormal,3,21,495,18,492,42656,43169,12.5284552845528,21.4524873879377,TRUE,16.3860886266978,0.584655659091041,5.20962370990542,TRUE,0.240797794713799,1.77233371107621,TRUE,2.24020321310951,0.28569112094327,1.19258161624561,TRUE,4,TRUE,no_formulation
HYDROXYCUT REGULAR DRINK MIX SACHETS,Liver Injury,4,21,330,17,326,42822,43169,25.2106339468303,70.0385819227398,TRUE,33.7258805513017,0.531461399079064,11.9007469768044,TRUE,0.160531863142533,3.09349000602682,TRUE,2.76822493956769,0.222199057451206,1.84432023717434,TRUE,4,TRUE,no_formulation
HYDROXYCUT REGULAR DRINK MIX SACHETS,Myalgia,4,21,357,17,353,42795,43169,23.2823418319169,64.2737889319886,TRUE,31.1302889472621,0.531241282866711,10.9895888007013,TRUE,0.17366628830874,2.98026569349179,TRUE,2.73981899072082,0.222199057451206,1.81591428832746,TRUE,4,TRUE,no_formulation
HYDROXYCUT REGULAR DRINK MIX SACHETS,Myocardial Infarction,3,21,646,18,643,42505,43169,9.58631415241057,15.4411362581296,TRUE,12.4966294966295,0.58424812168249,3.97622409521423,TRUE,0.314253283606292,1.38871005589325,TRUE,2.1038053844141,0.28569112094327,1.0561837875502,TRUE,4,TRUE,no_formulation
HYDROXYCUT REGULAR DRINK MIX SACHETS,Nervousness,3,21,291,18,288,42860,43169,21.4027777777778,39.5783957464758,TRUE,28.1065623682608,0.585882134716621,8.91445486398728,TRUE,0.141559915680234,2.53729852218446,TRUE,2.44769901114946,0.28569112094327,1.40007741428556,TRUE,4,TRUE,no_formulation
HYDROXYCUT REGULAR DRINK MIX SACHETS,Pain,8,21,1848,13,1840,41308,43169,8.93333333333333,50.6623713252886,TRUE,14.1315161942709,0.438507322181796,5.9830659824406,TRUE,0.898978433598184,2.14917502476529,TRUE,2.60308911890548,0.117623894052513,1.93088085401123,TRUE,4,TRUE,no_formulation
HYDROXYCUT REGULAR DRINK MIX SACHETS,Renal Disorder,3,21,258,18,255,42893,43169,24.1725490196078,45.2157298429473,TRUE,31.7611995557201,0.58626405965986,10.0660446907722,TRUE,0.12550672936598,2.71049856606007,TRUE,2.48425761157752,0.28569112094327,1.43663601471363,TRUE,4,TRUE,no_formulation
HYDROXYCUT REGULAR DRINK MIX SACHETS,Rhabdomyolysis,3,21,240,18,237,42911,43169,26.0084388185654,48.9455291092152,TRUE,34.1827027027027,0.586516981732419,10.8281200967199,TRUE,0.116750445921842,2.81453898254925,TRUE,2.50459616332432,0.28569112094327,1.45697456646042,TRUE,4,TRUE,no_formulation
HYDROXYCUT REGULAR DRINK MIX SACHETS,Stress,3,21,143,18,140,43008,43169,44.0285714285714,85.238821743698,TRUE,57.9127632971049,0.588989837525693,18.2564367348677,TRUE,0.0695638073617642,3.558681149268,TRUE,2.61942554303997,0.28569112094327,1.57180394617607,TRUE,4,TRUE,no_formulation
HYDROXYCUT REGULAR RAPID RELEASE,Emotional Distress,3,15,252,12,249,42905,43169,34.6618473895582,66.8783843918661,TRUE,48.1504609218437,0.608067108781242,14.6218820556208,TRUE,0.0875628344413816,3.22816193605775,TRUE,2.57453987405088,0.28569112094327,1.52691827718698,TRUE,4,TRUE,no_formulation
HYDROXYCUT REGULAR RAPID RELEASE,Hepatocellular Injury,3,15,111,12,108,43046,43169,79.9148148148148,157.544057856975,TRUE,111.087741935484,0.612334962474321,33.4530790108397,TRUE,0.0385693437420371,4.40385992085273,TRUE,2.70015090535653,0.28569112094327,1.65252930849263,TRUE,4,TRUE,no_formulation
HYDROXYCUT REGULAR RAPID RELEASE,Injury,3,15,223,12,220,42934,43169,39.2309090909091,76.1567847449124,TRUE,54.52,0.608500389810168,16.5420701635494,TRUE,0.0774861590493178,3.4038066901159,TRUE,2.59949664792312,0.28569112094327,1.55187505105922,TRUE,4,TRUE,no_formulation
HYDROXYCUT REGULAR RAPID RELEASE,Jaundice,3,15,578,12,575,42579,43169,15.0100869565217,26.6868248988684,TRUE,20.7163509991312,0.606197484864236,6.31404313317655,TRUE,0.200838564710788,2.03370943800253,TRUE,2.32020085332691,0.28569112094327,1.27257925646301,TRUE,4,TRUE,no_formulation
HYDROXYCUT REGULAR RAPID RELEASE,Liver Function Test Abnormal,4,15,495,11,491,42663,43169,23.4373387644263,65.1631610356097,TRUE,33.9662523773719,0.557885984047739,11.3806088134806,TRUE,0.171998424795571,2.99416036555358,TRUE,2.74339524508499,0.222199057451206,1.81949054269163,TRUE,4,TRUE,no_formulation
HYDROXYCUT REGULAR RAPID RELEASE,Pain,3,15,1848,12,1845,41309,43169,4.67794037940379,5.61775369285678,TRUE,6.26749390409103,0.605210997748674,1.91393823585212,TRUE,0.642127452570131,0.358585322374924,FALSE,1.61563126879032,0.28569112094327,0.568009671926424,TRUE,3,TRUE,no_formulation
HYDROXYCUT REGULAR RAPID RELEASE CAPLETS,Acute Hepatic Failure,4,328,70,324,66,42775,43169,7.91592756836659,16.7180312292665,TRUE,8.92013160791038,0.490270188950919,3.41228150420472,TRUE,0.531863142532836,1.36745377629598,TRUE,2.12467336467554,0.222199057451206,1.20076866228219,TRUE,4,TRUE,no_formulation
HYDROXYCUT REGULAR RAPID RELEASE CAPLETS,Anxiety,54,328,1125,274,1071,41770,43169,6.58551957368313,244.583899606334,TRUE,7.73983410213454,0.151488687890171,5.75150997840401,TRUE,8.54780050499201,2.31438857781545,TRUE,2.59061720509018,0.0183254590821948,2.32528894875445,TRUE,4,TRUE,no_formulation
HYDROXYCUT REGULAR RAPID RELEASE CAPLETS,Autoimmune Hepatitis,3,328,33,325,30,42811,43169,13.0612804878049,20.3474399969827,TRUE,15.09307244844,0.567094988331406,4.9665711033968,TRUE,0.250735481479766,1.71407143912313,TRUE,2.22097834726201,0.28569112094327,1.17335675039811,TRUE,4,TRUE,no_formulation
HYDROXYCUT REGULAR RAPID RELEASE CAPLETS,Blood Cholesterol Increased,7,328,168,321,161,42680,43169,5.67881760339343,21.6233319341026,TRUE,6.16505929538878,0.377702440564001,2.94056273980854,TRUE,1.27647154207881,1.36703177372356,TRUE,2.07787601779253,0.133310168562317,1.36224738257103,TRUE,4,TRUE,no_formulation
HYDROXYCUT REGULAR RAPID RELEASE CAPLETS,Cardiac Arrest,5,328,154,323,149,42692,43169,4.38298002946472,9.58306734493588,TRUE,4.8551069251963,0.437746226088802,2.05864607606738,TRUE,1.17009891357224,0.756654317342989,FALSE,1.71949806809712,0.181795017047166,0.883804501358459,TRUE,3,TRUE,no_formulation
HYDROXYCUT REGULAR RAPID RELEASE CAPLETS,Cardiac Disorder,11,328,295,317,284,42557,43169,5.05894666781175,30.8728641190357,TRUE,5.41811162005452,0.306013993385573,2.97415486046489,TRUE,2.24142324353124,1.46247244014929,TRUE,2.06863687553814,0.0869333569681142,1.49074139698799,TRUE,4,TRUE,no_formulation
HYDROXYCUT REGULAR RAPID RELEASE CAPLETS,Cardio-Respiratory Distress,15,328,37,313,22,42819,43169,89.0541851441242,725.289702354438,TRUE,94.0921141236931,0.334923453920405,48.8045853359298,TRUE,0.28112766105307,5.03926545042711,TRUE,4.31056605547643,0.0644929642612418,3.81281494145861,TRUE,4,TRUE,no_formulation
HYDROXYCUT REGULAR RAPID RELEASE CAPLETS,Convulsion,32,328,820,296,788,42053,43169,5.30407329454005,105.274298046966,TRUE,5.84600405705542,0.188239002606935,4.04228414878808,TRUE,6.23039681252751,1.90332150647151,TRUE,2.27167624688691,0.0307460659982145,1.92799894600898,TRUE,4,TRUE,no_formulation
HYDROXYCUT REGULAR RAPID RELEASE CAPLETS,Depression,13,328,369,315,356,42485,43169,4.76956871745684,34.0821037976894,TRUE,5.0993591952043,0.282970374266256,2.92850762502501,TRUE,2.80367856563738,1.45711297436744,TRUE,2.03081417688305,0.0740509093030578,1.49745316107984,TRUE,4,TRUE,no_formulation
HYDROXYCUT REGULAR RAPID RELEASE CAPLETS,Dialysis,4,328,8,324,4,42837,43169,130.612804878049,196.119081698192,TRUE,132.010785824345,0.668991369582403,35.5756190701984,TRUE,0.0607843591466098,4.48951536938872,TRUE,3.00440698467069,0.222199057451206,2.08050228227733,TRUE,4,TRUE,no_formulation
HYDROXYCUT REGULAR RAPID RELEASE CAPLETS,Discomfort,13,328,237,315,224,42617,43169,7.58020742595819,64.4111140469392,TRUE,8.12280503601947,0.285869644603033,4.63840723451204,TRUE,1.80073663971832,2.09574798568402,TRUE,2.5527916512905,0.0740509093030578,2.01943063548729,TRUE,4,TRUE,no_formulation
HYDROXYCUT REGULAR RAPID RELEASE CAPLETS,Emotional Distress,115,328,252,213,137,42704,43169,109.638485846537,6709.89844969511,TRUE,168.017704918033,0.143659296309329,126.785557985247,TRUE,1.91470731311821,5.67671313664257,TRUE,5.57990071094831,0.00863484388699242,5.39776994398053,TRUE,4,TRUE,no_formulation
HYDROXYCUT REGULAR RAPID RELEASE CAPLETS,Faeces Pale,3,328,54,325,51,42790,43169,7.68310616929699,10.7381774068426,TRUE,8.93423113059818,0.555182247317221,3.00937642267233,TRUE,0.410294424239616,1.00434828361791,TRUE,1.94294977307272,0.28569112094327,0.89532817620882,TRUE,4,TRUE,no_formulation
HYDROXYCUT REGULAR RAPID RELEASE CAPLETS,Fear,23,328,214,305,191,42650,43169,15.7282435193462,271.373320620183,TRUE,17.1321550512151,0.22599091222986,11.0013162213643,TRUE,1.62598160717181,3.27376417534222,TRUE,3.46645973616177,0.0425300267183455,3.06225267209535,TRUE,4,TRUE,no_formulation
HYDROXYCUT REGULAR RAPID RELEASE CAPLETS,Heart Injury,3,328,29,325,26,42815,43169,15.0707082551595,23.7817211835402,TRUE,17.3728951105701,0.571441762053737,5.66827810125177,TRUE,0.220343301906461,1.90021147804555,TRUE,2.2805983855029,0.28569112094327,1.232976788639,TRUE,4,TRUE,no_formulation
HYDROXYCUT REGULAR RAPID RELEASE CAPLETS,Hepatic Encephalopathy,3,328,5,325,2,42839,43169,195.919207317073,160.794200173169,TRUE,184.255913978495,0.829945676100378,36.2207479695195,TRUE,0.0379902244666312,4.4254915450342,TRUE,2.70170305836686,0.28569112094327,1.65408146150297,TRUE,4,TRUE,no_formulation
HYDROXYCUT REGULAR RAPID RELEASE CAPLETS,Hepatic Enzyme Increased,10,328,563,318,553,42288,43169,2.36189520575133,6.5091925396783,TRUE,2.51874683582001,0.316556700273202,1.35433472774074,TRUE,4.27769927494267,0.345095323877882,FALSE,1.13600137438484,0.095214930467079,0.531205808195463,TRUE,3,TRUE,no_formulation
HYDROXYCUT REGULAR RAPID RELEASE CAPLETS,Hepatic Failure,15,328,169,313,154,42687,43169,12.7220264491606,137.60139864396,TRUE,13.6604935404118,0.272400146230896,8.00930264879682,TRUE,1.28406958697213,2.84921960213887,TRUE,3.11902442224655,0.0644929642612418,2.62127330822872,TRUE,4,TRUE,no_formulation
HYDROXYCUT REGULAR RAPID RELEASE CAPLETS,Hepatic Function Abnormal,13,328,91,315,78,42763,43169,21.7688008130081,203.6483035723,TRUE,23.3097701555513,0.30000980669527,12.946861085431,TRUE,0.691422085292687,3.47625380090093,TRUE,3.50220289460279,0.0740509093030578,2.96884187879959,TRUE,4,TRUE,no_formulation
HYDROXYCUT REGULAR RAPID RELEASE CAPLETS,Hepatic Steatosis,18,328,107,310,89,42752,43169,26.416072896684,345.988415827808,TRUE,28.4608983528099,0.261670099118839,17.0416059583827,TRUE,0.812990803585907,3.83957018767705,TRUE,3.81659655424771,0.0540308892830378,3.36100346357389,TRUE,4,TRUE,no_formulation
HYDROXYCUT REGULAR RAPID RELEASE CAPLETS,Hepatitis,19,328,197,309,178,42663,43169,13.9418162510277,195.520048789725,TRUE,15.0588642565265,0.245232031326739,9.31207573075474,TRUE,1.49681484398527,3.05602319646999,TRUE,3.28770165475762,0.051258886511035,2.8439493156981,TRUE,4,TRUE,no_formulation
HYDROXYCUT REGULAR RAPID RELEASE CAPLETS,Hepatitis Acute,3,328,77,325,74,42767,43169,5.29511371127225,6.32718116590282,TRUE,6.17269250198456,0.549756931168679,2.10141629521088,TRUE,0.58504945678612,0.492810922206818,FALSE,1.68959411954089,0.28569112094327,0.641972522676993,TRUE,3,TRUE,no_formulation
HYDROXYCUT REGULAR RAPID RELEASE CAPLETS,Hepatocellular Injury,32,328,111,296,79,42762,43169,52.9064526088299,1125.78160101532,TRUE,58.9596126719484,0.216203407415805,38.5938910112515,TRUE,0.843382983159211,4.7878761782085,TRUE,4.59649715373045,0.0307460659982145,4.25281985285251,TRUE,4,TRUE,no_formulation
HYDROXYCUT REGULAR RAPID RELEASE CAPLETS,Hepatomegaly,3,328,89,325,86,42755,43169,4.55626063528077,4.9665963261146,TRUE,5.31487351606688,0.548060730923378,1.81540790109007,TRUE,0.676225995506035,0.28397854363846,FALSE,1.57318964141434,0.28569112094327,0.525568044550439,TRUE,3,TRUE,no_formulation
HYDROXYCUT REGULAR RAPID RELEASE CAPLETS,Hernia,3,328,46,325,43,42798,43169,9.11252127056154,13.3472118069584,TRUE,10.5792856260042,0.558389069902747,3.54116343097682,TRUE,0.349510065093007,1.23546329198544,TRUE,2.04265197621735,0.28569112094327,0.995030379353451,TRUE,4,TRUE,no_formulation
HYDROXYCUT REGULAR RAPID RELEASE CAPLETS,Hyperlipidaemia,3,328,12,325,9,42832,43169,43.5376016260163,64.1445810750455,TRUE,48.4804753820034,0.627752329336439,14.1648930357503,TRUE,0.0911765387199148,3.17004211459269,TRUE,2.56569400074922,0.28569112094327,1.51807240388532,TRUE,4,TRUE,no_formulation
HYDROXYCUT REGULAR RAPID RELEASE CAPLETS,Hypertension,23,328,735,305,712,42129,43169,4.21923386544259,52.5227739586462,TRUE,4.54839406207827,0.217379297589079,2.9704420912091,TRUE,5.58456299659478,1.49384742508185,TRUE,1.94943520176829,0.0425300267183455,1.54522813770187,TRUE,4,TRUE,no_formulation
HYDROXYCUT REGULAR RAPID RELEASE CAPLETS,Injury,85,328,223,243,138,42703,43169,80.4499160480735,4098.96993988644,TRUE,108.263196910281,0.151810133074978,80.4002600020812,TRUE,1.69436401121175,5.37719111904485,TRUE,5.2840496483928,0.0116727416617323,5.07229034076334,TRUE,4,TRUE,no_formulation
HYDROXYCUT REGULAR RAPID RELEASE CAPLETS,Jaundice,25,328,578,303,553,42288,43169,5.90473801437834,94.0348544042999,TRUE,6.41927735587076,0.210572816419453,4.24857158923834,TRUE,4.39166994834256,1.98546854533292,TRUE,2.38209827660844,0.0391925215034936,1.99407509352807,TRUE,4,TRUE,no_formulation
HYDROXYCUT REGULAR RAPID RELEASE CAPLETS,Liver Disorder,5,328,115,323,110,42731,43169,5.93694567627495,15.2047971865271,TRUE,6.57467462076972,0.44043449867381,2.77312119791562,TRUE,0.873775162732516,1.17780676668813,TRUE,2.00128571211833,0.181795017047166,1.16559214537967,TRUE,4,TRUE,no_formulation
HYDROXYCUT REGULAR RAPID RELEASE CAPLETS,Liver Function Test Abnormal,98,328,495,230,397,42444,43169,32.241951833876,2381.52038882497,TRUE,45.6299076385762,0.130498898489267,35.3318749559368,TRUE,3.76103222219648,4.45183351436385,TRUE,4.5308488581474,0.0101291194929432,4.33358754555902,TRUE,4,TRUE,no_formulation
HYDROXYCUT REGULAR RAPID RELEASE CAPLETS,Liver Injury,33,328,330,295,297,42544,43169,14.5125338753388,364.299686311259,TRUE,16.2122680544299,0.191362719362943,11.1417277084625,TRUE,2.50735481479766,3.26835197392444,TRUE,3.4775940999483,0.0298275814976405,3.13908909691092,TRUE,4,TRUE,no_formulation
HYDROXYCUT REGULAR RAPID RELEASE CAPLETS,Mass,5,328,28,323,23,42818,43169,28.3940880169671,87.1149841308745,TRUE,30.9779012792265,0.476954838330575,12.1635357743572,TRUE,0.212745257013134,3.21417580025754,TRUE,2.94797317979131,0.181795017047166,2.11227961305265,TRUE,4,TRUE,no_formulation
HYDROXYCUT REGULAR RAPID RELEASE CAPLETS,Mental Disorder,3,328,88,325,85,42756,43169,4.60986370157819,5.06485757609195,TRUE,5.37716154184745,0.548184072209668,1.83623973623168,TRUE,0.668627950612708,0.300272005848653,FALSE,1.58253922164788,0.28569112094327,0.534917624783986,TRUE,3,TRUE,no_formulation
HYDROXYCUT REGULAR RAPID RELEASE CAPLETS,Multiple Injuries,16,328,35,312,19,42822,43169,109.98973042362,880.088908417941,TRUE,115.950153846154,0.339280804198845,59.6306685256815,TRUE,0.265931571266418,5.2374578940638,TRUE,4.42910670747991,0.0605828958350444,3.94668028548386,TRUE,4,TRUE,no_formulation
HYDROXYCUT REGULAR RAPID RELEASE CAPLETS,Muscle Injury,5,328,22,323,17,42824,43169,38.4155308464849,113.228341047698,TRUE,41.6047251048797,0.492011768343332,15.861117581115,TRUE,0.167156987653177,3.56146295336375,TRUE,3.0433334338844,0.181795017047166,2.20763986714573,TRUE,4,TRUE,no_formulation
HYDROXYCUT REGULAR RAPID RELEASE CAPLETS,Myalgia,26,328,357,302,331,42510,43169,10.2596160931398,194.510063294802,TRUE,11.2339678147165,0.209956540818589,7.4441404720839,TRUE,2.71250202691746,2.74831267625884,TRUE,3.04422308999276,0.0377126842855875,2.66359591288698,TRUE,4,TRUE,no_formulation
HYDROXYCUT REGULAR RAPID RELEASE CAPLETS,Myocardial Infarction,22,328,646,306,624,42217,43169,4.60493863352095,57.3727865196421,TRUE,4.96263242241428,0.222108205768267,3.21107010287279,TRUE,4.90833700108875,1.60224135080207,TRUE,2.05666804555063,0.0444212796734282,1.64357146121055,TRUE,4,TRUE,no_formulation
HYDROXYCUT REGULAR RAPID RELEASE CAPLETS,Nasopharyngitis,3,328,71,325,68,42773,43169,5.76232962697274,7.19147450665048,TRUE,6.71430813907857,0.550825200442143,2.28102157002055,TRUE,0.539461187426162,0.609778576610809,FALSE,1.75151903182975,0.28569112094327,0.703897434965854,TRUE,3,TRUE,no_formulation
HYDROXYCUT REGULAR RAPID RELEASE CAPLETS,Nervous System Disorder,3,328,61,325,58,42783,43169,6.75583473507149,9.02966954313554,TRUE,7.86389118647183,0.553085773570138,2.65975344761989,TRUE,0.4634807384929,0.828637385438753,FALSE,1.86102719189625,0.28569112094327,0.813405595032349,TRUE,3,TRUE,no_formulation
HYDROXYCUT REGULAR RAPID RELEASE CAPLETS,Nervousness,24,328,291,304,267,42574,43169,11.7404768429707,207.952559265702,TRUE,12.8057363841444,0.218774323848746,8.34026967351597,TRUE,2.21103106395793,2.90458779943544,TRUE,3.1758681999321,0.040793161759596,2.78000078498656,TRUE,4,TRUE,no_formulation
HYDROXYCUT REGULAR RAPID RELEASE CAPLETS,Obesity,8,328,35,320,27,42814,43169,38.7000903342367,198.454051096465,TRUE,41.2903985250319,0.396426760657352,18.9847028326413,TRUE,0.265931571266418,3.90509111549589,TRUE,3.47217542937179,0.117623894052513,2.79996716447754,TRUE,4,TRUE,no_formulation
HYDROXYCUT REGULAR RAPID RELEASE CAPLETS,Pain,73,328,1848,255,1775,41066,43169,5.37168155273102,256.218047900984,TRUE,6.65370356797043,0.134561914662401,5.11119010529495,TRUE,14.0411869628669,2.08435466092464,TRUE,2.33759921208426,0.0135822774058545,2.10917487694824,TRUE,4,TRUE,no_formulation
HYDROXYCUT REGULAR RAPID RELEASE CAPLETS,Physical Disability,3,328,7,325,4,42837,43169,97.9596036585366,113.444833877427,TRUE,102.359617682198,0.714865056209753,25.2129251569773,TRUE,0.0531863142532836,3.94377482535697,TRUE,2.6615175520747,0.28569112094327,1.6138959552108,TRUE,4,TRUE,no_formulation
HYDROXYCUT REGULAR RAPID RELEASE CAPLETS,Quality Of Life Decreased,4,328,16,324,12,42829,43169,43.5376016260163,94.6415240683458,TRUE,47.5150077041603,0.552564235825919,16.0871322063717,TRUE,0.12156871829322,3.49358753554013,TRUE,2.85593919731193,0.222199057451206,1.93203449491858,TRUE,4,TRUE,no_formulation
HYDROXYCUT REGULAR RAPID RELEASE CAPLETS,Renal Disorder,22,328,258,306,236,42605,43169,12.1757699462588,197.437734934217,TRUE,13.2247222787456,0.227944923485654,8.45971874484413,TRUE,1.96029558247817,2.9262521451501,TRUE,3.19302144346508,0.0444212796734282,2.779924859125,TRUE,4,TRUE,no_formulation
HYDROXYCUT REGULAR RAPID RELEASE CAPLETS,Renal Failure,40,328,352,288,312,42529,43169,16.7452313946216,515.134515247196,TRUE,19.1051064124783,0.177147045195991,13.5007797383816,TRUE,2.67451180245083,3.49730265569567,TRUE,3.67331526118499,0.0246681932536751,3.36547547947489,TRUE,4,TRUE,no_formulation
HYDROXYCUT REGULAR RAPID RELEASE CAPLETS,Renal Failure Acute,8,328,118,320,110,42731,43169,9.49911308203991,49.142417828835,TRUE,10.2559702388096,0.360333677754659,5.06121204875696,TRUE,0.896569297412495,2.15304494955338,TRUE,2.60557567969625,0.117623894052513,1.933367414802,TRUE,4,TRUE,no_formulation
HYDROXYCUT REGULAR RAPID RELEASE CAPLETS,Renal Impairment,8,328,112,320,104,42737,43169,10.047138836773,52.4850815769527,TRUE,10.8463525143877,0.36105395756525,5.3450082760619,TRUE,0.850981028052538,2.2283033829254,TRUE,2.65345542634004,0.117623894052513,1.98124716144579,TRUE,4,TRUE,no_formulation
HYDROXYCUT REGULAR RAPID RELEASE CAPLETS,Renal Transplant,3,328,8,325,5,42836,43169,78.3676829268293,98.6509857021236,TRUE,83.7468230694037,0.686023329581939,21.8279773246802,TRUE,0.0607843591466098,3.75229111540637,TRUE,2.64183690528598,0.28569112094327,1.59421530842208,TRUE,4,TRUE,no_formulation
HYDROXYCUT REGULAR RAPID RELEASE CAPLETS,Rhabdomyolysis,66,328,240,262,174,42667,43169,49.5427880571909,2253.0895690097,TRUE,61.9432664756447,0.156847741018223,45.5493947893185,TRUE,1.8235307743983,4.86742987655845,TRUE,4.83896368250631,0.0150144292139462,4.59879825770854,TRUE,4,TRUE,no_formulation
HYDROXYCUT REGULAR RAPID RELEASE CAPLETS,Stress,9,328,143,319,134,42707,43169,8.77250182016746,51.1398798061577,TRUE,9.4413610951126,0.340369516375241,4.84513884093928,TRUE,1.08652041974565,2.11364515656688,TRUE,2.58206142346682,0.105239993123721,1.94622342713121,TRUE,4,TRUE,no_formulation
HYDROXYCUT REGULAR RAPID RELEASE CAPLETS (NO PREF. NAME),Cardio-Respiratory Distress,4,11,37,7,33,43125,43169,475.570247933884,1293.76034284905,TRUE,772.397014925373,0.620829678705167,228.759793329866,TRUE,0.00942806180360907,7.13454791075676,TRUE,3.14297466378895,0.222199057451206,2.21906996139559,TRUE,4,TRUE,no_formulation
HYDROXYCUT REGULAR RAPID RELEASE CAPLETS (NO PREF. NAME),Convulsion,3,11,820,8,817,42341,43169,14.4068098364304,25.6138887980912,TRUE,21.3268933261378,0.63608820427606,6.13025282757165,TRUE,0.208946234566471,1.97670988812211,TRUE,2.30360679718897,0.28569112094327,1.25598520032507,TRUE,4,TRUE,no_formulation
HYDROXYCUT REGULAR RAPID RELEASE CAPLETS (NO PREF. NAME),Hepatitis,3,11,197,8,194,42964,43169,60.6719775070291,120.135711586885,TRUE,90.9576591562075,0.639160392813891,25.9881260760834,TRUE,0.0501980587921888,4.02664555898165,TRUE,2.66933196739594,0.28569112094327,1.62171037053204,TRUE,4,TRUE,no_formulation
HYDROXYCUT REGULAR RAPID RELEASE CAPLETS (NO PREF. NAME),Liver Function Test Abnormal,4,11,495,7,491,42667,43169,31.9629698204036,91.3165607012317,TRUE,52.0864699898271,0.598008010476224,16.132074923557,TRUE,0.126132178183419,3.4405707531198,TRUE,2.8453858502254,0.222199057451206,1.92148114783205,TRUE,4,TRUE,no_formulation
HYDROXYCUT REGULAR RAPID RELEASE CAPLETS (NO PREF. NAME),Liver Injury,3,11,330,8,327,42831,43169,35.9949958298582,69.9633964175743,TRUE,53.8519083969466,0.637525001043192,15.4357900159597,TRUE,0.0840881187889458,3.28634494657644,TRUE,2.58309697840529,0.28569112094327,1.53547538154139,TRUE,4,TRUE,no_formulation
HYDROXYCUT REGULAR RAPID RELEASE CAPLETS (NO PREF. NAME),Renal Disorder,3,11,258,8,255,42903,43169,46.1582887700535,90.699934931813,TRUE,69.143432715552,0.638199457054284,19.7926794818817,TRUE,0.0657416201440849,3.63979763556735,TRUE,2.62913970672564,0.28569112094327,1.58151810986174,TRUE,4,TRUE,no_formulation
HYDROXYCUT REGULAR RELEASE CAPLETS,Emotional Distress,3,5,252,2,249,42915,43169,104.009638554217,210.413655113959,TRUE,240.808416833667,0.83050924338665,47.2854931353152,TRUE,0.0291876114804605,4.80185772496687,TRUE,2.72550372907159,0.28569112094327,1.67788213220769,TRUE,4,TRUE,no_formulation
HYDROXYCUT REGULAR RELEASE CAPLETS,Hypersensitivity,4,5,2207,1,2203,40961,43169,15.6746255106673,43.4013613636286,TRUE,55.7678692988428,0.943062630751545,8.78279881288696,TRUE,0.255623248164192,2.42348066901818,TRUE,2.57418600670606,0.222199057451206,1.65028130431271,TRUE,4,TRUE,no_formulation
HYDROXYCUT REGULAR RELEASE CAPLETS,Pain,3,5,1848,2,1845,41319,43169,14.0370731707317,25.5086688961703,TRUE,31.3450555405039,0.828420392033737,6.18021195772374,TRUE,0.214042484190044,1.94200102857054,TRUE,2.29327310248487,0.28569112094327,1.24565150562097,TRUE,4,TRUE,no_formulation
HYDROXYCUT WEIGHT LOSS SHOT,Anxiety,3,8,1125,5,1122,42039,43169,14.4254679144385,25.865693091764,TRUE,23.8328811500304,0.684431971259313,6.23126601264818,TRUE,0.208482939146147,1.97990704147006,TRUE,2.30454990467056,0.28569112094327,1.25692830780666,TRUE,4,TRUE,no_formulation
HYDROXYCUT WEIGHT LOSS SHOT,Discomfort,3,8,237,5,234,42927,43169,69.1682692307692,138.130596434505,TRUE,116.492537313433,0.686891661724847,30.311268970115,TRUE,0.0439204058467882,4.21798050639204,TRUE,2.68588746563754,0.28569112094327,1.63826586877365,TRUE,4,TRUE,no_formulation
HYDROXYCUT WEIGHT LOSS SHOT,Emotional Distress,4,8,252,4,248,42913,43169,87.0181451612903,256.905354165417,TRUE,172.69014084507,0.669695372541841,46.4741370323994,TRUE,0.0467001783687368,4.86733676917583,TRUE,3.04110325009225,0.222199057451206,2.1171985476989,TRUE,4,TRUE,no_formulation
HYDROXYCUT WEIGHT LOSS SHOT,Fear,3,8,214,5,211,42950,43169,76.7079383886256,153.425629229582,TRUE,129.229959166129,0.687229133940209,33.6033022717114,TRUE,0.0396580879798003,4.36405017360919,TRUE,2.69723737078999,0.28569112094327,1.64961577392609,TRUE,4,TRUE,no_formulation
HYDROXYCUT WEIGHT LOSS SHOT,Injury,4,8,223,4,219,42942,43169,98.541095890411,291.022232343913,TRUE,195.637813211845,0.670092187727902,52.6088507106212,TRUE,0.0413259514929695,5.04234317893835,TRUE,3.05535554294783,0.222199057451206,2.13145084055447,TRUE,4,TRUE,no_formulation
HYDROXYCUT WEIGHT LOSS SHOT,Nervousness,3,8,291,5,288,42873,43169,56.19921875,111.723772141635,TRUE,94.5689302032456,0.686310422818792,24.6348118883885,TRUE,0.0539275869258032,3.92393407395267,TRUE,2.65958562697239,0.28569112094327,1.61196403010849,TRUE,4,TRUE,no_formulation
HYDROXYCUT WEIGHT LOSS SHOT,Pain,3,8,1848,5,1845,41316,43169,8.77256097560976,14.2028726067855,TRUE,14.2467180611315,0.684177264685694,3.72675965131481,TRUE,0.34246797470407,1.26479899130781,TRUE,2.05466117173507,0.28569112094327,1.00703957487117,TRUE,4,TRUE,no_formulation
HYDROXYCUT WEIGHT LOSS SHOT,Rhabdomyolysis,3,8,240,5,237,42924,43169,68.2927215189874,136.35174655357,TRUE,115.013014354067,0.68685245181692,29.9285981963503,TRUE,0.0444763603511779,4.19997355748987,TRUE,2.68441360444811,0.28569112094327,1.63679200758421,TRUE,4,TRUE,no_formulation
HYDROXYCUT WITH EPHEDRA,Anxiety,7,28,1125,21,1118,42023,43169,9.64691413237925,46.8823555500146,TRUE,13.106267738146,0.425162100835553,5.69604942629212,TRUE,0.729690287011513,2.17354525530602,TRUE,2.60859559521202,0.133310168562317,1.89296695999052,TRUE,4,TRUE,no_formulation
HYDROXYCUT WITH EPHEDRA,Cardio-Respiratory Distress,3,28,37,25,34,43107,43169,135.948529411765,255.839820323955,TRUE,171.499005399261,0.594927455287262,53.4378691532935,TRUE,0.0239987027728231,5.08062220195071,TRUE,2.73971977675768,0.28569112094327,1.69209817989378,TRUE,4,TRUE,no_formulation
HYDROXYCUT WITH EPHEDRA,Convulsion,5,28,820,23,815,42326,43169,9.45245398773006,30.1984045306017,TRUE,12.1473968456892,0.474996042865622,4.78804722779851,TRUE,0.531863142532836,1.89364822423304,TRUE,2.41417998187053,0.181795017047166,1.57848641513186,TRUE,4,TRUE,no_formulation
HYDROXYCUT WITH EPHEDRA,Emotional Distress,11,28,252,17,241,42900,43169,70.3246887966805,657.944099285393,TRUE,116.736054421769,0.385049964787824,54.8837608799278,TRUE,0.163450624290579,5.23714412321044,TRUE,4.11550095044577,0.0869333569681142,3.53760547189562,TRUE,4,TRUE,no_formulation
HYDROXYCUT WITH EPHEDRA,Hepatic Failure,3,28,169,25,166,42975,43169,27.8448795180723,52.3658337667613,TRUE,35.4270152505447,0.5752905762019,11.4719524894091,TRUE,0.109615696448841,2.90523632052512,TRUE,2.52138296697239,0.28569112094327,1.47376137010849,TRUE,4,TRUE,no_formulation
HYDROXYCUT WITH EPHEDRA,Hepatocellular Injury,5,28,111,23,106,43035,43169,72.6768867924528,273.216473738093,TRUE,94.5740685246229,0.483512441721276,36.6604653363894,TRUE,0.0719961083184693,4.77275809521643,TRUE,3.26535438213069,0.181795017047166,2.42966081539202,TRUE,4,TRUE,no_formulation
HYDROXYCUT WITH EPHEDRA,Hypertension,3,28,735,25,732,42409,43169,6.31454918032787,8.7412526986897,TRUE,7.94663722144148,0.571243152540664,2.59376961969223,TRUE,0.476730987514188,0.788001157201863,FALSE,1.84132174893781,0.28569112094327,0.793700152073916,TRUE,3,TRUE,no_formulation
HYDROXYCUT WITH EPHEDRA,Injury,9,28,223,19,214,42927,43169,64.7978971962617,485.478934942629,TRUE,97.4983563445102,0.401535190150692,44.3816700355934,TRUE,0.144640830225393,5.01983810283662,TRUE,3.88136003970052,0.105239993123721,3.2455220433649,TRUE,4,TRUE,no_formulation
HYDROXYCUT WITH EPHEDRA,Liver Function Test Abnormal,7,28,495,21,488,42653,43169,22.1009221311475,120.372313273982,TRUE,30.4588084073219,0.426515520095185,13.2024815402654,TRUE,0.321063726285066,3.35710336145007,TRUE,3.19132449038377,0.133310168562317,2.47569585516227,TRUE,4,TRUE,no_formulation
HYDROXYCUT WITH EPHEDRA,Liver Injury,8,28,330,20,322,42819,43169,38.2795031055901,250.085050282681,TRUE,55.0524862923048,0.411766530533991,24.5625917884883,TRUE,0.214042484190044,4.21779645204238,TRUE,3.57338102167761,0.117623894052513,2.90117275678336,TRUE,4,TRUE,no_formulation
HYDROXYCUT WITH EPHEDRA,Myalgia,3,28,357,25,354,42787,43169,13.0572033898305,22.4228329650301,TRUE,16.5664150004148,0.57251569216188,5.39378139554788,TRUE,0.23155505107832,1.82871837210267,TRUE,2.25831658261637,0.28569112094327,1.21069498575247,TRUE,4,TRUE,no_formulation
HYDROXYCUT WITH EPHEDRA,Obesity,3,28,35,25,32,43109,43169,144.4453125,270.730157438081,TRUE,182.061236802413,0.596424680493022,56.5627546000193,TRUE,0.0227014755959137,5.15962601887417,TRUE,2.74329578488668,0.28569112094327,1.69567418802278,TRUE,4,TRUE,no_formulation
HYDROXYCUT WITH EPHEDRA,Pain,8,28,1848,20,1840,41301,43169,6.69891304347826,34.6309023362986,TRUE,9.30454343663241,0.408650326612828,4.17681160801019,TRUE,1.19863791146425,1.73427573400191,TRUE,2.32308448667265,0.117623894052513,1.6508762217784,TRUE,4,TRUE,no_formulation
HYDROXYCUT WITH EPHEDRA,Renal Disorder,4,28,258,24,254,42887,43169,24.2637795275591,66.8129737026611,TRUE,30.95204683052,0.51671185263604,11.2423050519325,TRUE,0.167342305821307,3.03367323807876,TRUE,2.75342613067156,0.222199057451206,1.8295214282782,TRUE,4,TRUE,no_formulation
HYDROXYCUT WITH EPHEDRA,Renal Failure,4,28,352,24,348,42793,43169,17.7097701149425,47.2990692176295,TRUE,22.5538898486224,0.515685327740484,8.20845160922066,TRUE,0.228311983136047,2.58626081971879,TRUE,2.62729651389098,0.222199057451206,1.70339181149763,TRUE,4,TRUE,no_formulation
HYDROXYCUT WITH EPHEDRA,Rhabdomyolysis,3,28,240,25,237,42904,43169,19.503164556962,35.5258287187818,TRUE,24.7951702786378,0.5737279894541,8.05378387877818,TRUE,0.155667261229123,2.40056330352564,TRUE,2.41631915691842,0.28569112094327,1.36869756005452,TRUE,4,TRUE,no_formulation
HYDROXYCUT WITH EPHEDRA (NO PREF. NAME),Cardio-Respiratory Distress,3,5,37,2,34,43130,43169,761.717647058824,1454.83173867235,TRUE,1750.2231884058,0.845412904094487,333.782406454643,TRUE,0.00428548263800412,7.47503729337135,TRUE,2.79504232333251,0.28569112094327,1.74742072646861,TRUE,4,TRUE,no_formulation
I-COOL TABLETS,Vomiting,3,8,3595,5,3592,39569,43169,4.50595072383074,5.50707081454603,TRUE,7.00921110900234,0.68398545102355,1.83420963621385,TRUE,0.666218814427019,0.30547688641976,FALSE,1.58551641922111,0.28569112094327,0.537894822357213,TRUE,3,TRUE,no_formulation
IC-5,Abdominal Pain,4,19,1676,15,1672,41478,43169,5.43314026693528,10.7668162900697,TRUE,7.2000867929987,0.536060040904494,2.51787527329834,TRUE,0.737658968241099,0.895815483283848,FALSE,1.86231116072379,0.222199057451206,0.938406458330435,TRUE,3,TRUE,no_formulation
IONIX SUPREME,Nausea,7,27,3887,20,3880,39262,43169,2.88272241313478,7.48847964445904,TRUE,3.70166969934098,0.427079605558545,1.60272925601447,TRUE,2.43111955338321,0.437757247308287,FALSE,1.35543878228747,0.133310168562317,0.63981014706596,TRUE,3,TRUE,no_formulation
IONIX SUPREME,Urticaria,5,27,1254,22,1249,41893,43169,6.3965246271091,18.1410829212458,TRUE,8.19578498065893,0.476536269807575,3.22073278466031,TRUE,0.784312817067803,1.3335748148839,TRUE,2.09843497952057,0.181795017047166,1.2627414127819,TRUE,4,TRUE,no_formulation
IONIX SUPREME ALIX TECHNOLOGIES,Diarrhoea,3,5,3103,2,3100,40064,43169,8.35432258064516,13.7384260340928,TRUE,18.0907273020481,0.828288460677257,3.56781769983787,TRUE,0.35940142231694,1.19524028590264,TRUE,2.02595085215811,0.28569112094327,0.978329255294213,TRUE,4,TRUE,no_formulation
IONIX SUPREME POWDER,Dehydration,3,5,879,2,876,42288,43169,29.5643835616438,57.6720240280146,TRUE,67.5458071876783,0.828781535820592,13.308383600041,TRUE,0.101809168616368,3.01147659364166,TRUE,2.53997693051864,0.28569112094327,1.49235533365474,TRUE,4,TRUE,no_formulation
ISAFLUSH,Abdominal Pain Upper,4,21,2004,17,2000,41148,43169,4.10933333333333,6.86244609131019,TRUE,5.28919912878923,0.529045609204688,1.87524149215385,TRUE,0.974866223447381,0.49372913706403,FALSE,1.60934089952491,0.222199057451206,0.685436197131553,TRUE,3,TRUE,no_formulation
ISAFLUSH,Diverticulitis,3,21,288,18,285,42863,43169,21.6280701754386,40.0373764644796,TRUE,28.4038907559048,0.585913215938421,9.00820862404254,TRUE,0.14010053510621,2.55221237004548,TRUE,2.45098450228802,0.28569112094327,1.40336290542412,TRUE,4,TRUE,no_formulation
ISAFLUSH ARIZONA NUTRITIONAL SUPPLEMENTS,Abdominal Distension,3,21,715,18,712,42436,43169,8.65730337078652,13.5478042924305,TRUE,11.2681081081081,0.584119348387253,3.58623362190062,TRUE,0.347819036808821,1.24245348948122,TRUE,2.04552665611773,0.28569112094327,0.997905059253831,TRUE,4,TRUE,no_formulation
ISAFLUSH ARIZONA NUTRITIONAL SUPPLEMENTS,Dehydration,3,21,879,18,876,42272,43169,7.0365296803653,10.2578709901888,TRUE,9.12435824301198,0.583894594187631,2.9052346537366,TRUE,0.427598508188747,0.944800007198989,FALSE,1.91578251717497,0.28569112094327,0.868160920311067,TRUE,3,TRUE,no_formulation
ISAFLUSH ARIZONA NUTRITIONAL SUPPLEMENTS,Loss Of Consciousness,3,21,995,18,992,42156,43169,6.21370967741936,8.59878648195822,TRUE,8.03582272448771,0.583780453233703,2.55921276672862,TRUE,0.484027890384304,0.766102090660271,FALSE,1.83058381037548,0.28569112094327,0.78296221351158,TRUE,3,TRUE,no_formulation
ISAFLUSH ARIZONA NUTRITIONAL SUPPLEMENTS,Palpitations,3,21,1189,18,1186,41962,43169,5.1973018549747,6.5680607953647,TRUE,6.69098301841665,0.58363943113172,2.13150332425218,TRUE,0.578401167504459,0.509289283402817,FALSE,1.6984609585261,0.28569112094327,0.650839361662204,TRUE,3,TRUE,no_formulation
ISAFLUSH ARIZONA NUTRITIONAL SUPPLEMENTS,Rash,3,21,1290,18,1287,41861,43169,4.78943278943279,5.76206339719572,TRUE,6.15125688795592,0.583582836532898,1.95978362817081,TRUE,0.627533646829901,0.391734190794164,FALSE,1.63418443634603,0.28569112094327,0.586562839482133,TRUE,3,TRUE,no_formulation
ISAFLUSH ARIZONA NUTRITIONAL SUPPLEMENTS,Urticaria,3,21,1254,18,1251,41897,43169,4.92725819344524,6.03368890175107,TRUE,6.33364287179709,0.583601960835893,2.01781596402465,TRUE,0.610021079941625,0.432545177445528,FALSE,1.65676784760973,0.28569112094327,0.609146250745827,TRUE,3,TRUE,no_formulation
ISAGENIX CLEANSE FOR LIFE,Dehydration,4,17,879,13,875,42277,43169,11.6038991596639,29.3441341595193,TRUE,16.0965162764135,0.545400911251847,5.52684474502033,TRUE,0.346151173295652,1.98660552133178,TRUE,2.41093765818516,0.222199057451206,1.48703295579181,TRUE,4,TRUE,no_formulation
ISAGENIX CLEANSE FOR LIFE POWDER,Pruritus,3,6,1457,3,1454,41709,43169,14.8428473177442,26.9799497807847,TRUE,28.6761773805431,0.75639941054112,6.51120068992436,TRUE,0.202506428223957,2.0217984060635,TRUE,2.31677159029554,0.28569112094327,1.26914999343164,TRUE,4,TRUE,no_formulation
ISAGENIX IONIX SUPREME LIQUID,Dehydration,3,9,879,6,876,42284,43169,16.4231354642314,29.9034547112154,TRUE,25.9766992847426,0.6638712150713,7.07107396794698,TRUE,0.183256503509463,2.16564429161046,TRUE,2.35685572998105,0.28569112094327,1.30923413311715,TRUE,4,TRUE,no_formulation
ISAGENIX IONIX SUPREME LIQUID,Diarrhoea,3,9,3103,6,3100,40060,43169,4.64086021505376,5.72033410525998,TRUE,6.95727736221205,0.663255554390206,1.89611551501743,TRUE,0.646922560170493,0.347857712075153,FALSE,1.60958693770442,0.28569112094327,0.561965340840518,TRUE,3,TRUE,no_formulation
ISAGENIX IONIX SUPREME LIQUID,Dizziness,3,9,2837,6,2834,40326,43169,5.07645259938838,6.59299404040884,TRUE,7.66070532043367,0.663278247086154,2.08773280235355,TRUE,0.591466098357618,0.477083244219745,FALSE,1.68108760207331,0.28569112094327,0.633466005209408,TRUE,3,TRUE,no_formulation
ISAGENIX IONIX SUPREME LIQUID,Vomiting,3,9,3595,6,3592,39568,43169,4.00519673348181,4.46076462689038,TRUE,5.9307210534768,0.663222488972253,1.61644569172859,TRUE,0.749496166230397,0.135634758958032,FALSE,1.48600844717871,0.28569112094327,0.438386850314811,TRUE,3,TRUE,no_formulation
ISAGENIX IONIX SUPREME-LIQUID,Headache,3,7,2348,4,2345,40817,43169,7.88827292110874,12.4768421924481,TRUE,13.5352566380066,0.713012871944635,3.34609051847039,TRUE,0.380736176422896,1.11212218777811,TRUE,1.99057309083829,0.28569112094327,0.94295149397439,TRUE,4,TRUE,no_formulation
ISAGENIX ISAFLUSH,Constipation,4,47,920,43,916,42206,43169,4.00650376289139,6.3741657617778,TRUE,4.76398216603646,0.496311926591029,1.80094680949065,TRUE,1.00164469874215,0.454648079460042,FALSE,1.58338150150595,0.222199057451206,0.659476799112594,TRUE,3,TRUE,no_formulation
ISAGENIX ISAFLUSH,Dehydration,7,47,879,40,872,42250,43169,7.36516689439781,32.8081271878464,TRUE,8.96752626552054,0.398991843929342,4.10245610883605,TRUE,0.957006184993861,1.78246302199891,TRUE,2.36388359395007,0.133310168562317,1.64825495872856,TRUE,4,TRUE,no_formulation
ISAGENIX ISAFLUSH,Diverticulitis,4,47,288,43,284,42838,43169,12.9223853760863,32.6342594900692,TRUE,15.5766923216775,0.498747441041732,5.86047542366641,TRUE,0.313558340475804,2.12912473184004,TRUE,2.46760729069344,0.222199057451206,1.54370258830008,TRUE,4,TRUE,no_formulation
ISAGENIX NATURAL ACCELERATOR,Abdominal Discomfort,5,66,905,61,900,42203,43169,3.62819865319865,7.18030496555921,TRUE,4.19133453411158,0.446332312640454,1.74753785105434,TRUE,1.38363177279993,0.514890314437548,FALSE,1.54591465553243,0.181795017047166,0.710221088793761,TRUE,3,TRUE,no_formulation
ISAGENIX NATURAL ACCELERATOR,Blood Sodium Decreased,3,66,86,63,83,43020,43169,23.605147864184,42.8166877278956,TRUE,28.3977085199679,0.559876423728221,9.47778524936436,TRUE,0.13148324028817,2.64356394122083,TRUE,2.47053857188543,0.28569112094327,1.42291697502153,TRUE,4,TRUE,no_formulation
ISAGENIX NATURAL ACCELERATOR,Constipation,7,66,920,59,913,42190,43169,5.00715257725115,18.8747767824567,TRUE,5.82170799354225,0.388919591677379,2.71641036152432,TRUE,1.406564896106,1.22705304404968,TRUE,1.97591495691435,0.133310168562317,1.26028632169284,TRUE,4,TRUE,no_formulation
ISAGENIX NATURAL ACCELERATOR,Dehydration,7,66,879,59,872,42231,43169,5.24258062274117,20.224781151153,TRUE,6.10120151212347,0.388985689755989,2.84645331679568,TRUE,1.34388102573606,1.29280725761771,TRUE,2.02414502504626,0.133310168562317,1.30851638982475,TRUE,4,TRUE,no_formulation
ISAGENIX NATURAL ACCELERATOR,Diverticulitis,5,66,288,61,283,42820,43169,11.5384409465682,37.7391058216193,TRUE,13.5078504753302,0.449031217824422,5.60225864664933,TRUE,0.440315967476662,2.16596992026627,TRUE,2.54821409703651,0.181795017047166,1.71252053029784,TRUE,4,TRUE,no_formulation
ISAGENIX NATURAL ACCELERATOR ARIZONA NUTRITIONAL SUPPLEMENTS,Dehydration,3,14,879,11,876,42279,43169,10.5565068493151,17.5732447055805,TRUE,14.6807460502493,0.611420772373661,4.42890390929569,TRUE,0.285065672125831,1.52918176187402,TRUE,2.15646967391221,0.28569112094327,1.10884807704831,TRUE,4,TRUE,no_formulation
IT WORKS! SLIMMING GUMMIES,Anaphylactic Reaction,3,4,370,1,367,42798,43169,88.2118528610354,178.885458480268,TRUE,271.736507936508,0.977305175531771,40.0174149020801,TRUE,0.034283861104033,4.57218884389888,TRUE,2.71167657803027,0.28569112094327,1.66405498116637,TRUE,4,TRUE,no_formulation
JACK3D,Blood Creatine Phosphokinase Increased,6,27,133,21,127,43015,43169,75.4890638670166,354.043351250771,TRUE,101.997537619699,0.456315862579965,41.7028545689536,TRUE,0.0831846927193125,4.97158353868805,TRUE,3.47841496035222,0.153822989075138,2.7096975904229,TRUE,4,TRUE,no_formulation
JACK3D,Blood Creatinine Increased,3,27,164,24,161,42981,43169,29.7736369910283,56.2833179045251,TRUE,38.0199026979213,0.576841250720649,12.2742175272,TRUE,0.102573606059904,3.00072080685299,TRUE,2.53814553558317,0.28569112094327,1.49052393871927,TRUE,4,TRUE,no_formulation
JACK3D,Cardiac Arrest,3,27,154,24,151,42991,43169,31.7454010301692,60.2372167506704,TRUE,40.5388967468176,0.577195402548259,13.0783597621382,TRUE,0.0963191178855197,3.09117263212919,TRUE,2.55319842689343,0.28569112094327,1.50557683002953,TRUE,4,TRUE,no_formulation
JACK3D,Chest Discomfort,4,27,586,23,582,42560,43169,10.9817996690849,27.1752688125062,TRUE,13.9912154141174,0.516251535468493,5.08643225581548,TRUE,0.366513007018926,1.90422307452626,TRUE,2.37663169083245,0.222199057451206,1.45272698843909,TRUE,4,TRUE,no_formulation
JACK3D,Chest Pain,5,27,1313,22,1308,41834,43169,6.10799637558047,17.0074208387389,TRUE,7.81521674521292,0.476498440536817,3.07140697466417,TRUE,0.821214297296671,1.26727371769295,TRUE,2.05756713193679,0.181795017047166,1.22187356519813,TRUE,4,TRUE,no_formulation
JACK3D,Death,4,27,1227,23,1223,41919,43169,5.22600769207474,10.0207952216428,TRUE,6.56079958959734,0.515380050348816,2.38922151156155,TRUE,0.767425698996965,0.838768524033058,FALSE,1.82802382765006,0.222199057451206,0.904119125256703,TRUE,3,TRUE,no_formulation
JACK3D,Heart Rate Increased,4,27,1482,23,1478,41664,43169,4.32436225129053,7.40135605265145,TRUE,5.39621813367487,0.515243414452351,1.96564664040148,TRUE,0.926915147443768,0.566469746414677,FALSE,1.6570254549971,0.222199057451206,0.733120752603747,TRUE,3,TRUE,no_formulation
JACK3D,Hyperthermia,3,27,16,24,13,43129,43169,368.735042735043,620.179119257797,TRUE,456.396825396825,0.632951714039359,131.996750214879,TRUE,0.010007181079015,6.31426811483175,TRUE,2.77876545606839,0.28569112094327,1.73114385920449,TRUE,4,TRUE,no_formulation
JACK3D,Loss Of Consciousness,6,27,995,21,989,42153,43169,9.69374227614875,39.157087552196,TRUE,12.8793141943899,0.448767329465483,5.34434240903706,TRUE,0.622321573351247,2.07347875848043,TRUE,2.53395361455745,0.153822989075138,1.76523624462813,TRUE,4,TRUE,no_formulation
JACK3D,Tachycardia,4,27,352,23,348,42794,43169,18.3661132396765,49.2945468287428,TRUE,23.5141793095027,0.517366622096466,8.52979249536762,TRUE,0.220157983738331,2.63864771472776,TRUE,2.64353966567207,0.222199057451206,1.71963496327871,TRUE,4,TRUE,no_formulation
KIRKLAND GENERIC MULTIVITAMIN WITH HERBS,Anxiety,3,3,1125,0,1122,42044,43169,38.4723707664884,77.0335091235932,TRUE,262.192873051225,1.512160354802,13.5345556686267,TRUE,0.078181102179805,3.39098217869862,TRUE,2.59776156177413,0.28569112094327,1.55013996491023,TRUE,4,TRUE,no_formulation
KIRKLAND GENERIC MULTIVITAMIN WITH HERBS,Panic Attack,3,3,232,0,229,42937,43169,188.497816593886,384.76318050433,TRUE,1309.64052287582,1.51330594192134,67.4528154015096,TRUE,0.016122680627302,5.6445447919363,TRUE,2.76156898676949,0.28569112094327,1.71394738990559,TRUE,4,TRUE,no_formulation
KOWA NUTRIDIET,Diarrhoea,3,7,3103,4,3100,40062,43169,5.96709677419355,8.53973259701313,TRUE,10.0499023454998,0.712940388503389,2.48481884159734,TRUE,0.503161991243717,0.710208356882853,FALSE,1.80280032997229,0.28569112094327,0.75517873310839,TRUE,3,TRUE,no_formulation
KOWA NUTRIDIET,Dizziness,3,7,2837,4,2834,40328,43169,6.52717007762879,9.68400885493834,TRUE,11.0660120342604,0.712961499804842,2.73593677887368,TRUE,0.460029187611481,0.839413328309034,FALSE,1.86620474842136,0.28569112094327,0.818583151557464,TRUE,3,TRUE,no_formulation
KOWA NUTRIDIET,Vomiting,3,7,3595,4,3592,39570,43169,5.14977728285078,6.87825494824381,TRUE,8.5670300780948,0.712909627496552,2.11830926503925,TRUE,0.582941462623642,0.498015419096096,FALSE,1.6923996605195,0.28569112094327,0.644778063655603,TRUE,3,TRUE,no_formulation
KRATOM,Accidental Death,37,404,38,367,1,42764,43169,3916.59653465347,3711.54239010639,TRUE,2909.14965986395,0.834312774473817,567.002133433007,TRUE,0.355625564641294,6.27702071695571,TRUE,5.45376719695436,0.0266435018956504,5.13383958501326,TRUE,4,TRUE,no_formulation
KRATOM,Agitation,6,404,141,398,135,42630,43169,4.7046204620462,13.4128248236785,TRUE,5.13175792987541,0.404671589463941,2.32168208945326,TRUE,1.31955801616901,0.989578079789616,FALSE,1.83685166624432,0.153822989075138,1.068134296315,TRUE,3,TRUE,no_formulation
KRATOM,Arteriosclerosis,3,404,24,401,21,42744,43169,15.1219943422914,23.2818652371235,TRUE,17.3310260940079,0.578567168502409,5.57619509298452,TRUE,0.224605619773449,1.87261324497915,TRUE,2.27208702210071,0.28569112094327,1.22446542523681,TRUE,4,TRUE,no_formulation
KRATOM,Arteriosclerosis Coronary Artery,5,404,16,399,11,42754,43169,48.1154365436544,127.628057396628,TRUE,51.1834902323557,0.520865838598847,18.4399587288133,TRUE,0.149737079848966,3.71988984258005,TRUE,3.08150367281972,0.181795017047166,2.24581010608106,TRUE,4,TRUE,no_formulation
KRATOM,Atelectasis,4,404,8,400,4,42761,43169,105.85396039604,158.204607706749,TRUE,106.770287141074,0.668554192917703,28.7982165365494,TRUE,0.0748685399244829,4.19038664494708,TRUE,2.96862101589455,0.222199057451206,2.0447163135012,TRUE,4,TRUE,no_formulation
KRATOM,Brain Injury,7,404,34,397,27,42738,43169,27.4436193619362,121.330092308058,TRUE,29.3231560891938,0.415013362525236,13.0000255592308,TRUE,0.318191294679052,3.37005471104978,TRUE,3.19638050305014,0.133310168562317,2.48075186782863,TRUE,4,TRUE,no_formulation
KRATOM,Brain Oedema,17,404,38,387,21,42744,43169,85.6913012729845,740.483597559748,TRUE,89.7858964741185,0.32597319680282,47.3951755742166,TRUE,0.355625564641294,4.92867595357473,TRUE,4.35423152340344,0.0571196923718409,3.88579688525671,TRUE,4,TRUE,no_formulation
KRATOM,Cardiac Arrest,13,404,154,391,141,42624,43169,9.7595850010533,85.9646620630744,TRUE,10.3873522602656,0.289342273070087,5.89130822214939,TRUE,1.44121939354629,2.41697636072356,TRUE,2.79792432378506,0.0740509093030578,2.26456330798185,TRUE,4,TRUE,no_formulation
KRATOM,Cardiac Hypertrophy,6,404,7,398,1,42764,43169,635.123762376238,455.160028270522,TRUE,465.025930572982,0.907218614603389,78.5664437583453,TRUE,0.0655099724339225,5.3145821476245,TRUE,3.5228153475152,0.153822989075138,2.75409797758588,TRUE,4,TRUE,no_formulation
KRATOM,Cardiomegaly,11,404,36,393,25,42740,43169,46.5757425742574,309.731684835016,TRUE,48.983805466278,0.358799249005391,24.2457953505628,TRUE,0.336908429660173,4.19520601290865,TRUE,3.78042027201846,0.0869333569681142,3.20252479346831,TRUE,4,TRUE,no_formulation
KRATOM,Completed Suicide,3,404,41,401,38,42727,43169,8.35689161021365,11.7938850920766,TRUE,9.67451601947243,0.560537577548595,3.22470528585917,TRUE,0.383701267112975,1.10094039693144,TRUE,1.98572426417482,0.28569112094327,0.938102667310921,TRUE,4,TRUE,no_formulation
KRATOM,Contusion,7,404,179,397,172,42593,43169,4.30801001611789,14.0859854205981,TRUE,4.65884604867378,0.376390270615142,2.22786306233118,TRUE,1.6751835808103,0.974966618161292,FALSE,1.78575342915387,0.133310168562317,1.07012479393237,TRUE,3,TRUE,no_formulation
KRATOM,Convulsion,25,404,820,379,795,41970,43169,3.32874089295722,37.9620426482024,TRUE,3.54513158254311,0.2076815583321,2.35966444061494,TRUE,7.67402534225949,1.18030306694048,TRUE,1.64137862576054,0.0391925215034936,1.25335544268017,TRUE,4,TRUE,no_formulation
KRATOM,Crying,3,404,68,401,65,42700,43169,4.88556740289414,5.51776732355907,TRUE,5.68295418896695,0.550904293177347,1.93034508333557,TRUE,0.636382589358104,0.371543649924358,FALSE,1.62290628893664,0.28569112094327,0.575284692072745,TRUE,3,TRUE,no_formulation
KRATOM,Death,178,404,1227,226,1049,41716,43169,17.9618731653909,2493.77775027072,TRUE,31.3253141672635,0.104852553365941,25.5060460845895,TRUE,11.4829623109176,3.76992594238853,TRUE,3.89686756794541,0.00557907612534231,3.75046886971651,TRUE,4,TRUE,no_formulation
KRATOM,Delusion,6,404,54,398,48,42717,43169,13.231745049505,49.8921127999985,TRUE,14.3664385776559,0.420710744390266,6.29843867328528,TRUE,0.505362644490259,2.37363521885776,TRUE,2.69272372814264,0.153822989075138,1.92400635821332,TRUE,4,TRUE,no_formulation
KRATOM,Dependence,103,404,444,301,341,42424,43169,31.9734836386865,2374.01714037314,TRUE,42.6460741679596,0.126215745080933,33.2998323253137,TRUE,4.1552039658088,4.38632759825878,TRUE,4.47464257725246,0.00963867097777603,4.28221617982159,TRUE,4,TRUE,no_formulation
KRATOM,Depression,18,404,369,386,351,42414,43169,5.42840822543793,58.1733263951033,TRUE,5.77578811193573,0.24394651715459,3.58063279464343,TRUE,3.45331140401677,1.75336811420385,TRUE,2.22639176429485,0.0540308892830378,1.77079867362103,TRUE,4,TRUE,no_formulation
KRATOM,Drug Abuse,8,404,26,396,18,42747,43169,47.0462046204621,218.593905636792,TRUE,49.5352919123411,0.417428525803292,21.8570925977555,TRUE,0.243322754754569,4.03310146535912,TRUE,3.51540216335738,0.117623894052513,2.84319389846313,TRUE,4,TRUE,no_formulation
KRATOM,Drug Dependence,12,404,258,392,246,42519,43169,5.16360782419705,34.7179803001791,TRUE,5.49340447797832,0.294326492951876,3.08535974207531,TRUE,2.41451041256457,1.52158528459254,TRUE,2.10060263385739,0.0799768352289838,1.54631118505481,TRUE,4,TRUE,no_formulation
KRATOM,Drug Screen Positive,22,404,109,382,87,42678,43169,26.767668146125,416.104055432448,TRUE,28.6914285714286,0.241890111330623,17.8587539236739,TRUE,1.02008385647108,3.86840190427592,TRUE,3.88770218320163,0.0444212796734282,3.47460559886155,TRUE,4,TRUE,no_formulation
KRATOM,Drug Withdrawal Syndrome,21,404,95,383,74,42691,43169,30.0396374096869,437.626853843433,TRUE,32.1261167452727,0.250130830756819,19.6762608640414,TRUE,0.889063911603234,3.98483278566083,TRUE,3.95215177465435,0.0464884631359605,3.52955257921841,TRUE,4,TRUE,no_formulation
KRATOM,Excoriation,6,404,17,398,11,42754,43169,57.7385238523852,181.061400107899,TRUE,60.6413725383231,0.493290457260928,23.060658700155,TRUE,0.159095647339526,4.03892181191423,TRUE,3.30187997005698,0.153822989075138,2.53316260012766,TRUE,4,TRUE,no_formulation
KRATOM,Foaming At Mouth,5,404,35,399,30,42735,43169,17.6423267326733,53.6958419300726,TRUE,19.290116744291,0.4659738144197,7.73909072027177,TRUE,0.327549862169612,2.5924061869755,TRUE,2.73251347261675,0.181795017047166,1.89681990587808,TRUE,4,TRUE,no_formulation
KRATOM,Hallucination,9,404,321,395,312,42453,43169,3.05347962680883,10.2255847862091,TRUE,3.26317673830594,0.333189372707121,1.69833780333826,TRUE,3.00410016446987,0.646719537650746,FALSE,1.4388834985734,0.105239993123721,0.803045502237785,TRUE,3,TRUE,no_formulation
KRATOM,Hepatic Congestion,5,404,6,399,1,42764,43169,529.269801980198,355.060008255989,TRUE,392.498539841469,0.922502770335937,64.3558209244788,TRUE,0.0561514049433621,5.129416967334,TRUE,3.30588202225619,0.181795017047166,2.47018845551753,TRUE,4,TRUE,no_formulation
KRATOM,Hepatic Steatosis,7,404,107,397,100,42665,43169,7.40977722772277,30.5546745232036,TRUE,8.0100441190275,0.381867442315889,3.78950757085807,TRUE,1.00136672148996,1.71711576485085,TRUE,2.32061418516883,0.133310168562317,1.60498554994732,TRUE,4,TRUE,no_formulation
KRATOM,Hepatomegaly,7,404,89,397,82,42683,43169,9.03631369234484,39.003201616249,TRUE,9.76180674671241,0.384699489188388,4.59269272310524,TRUE,0.832912506659872,1.98274894783758,TRUE,2.4923085116187,0.133310168562317,1.77667987639719,TRUE,4,TRUE,no_formulation
KRATOM,Hypoxic-Ischaemic Encephalopathy,3,404,6,401,3,42762,43169,105.85396039604,107.38208788081,TRUE,106.506849315069,0.757590005496793,24.1270323249424,TRUE,0.0561514049433621,3.86599826541459,TRUE,2.6538053256765,0.28569112094327,1.6061837288126,TRUE,4,TRUE,no_formulation
KRATOM,Influenza Like Illness,5,404,148,399,143,42622,43169,3.70118742643495,7.09579485368858,TRUE,4.0891488925617,0.437393888424288,1.73506492311266,TRUE,1.38506798860293,0.513393939871604,FALSE,1.54481506063332,0.181795017047166,0.709121493894655,TRUE,3,TRUE,no_formulation
KRATOM,Insomnia,16,404,853,388,837,41928,43169,2.02349267184783,7.28950410099771,TRUE,2.12626519910102,0.25376749822745,1.29302277859387,TRUE,7.98285806944798,0.331485490804378,FALSE,0.959843695617135,0.0605828958350444,0.47741727362109,TRUE,3,TRUE,no_formulation
KRATOM,Irritability,10,404,154,394,144,42621,43169,7.3509694719472,45.6503530930149,TRUE,7.85060586524925,0.32359979457035,4.16341275498386,TRUE,1.44121939354629,1.91441172055434,TRUE,2.43535424440035,0.095214930467079,1.83055867821097,TRUE,4,TRUE,no_formulation
KRATOM,Left Ventricular Hypertrophy,3,404,7,401,4,42761,43169,79.3904702970297,91.3403188248534,TRUE,82.8367233983673,0.714458223749603,20.4203788166451,TRUE,0.0655099724339225,3.64486350397631,TRUE,2.62973055143171,0.28569112094327,1.58210895456781,TRUE,4,TRUE,no_formulation
KRATOM,Lung Disorder,4,404,39,400,35,42730,43169,12.0975954738331,27.2070556776953,TRUE,13.5244500712138,0.5029030897656,5.04707621248682,TRUE,0.364984132131854,1.91024805288492,TRUE,2.37917942913483,0.222199057451206,1.45527472674148,TRUE,4,TRUE,no_formulation
KRATOM,Mood Swings,4,404,85,400,81,42684,43169,5.22735606894023,9.30019687173109,TRUE,5.88467636313504,0.486839262469506,2.2662960238189,TRUE,0.79547823669763,0.786995976215683,FALSE,1.79644022218222,0.222199057451206,0.872535519788869,TRUE,3,TRUE,no_formulation
KRATOM,Needle Track Marks,8,404,8,396,0,42765,43169,Inf,743.486235759947,TRUE,1833.57755359395,1.45608808464806,105.645762966318,TRUE,0.0748685399244829,5.72895781443656,TRUE,3.88615885570258,0.117623894052513,3.21395059080833,TRUE,4,TRUE,no_formulation
KRATOM,Obesity,9,404,35,395,26,42739,43169,36.641755521706,205.997952873046,TRUE,38.740094935954,0.381511270498391,18.3405236431444,TRUE,0.327549862169612,3.84251449543077,TRUE,3.52100936742304,0.105239993123721,2.88517137108743,TRUE,4,TRUE,no_formulation
KRATOM,Opiates Positive,4,404,5,400,1,42764,43169,423.415841584158,257.276252837672,TRUE,320.333333333333,0.944144666707255,50.3419423484197,TRUE,0.0467928374528018,4.86449804122125,TRUE,3.04085875140875,0.222199057451206,2.11695404901539,TRUE,4,TRUE,no_formulation
KRATOM,Overdose,32,404,229,372,197,42568,43169,17.1945519425039,408.101916835698,TRUE,18.805216209328,0.19631754179333,12.7988062822779,TRUE,2.14311195533832,3.4427861739216,TRUE,3.62013027795036,0.0307460659982145,3.27645297707243,TRUE,4,TRUE,no_formulation
KRATOM,Paranoia,7,404,78,397,71,42694,43169,10.4363059545391,46.1234040471607,TRUE,11.2665259269033,0.387115606518839,5.27558425922289,TRUE,0.729968264263708,2.17299602118317,TRUE,2.60826950409281,0.133310168562317,1.89264086887131,TRUE,4,TRUE,no_formulation
KRATOM,Psychotic Disorder,10,404,97,394,87,42678,43169,12.1671218846023,82.2791928014044,TRUE,12.9820532319392,0.330491984644266,6.79239492643356,TRUE,0.907781046584354,2.58108277755719,TRUE,2.89889445497574,0.095214930467079,2.29409888878636,TRUE,4,TRUE,no_formulation
KRATOM,Pulmonary Congestion,13,404,45,391,32,42733,43169,43.0031714108911,350.079587707873,TRUE,45.3405835543767,0.327751405953388,23.8506091993588,TRUE,0.421135537075216,4.1910746943602,TRUE,3.87340214509941,0.0740509093030578,3.34004112929621,TRUE,4,TRUE,no_formulation
KRATOM,Pulmonary Oedema,29,404,52,375,23,42742,43169,133.468037021093,1629.7630918713,TRUE,142.890755588294,0.28131478513768,82.3273532308986,TRUE,0.486645509509139,5.41349113708555,TRUE,4.90203931036408,0.0338751403137295,4.54129738179295,TRUE,4,TRUE,no_formulation
KRATOM,Pulse Absent,3,404,21,401,18,42747,43169,17.6423267326733,27.2666203435564,TRUE,20.1428763757531,0.585049051767571,6.39908207746151,TRUE,0.196529917301767,2.06494263517168,TRUE,2.32909769625635,0.28569112094327,1.28147609939245,TRUE,4,TRUE,no_formulation
KRATOM,Restless Legs Syndrome,5,404,36,399,31,42734,43169,17.0732194187161,51.9715757922575,TRUE,18.6772950314878,0.464855614973656,7.50967066064804,TRUE,0.336908429660173,2.55180631967558,TRUE,2.71628993459874,0.181795017047166,1.88059636786008,TRUE,4,TRUE,no_formulation
KRATOM,Restlessness,3,404,67,401,64,42701,43169,4.96190439356436,5.65637655239108,TRUE,5.77119715794453,0.551119079772486,1.95949373686121,TRUE,0.627024021867544,0.392905647126355,FALSE,1.63483665600635,0.28569112094327,0.587215059142457,TRUE,3,TRUE,no_formulation
KRATOM,Rhinorrhoea,4,404,89,400,85,42680,43169,4.98136284216657,8.63883040869839,TRUE,5.60884420789802,0.48624935728485,2.16256698373758,TRUE,0.832912506659872,0.72068155818135,FALSE,1.7553429174525,0.222199057451206,0.831438215059141,TRUE,3,TRUE,no_formulation
KRATOM,Scar,6,404,41,398,35,42730,43169,18.1463932107496,68.9310250812332,TRUE,19.6333610193154,0.429590480233126,8.45901613607829,TRUE,0.383701267112975,2.77065904057963,TRUE,2.87880906025831,0.153822989075138,2.11009169032899,TRUE,4,TRUE,no_formulation
KRATOM,Seizure,12,404,154,392,142,42623,43169,8.94540510389067,71.1207204474722,TRUE,9.52586881215778,0.299313841638603,5.29814098306678,TRUE,1.44121939354629,2.26588697514158,TRUE,2.68689301139631,0.0799768352289838,2.13260156259373,TRUE,4,TRUE,no_formulation
KRATOM,Toxicity To Various Agents,102,404,195,302,93,42672,43169,116.097892047269,5520.50634073216,TRUE,154.644672294162,0.154209286837111,114.306089546135,TRUE,1.82492066065927,5.55792836191397,TRUE,5.46229861529615,0.00973293278995937,5.26893358586759,TRUE,4,TRUE,no_formulation
KRATOM,Toxicologic Test Abnormal,14,404,20,390,6,42759,43169,246.992574257426,956.282212018602,TRUE,244.267802619915,0.474758756807708,96.3259749381251,TRUE,0.187171349811207,5.49781151716258,TRUE,4.39923920247182,0.0689423524703631,3.88460443756554,TRUE,4,TRUE,no_formulation
KRATOM,Tremor,15,404,796,389,781,41984,43169,2.03304661452061,6.86267712453623,TRUE,2.13788450340307,0.261508951992438,1.2805110350404,TRUE,7.44941972248604,0.31313532176465,FALSE,0.963346757417035,0.0644929642612418,0.465595643399209,TRUE,3,TRUE,no_formulation
KRATOM,Unresponsive To Stimuli,13,404,89,391,76,42689,43169,18.1065984887962,165.312362322234,TRUE,19.2425061978815,0.299539100751875,10.6976603539148,TRUE,0.832912506659872,3.20777762087611,TRUE,3.34030541817365,0.0740509093030578,2.80694440237045,TRUE,4,TRUE,no_formulation
KRATOM,Visceral Congestion,9,404,9,395,0,42765,43169,Inf,849.004891963924,TRUE,2054.47408343869,1.45183159706481,119.364906633183,TRUE,0.0842271074150432,5.79749902209354,TRUE,4.0233263093457,0.105239993123721,3.38748831301009,TRUE,4,TRUE,no_formulation
KRATOM,Withdrawal Syndrome,28,404,146,376,118,42647,43169,25.1178889075348,506.282236613601,TRUE,27.2430110780507,0.214955875457319,17.8764373782756,TRUE,1.36635085362181,3.86477405082459,TRUE,3.93266979153369,0.0350645545272294,3.5656493661187,TRUE,4,TRUE,no_formulation
KRATOM 7OH,Dependence,4,4,444,0,440,42725,43169,98.1022727272727,293.849527105442,TRUE,872.938706015891,1.49148106759965,46.9255568931352,TRUE,0.0411406333248396,5.04877347229383,TRUE,3.05584952143827,0.222199057451206,2.13194481904491,TRUE,4,TRUE,no_formulation
KRILL OMEGA-3 SUPER FORMULA,Hypersensitivity,3,11,2207,8,2204,40954,43169,5.34045537040092,7.03752044091573,TRUE,7.64963377049618,0.635483579236611,2.20143618392508,TRUE,0.562371145961222,0.549812687493755,FALSE,1.72006705337755,0.28569112094327,0.672445456513656,TRUE,3,TRUE,no_formulation
KRILL OMEGA-3 SUPER FORMULA,Malaise,3,11,1895,8,1892,41266,43169,6.22112242936767,8.81544260732106,TRUE,8.97864635946849,0.635542271492754,2.58360646978086,TRUE,0.482869651833492,0.769556015231412,FALSE,1.83228291789959,0.28569112094327,0.784661321035691,TRUE,3,TRUE,no_formulation
LACTAID,Diarrhoea,5,8,3103,3,3098,40063,43169,8.70743221433183,28.8699933853574,TRUE,20.3185181769981,0.684017664038002,5.31672798739933,TRUE,0.575042275707105,1.78110540870259,TRUE,2.35503822416791,0.181795017047166,1.51934465742925,TRUE,4,TRUE,no_formulation
LACTAID,Vomiting,3,8,3595,5,3592,39569,43169,4.50595072383074,5.50707081454603,TRUE,7.00921110900234,0.68398545102355,1.83420963621385,TRUE,0.666218814427019,0.30547688641976,FALSE,1.58551641922111,0.28569112094327,0.537894822357213,TRUE,3,TRUE,no_formulation
LACTAID FAST ACT,Abdominal Pain,9,38,1676,29,1667,41464,43169,6.12791652195877,34.8295077607498,TRUE,8.00778085533504,0.373878697099966,3.8482227933423,TRUE,1.4753179364822,1.67245510162159,TRUE,2.2658426330802,0.105239993123721,1.63000463674459,TRUE,4,TRUE,no_formulation
LACTAID FAST ACT,Abdominal Pain Upper,10,38,2004,28,1994,41137,43169,5.69220820355804,35.6077905186932,TRUE,7.59885738412213,0.361734021138144,3.7396768739868,TRUE,1.76404364242859,1.622878550839,TRUE,2.21341565449039,0.095214930467079,1.60862008830101,TRUE,4,TRUE,no_formulation
LACTAID FAST ACT,Chills,7,38,450,31,443,42688,43169,17.9349530711655,95.1308916407402,TRUE,22.9175390562087,0.409093610343505,10.2787539211903,TRUE,0.396117584377678,3.05432740041605,TRUE,3.06513064206513,0.133310168562317,2.34950200684362,TRUE,4,TRUE,no_formulation
LACTAID FAST ACT,Diarrhoea,15,38,3103,23,3088,40043,43169,5.51340503136079,54.68030557076,TRUE,8.55161735883631,0.327746968154917,4.49846565128004,TRUE,2.73145080960875,1.76048066666386,TRUE,2.26201427986453,0.0644929642612418,1.7642631658467,TRUE,4,TRUE,no_formulation
LACTAID FAST ACT,Flatulence,4,38,475,34,471,42660,43169,9.63928930606772,22.9886079864842,TRUE,11.8015122873346,0.503340899521055,4.40032992092748,TRUE,0.418124116843105,1.7143234988096,TRUE,2.29316389840936,0.222199057451206,1.369259196016,TRUE,4,TRUE,no_formulation
LACTAID FAST ACT,Nausea,15,38,3887,23,3872,39259,43169,4.39705442583732,39.4539691602672,TRUE,6.68678213809871,0.327647712002372,3.51817801806425,TRUE,3.42157566772452,1.43552396282736,TRUE,1.9827628725592,0.0644929642612418,1.48501175854137,TRUE,4,TRUE,no_formulation
LACTAID FAST ACT,Tremor,3,38,796,35,793,42338,43169,4.29392048848477,4.71143838867235,TRUE,5.26051456819049,0.561397504811767,1.75047948036268,TRUE,0.700687993699182,0.232737498799395,FALSE,1.54349361566218,0.28569112094327,0.495872018798281,TRUE,3,TRUE,no_formulation
LACTAID FAST ACT,Vomiting,28,38,3595,10,3567,39564,43169,8.90965428710548,204.321063012726,TRUE,30.1021323455801,0.361429658521648,14.8232053304682,TRUE,3.16453936852834,2.65331323954123,TRUE,2.95925815073199,0.0350645545272294,2.59223772531699,TRUE,4,TRUE,no_formulation
LACTAID FAST ACT CAPLETS,Dehydration,4,27,879,23,875,42267,43169,7.30446560846561,16.1710142706166,TRUE,9.24474768217553,0.51569494568564,3.36454748998782,TRUE,0.549769510528388,1.31971236620837,TRUE,2.09985239976047,0.222199057451206,1.17594769736712,TRUE,4,TRUE,no_formulation
LACTAID FAST ACT CAPLETS,Gastrointestinal Disorder,4,27,385,23,381,42761,43169,16.7753475260037,44.5381755369529,TRUE,21.4636234349293,0.517126707116,7.7896133382148,TRUE,0.240797794713799,2.50955796505856,TRUE,2.60277329249422,0.222199057451206,1.67886859010086,TRUE,4,TRUE,no_formulation
LACTAID FAST ACT CAPLETS,Hypersensitivity,5,27,2207,22,2202,40940,43169,3.62818313317859,7.43491243936118,TRUE,4.54378105687981,0.476173373326865,1.78685963568918,TRUE,1.38036554008664,0.518299149333285,FALSE,1.54841847183669,0.181795017047166,0.712724905098028,TRUE,3,TRUE,no_formulation
LACTAID FAST ACT CAPLETS,Vomiting,10,27,3595,17,3585,39557,43169,4.4570484012604,25.527022593721,TRUE,6.61957885929438,0.390749450628787,3.07763925755016,TRUE,2.24848849869119,1.27287000972713,TRUE,1.93367898048364,0.095214930467079,1.32888341429426,TRUE,4,TRUE,no_formulation
LACTAID FAST ACT CHEWABLES,Vomiting,6,14,3595,8,3589,39566,43169,5.15324602953469,17.5812294333957,TRUE,8.42923395852282,0.521341612485091,3.03398317837504,TRUE,1.16588292524728,1.16816029102786,TRUE,1.9641527034521,0.153822989075138,1.19543533352278,TRUE,4,TRUE,no_formulation
LACTAID FAST ACT LACTASE ENZYME SUPPLEMENT,Abdominal Pain Upper,4,7,2004,3,2000,41162,43169,12.332,32.5379499115732,TRUE,26.4549933945085,0.713064286670303,6.53935753754618,TRUE,0.324955407815794,2.07767241816809,TRUE,2.44753695837936,0.222199057451206,1.523632255986,TRUE,4,TRUE,no_formulation
LACTAID FAST ACT LACTASE ENZYME SUPPLEMENT,Diarrhoea,4,7,3103,3,3099,40063,43169,7.95869635366247,19.2346876852281,TRUE,16.6188786209757,0.712940461044681,4.10898488687937,TRUE,0.503161991243717,1.44743261086521,TRUE,2.165370409357,0.222199057451206,1.24146570696364,TRUE,4,TRUE,no_formulation
LACTAID FAST ACT LACTASE ENZYME SUPPLEMENT,Nausea,3,7,3887,4,3884,39278,43169,4.76261585993821,6.0961636408404,TRUE,7.86457573547289,0.712895083828127,1.94467375424012,TRUE,0.630290254580833,0.385414112460277,FALSE,1.63066162280374,0.28569112094327,0.583040025939843,TRUE,3,TRUE,no_formulation
LACTAID FAST ACT LACTASE ENZYME SUPPLEMENT,Vomiting,4,7,3595,3,3591,39571,43169,6.86828181565024,15.9256735575758,TRUE,14.1661263698017,0.712909681406575,3.5027580497023,TRUE,0.582941462623642,1.23523967307845,TRUE,2.05496973990421,0.222199057451206,1.13106503751085,TRUE,4,TRUE,no_formulation
LACTAID FAST ACT ULTRA,Abdominal Pain Upper,3,4,2004,1,2001,41164,43169,16.1787856071964,30.2511510650518,TRUE,47.9892580564577,0.976168464169241,7.08292533728215,TRUE,0.185688804466168,2.14665732419745,TRUE,2.35172905004671,0.28569112094327,1.30410745318281,TRUE,4,TRUE,no_formulation
LACTAID FAST ACT ULTRA,Diarrhoea,3,4,3103,1,3100,40065,43169,10.4431451612903,18.3452961420209,TRUE,30.1519647368704,0.976078091207252,4.45103666594049,TRUE,0.287521137853552,1.51682293355576,TRUE,2.15196436955016,0.28569112094327,1.10434277268626,TRUE,4,TRUE,no_formulation
LACTAID FAST ACTING,Diarrhoea,3,4,3103,1,3100,40065,43169,10.4431451612903,18.3452961420209,TRUE,30.1519647368704,0.976078091207252,4.45103666594049,TRUE,0.287521137853552,1.51682293355576,TRUE,2.15196436955016,0.28569112094327,1.10434277268626,TRUE,4,TRUE,no_formulation
LACTAID FAST ACTING,Vomiting,3,4,3595,1,3592,39573,43169,9.01273663697105,15.3776280791625,TRUE,25.7030387381118,0.976055623161886,3.79445276821507,TRUE,0.33310940721351,1.30473123474367,TRUE,2.07077704850931,0.28569112094327,1.02315545164541,TRUE,4,TRUE,no_formulation
LE-VEL THRIVE,Headache,4,10,2348,6,2344,40815,43169,7.36501706484642,16.9941133267284,TRUE,12.0524139967518,0.6136117720037,3.62040500142483,TRUE,0.54390882346128,1.3351646977843,TRUE,2.10792929114806,0.222199057451206,1.1840245887547,TRUE,4,TRUE,no_formulation
LE-VEL THRIVE,Heart Rate Increased,4,10,1482,6,1478,41681,43169,11.6803788903924,30.0650438679814,TRUE,19.5173642725215,0.613814897753619,5.86045558383337,TRUE,0.343301906460655,1.99851798231143,TRUE,2.41580388037215,0.222199057451206,1.4918991779788,TRUE,4,TRUE,no_formulation
LEAN VANILLA,Dehydration,3,10,879,7,876,42283,43169,14.7804794520548,26.4427227899589,TRUE,22.512606959498,0.648237742072095,6.31880107692983,TRUE,0.203618337232736,2.01391200223113,TRUE,2.31448993508733,0.28569112094327,1.26686833822344,TRUE,4,TRUE,no_formulation
LEE SWANSON SIGNATURE LINE HEALTHY BLOOD PRESSURE SUPPORT FORMULA,Gastrooesophageal Reflux Disease,3,4,265,1,262,42903,43169,123.56393129771,251.12344130767,TRUE,381.364444444444,0.977861843162004,56.1005856814,TRUE,0.0245546572772128,5.04804441191867,TRUE,2.738189911112,0.28569112094327,1.6905683142481,TRUE,4,TRUE,no_formulation
LEPTIBURN,Aspartate Aminotransferase Increased,3,54,460,51,457,42658,43169,5.24130804765378,6.51465941920485,TRUE,6.33687728791978,0.554383437504324,2.1378369958193,TRUE,0.575412912043364,0.516757691746417,FALSE,1.7024642233778,0.28569112094327,0.654842626513904,TRUE,3,TRUE,no_formulation
LEPTIBURN,Liver Function Test Abnormal,4,54,495,50,491,42624,43169,6.50448819491589,13.5754173420275,TRUE,7.72781845834634,0.494046810638353,2.93437609438656,TRUE,0.619194329264055,1.14824833683192,TRUE,2.00746444365845,0.222199057451206,1.0835597412651,TRUE,4,TRUE,no_formulation
LEPTIBURN,Loss Of Consciousness,4,54,995,50,991,42124,43169,3.22270807639122,4.18848029098858,TRUE,3.78584802504456,0.493007621080857,1.44047795738153,TRUE,1.24464314670249,0.141383636841502,FALSE,1.36699302697377,0.222199057451206,0.443088324580419,TRUE,3,TRUE,no_formulation
LEPTIBURN,Syncope,3,54,552,51,549,42566,43169,4.36298320178102,4.80940333740039,TRUE,5.26454764702245,0.554053328037884,1.777220633174,TRUE,0.690495494452037,0.253867205699242,FALSE,1.55579276146112,0.28569112094327,0.508171164597221,TRUE,3,TRUE,no_formulation
LIBIDO MAX,Blood Pressure Increased,3,7,1929,4,1926,41236,43169,9.60436137071651,16.0119747413967,TRUE,16.6482394670819,0.713077719706536,4.11513706622192,TRUE,0.312793903032269,1.39541811027876,TRUE,2.10639343680598,0.28569112094327,1.05877183994208,TRUE,4,TRUE,no_formulation
LIBIDO MAX FOR MEN,Blood Pressure Increased,5,10,1929,5,1924,41235,43169,11.2159563409563,38.4927905396638,TRUE,21.4266043128085,0.603473470891408,6.56547815548526,TRUE,0.446848432903241,2.14474001132892,TRUE,2.53822620926645,0.181795017047166,1.70253264252778,TRUE,4,TRUE,no_formulation
LIBIDO MAX FOR MEN,Dizziness,5,10,2837,5,2832,40327,43169,7.61987994350283,24.0566169432004,TRUE,14.2374227714034,0.603335897841635,4.36376643061037,TRUE,0.657184553730686,1.58858286048037,TRUE,2.24881264743384,0.181795017047166,1.41311908069517,TRUE,4,TRUE,no_formulation
LIBIDO MAX FOR MEN,Heart Rate Increased,4,10,1482,6,1478,41681,43169,11.6803788903924,30.0650438679814,TRUE,19.5173642725215,0.613814897753619,5.86045558383337,TRUE,0.343301906460655,1.99851798231143,TRUE,2.41580388037215,0.222199057451206,1.4918991779788,TRUE,4,TRUE,no_formulation
LIFE EXTENSION VITAMIN B3 NIACIN,Anaphylactic Reaction,4,12,370,8,366,42791,43169,39.3051001821494,113.208012971873,TRUE,61.812615359923,0.585338503033274,19.6257800318394,TRUE,0.102851583312099,3.73405366200666,TRUE,2.90005022915403,0.222199057451206,1.97614552676067,TRUE,4,TRUE,no_formulation
LIFE EXTENSION VITAMIN B3 NIACIN,Flushing,5,12,358,7,353,42804,43169,50.94074598678,196.266416667397,TRUE,88.797642621405,0.563918195747585,29.4025215867699,TRUE,0.0995158562857606,4.30765232016831,TRUE,3.1975618022833,0.181795017047166,2.36186823554463,TRUE,4,TRUE,no_formulation
LIFE EXTENSION VITAMIN B3 NIACIN,Hospitalisation,3,12,708,9,705,42452,43169,15.3039007092199,27.4107123667199,TRUE,22.1692342123914,0.626433104003489,6.49411639877811,TRUE,0.196807894553962,2.06290705660547,TRUE,2.32852204775943,0.28569112094327,1.28090045089554,TRUE,4,TRUE,no_formulation
LIFE EXTENSION VITAMIN B3 NIACIN,Pruritus,3,12,1457,9,1454,41703,43169,7.42039202200825,11.2182633343995,TRUE,10.5633876716542,0.625850576333367,3.09790754920292,TRUE,0.405012856447914,1.02302433983031,TRUE,1.95134472994039,0.28569112094327,0.903723133076491,TRUE,4,TRUE,no_formulation
LIFEPAK NANO (US),Dyspnoea,3,9,3460,6,3457,39703,43169,4.16160447401408,4.76878223293076,TRUE,6.18331386617721,0.663230617942524,1.68526419009138,TRUE,0.721350969445667,0.190828623070621,FALSE,1.51887708690823,0.28569112094327,0.471255490044331,TRUE,3,TRUE,no_formulation
LIFEVANTAGE PROTANDIM NRF2 SYNERGIZER,Diarrhoea,3,10,3103,7,3100,40059,43169,4.17667741935484,4.75675535029828,TRUE,6.02948986722572,0.647607219338828,1.69443992436013,TRUE,0.718802844633881,0.19593142861784,FALSE,1.52189014972792,0.28569112094327,0.474268552864018,TRUE,3,TRUE,no_formulation
LIMBEX,Headache,3,5,2348,2,2345,40819,43169,11.0440938166311,19.3059283699158,TRUE,24.3646557237263,0.82835085086945,4.804561977511,TRUE,0.27195441173064,1.59702727495797,TRUE,2.18076736622899,0.28569112094327,1.13314576936509,TRUE,4,TRUE,no_formulation
LIPODRENE,Headache,3,10,2348,7,2345,40814,43169,5.52140724946695,7.44116694085129,TRUE,8.12055709514674,0.647687014282845,2.28172608553174,TRUE,0.54390882346128,0.597940443801944,FALSE,1.74535921176335,0.28569112094327,0.697737614899449,TRUE,3,TRUE,no_formulation
LIPODRENE,Heart Rate Increased,3,10,1482,7,1479,41680,43169,8.75436105476674,14.0337732374212,TRUE,13.1469415343021,0.647879244229889,3.69265543726955,TRUE,0.343301906460655,1.26129372832907,TRUE,2.05323380098744,0.28569112094327,1.00561220412354,TRUE,4,TRUE,no_formulation
LIPODRENE,Vomiting,5,10,3595,5,3590,39569,43169,6.01100278551532,17.6202153490982,TRUE,11.0206099429049,0.603274521563866,3.37822049014491,TRUE,0.832773518033774,1.24711667004467,TRUE,2.0449999786232,0.181795017047166,1.20930641188454,TRUE,4,TRUE,no_formulation
LIVE IT UP SUPER GREENS,Diarrhoea,3,3,3103,0,3100,40066,43169,13.9245161290323,26.0749756326973,TRUE,90.4581519109821,1.51197280823604,4.67122163615282,TRUE,0.215640853390164,1.93128487119372,TRUE,2.29004726887732,0.28569112094327,1.24242567201342,TRUE,4,TRUE,no_formulation
LIVE IT UP SUPER GREENS,Vomiting,3,3,3595,0,3592,39574,43169,12.0172605790646,22.1092457549317,TRUE,77.1110647181628,1.51195830372426,3.98209676612986,TRUE,0.249832055410132,1.71927184692318,TRUE,2.22271551461491,0.28569112094327,1.17509391775101,TRUE,4,TRUE,no_formulation
LIVING ESSENTIALS 5 HOUR ENERGY,Death,5,7,1227,2,1222,41940,43169,25.2291325695581,95.7126148824213,TRUE,75.4757464212679,0.763321702187238,16.9065450649788,TRUE,0.198962218258473,3.31064665796134,TRUE,2.97614523933209,0.181795017047166,2.14045167259342,TRUE,4,TRUE,no_formulation
MAGNESIUM,Abdominal Discomfort,3,26,905,23,902,42241,43169,5.51888964693843,7.16600038837275,TRUE,6.97095538398067,0.573933083073623,2.26334417591352,TRUE,0.545067062012092,0.594873472738526,FALSE,1.74375939895912,0.28569112094327,0.69613780209522,TRUE,3,TRUE,no_formulation
MAGNESIUM,Anxiety,3,26,1125,23,1122,42021,43169,4.43675442204854,5.03590642681567,TRUE,5.57552006823674,0.57374397002702,1.81094248106056,TRUE,0.677569552224976,0.281116432042467,FALSE,1.57154264804828,0.28569112094327,0.52392105118438,TRUE,3,TRUE,no_formulation
MAGNESIUM,Syncope,3,26,552,23,549,42594,43169,9.06746532156368,14.323338233142,TRUE,11.5447892668383,0.57455268742552,3.74383662840856,TRUE,0.332460793625055,1.30754020645105,TRUE,2.0719006897156,0.28569112094327,1.02427909285171,TRUE,4,TRUE,no_formulation
MAGNESIUM OXIDE,Death,4,9,1227,5,1223,41937,43169,15.6845643681294,42.3556418776807,TRUE,28.0445443400082,0.636303053888204,8.05779648149593,TRUE,0.255808566332322,2.42243655012309,TRUE,2.5738322261373,0.222199057451206,1.64992752374395,TRUE,4,TRUE,no_formulation
MAGNESIUM OXIDE,Toxicity To Various Agents,3,9,195,6,192,42968,43169,74.9305555555556,149.482665655438,TRUE,120.191608391608,0.666917174481152,32.5224150017001,TRUE,0.0406541731334986,4.32856638016351,TRUE,2.69457694089299,0.28569112094327,1.64695534402909,TRUE,4,TRUE,no_formulation
MASS COMPLEX,Anxiety,3,3,1125,0,1122,42044,43169,38.4723707664884,77.0335091235932,TRUE,262.192873051225,1.512160354802,13.5345556686267,TRUE,0.078181102179805,3.39098217869862,TRUE,2.59776156177413,0.28569112094327,1.55013996491023,TRUE,4,TRUE,no_formulation
MASS COMPLEX,Haematocrit Increased,3,3,9,0,6,43160,43169,7194.33333333333,9990.60171478772,TRUE,46480.5384615385,1.5619166459493,2176.41074183813,TRUE,0.00062544881743844,9.72994607613158,TRUE,2.80555138602756,0.28569112094327,1.75792978916366,TRUE,4,TRUE,no_formulation
MASS COMPLEX,Haemoglobin Increased,3,3,17,0,14,43152,43169,3083.28571428571,5287.76946352043,TRUE,20832.2413793103,1.53450414681228,1029.29461225138,TRUE,0.00118140332182816,9.07631718614418,TRUE,2.80395013347659,0.28569112094327,1.7563285366127,TRUE,4,TRUE,no_formulation
MEDIX SELECT ACTALIN,Heart Rate Increased,3,15,1482,12,1479,41675,43169,5.83556457065585,7.92677356762393,TRUE,7.887218654951,0.605321554753334,2.40804041315596,TRUE,0.514952859690982,0.676813540769601,FALSE,1.78594220023276,0.28569112094327,0.738320603368861,TRUE,3,TRUE,no_formulation
MELATONIN,Confusional State,4,59,403,55,399,42711,43169,7.32509239199694,15.962246520539,TRUE,8.66857220173866,0.492713691761803,3.30020721446724,TRUE,0.550788760453103,1.31704181799707,TRUE,2.09845232726781,0.222199057451206,1.17454762487446,TRUE,4,TRUE,no_formulation
MELATONIN,Depression,4,59,369,55,365,42745,43169,8.00742976549803,17.9724204059648,TRUE,9.4824934373498,0.492949908842507,3.60840368190083,TRUE,0.504320229794529,1.44411772668186,TRUE,2.16370565219868,0.222199057451206,1.23980094980532,TRUE,4,TRUE,no_formulation
MELATONIN,Hallucination,6,59,321,53,315,42795,43169,13.9176755447942,58.907620901053,TRUE,16.4800420634803,0.41920243520494,7.24646166750483,TRUE,0.438717598276541,2.57751233597925,TRUE,2.79167660705934,0.153822989075138,2.02295923713002,TRUE,4,TRUE,no_formulation
MELATONIN,Insomnia,6,59,853,53,847,42263,43169,5.17599503732015,16.4606695006705,TRUE,6.05878201417032,0.416822917691505,2.67656932918848,TRUE,1.16581343093424,1.16824626232071,TRUE,1.96421288846904,0.153822989075138,1.19549551853972,TRUE,4,TRUE,no_formulation
MELATONIN,Mental Status Changes,4,59,77,55,73,43037,43169,40.0371488274901,109.854368716546,TRUE,47.4765581908439,0.503854064156977,17.6843861474456,TRUE,0.105237554726772,3.70107726194684,TRUE,2.89435158739843,0.222199057451206,1.97044688500507,TRUE,4,TRUE,no_formulation
MELATONIN,Overdose,3,59,229,56,226,42884,43169,9.69926503674816,15.3848840303759,TRUE,11.728750317451,0.554843879162825,3.95329384616488,TRUE,0.312979221200398,1.39456456298732,TRUE,2.1060645377741,0.28569112094327,1.0584429409102,TRUE,4,TRUE,no_formulation
MELATONIN,Suicidal Ideation,3,59,195,56,192,42918,43169,11.416843220339,18.8283947980257,TRUE,13.81126307321,0.555546133033859,4.64882269308928,TRUE,0.266510690541824,1.62616140753537,TRUE,2.19097710362044,0.28569112094327,1.14335550675655,TRUE,4,TRUE,no_formulation
METABO379,Dehydration,4,12,879,8,875,42282,43169,16.4407619047619,44.2929354956976,TRUE,25.5680787449189,0.583982136667511,8.13958878995587,TRUE,0.244342004679284,2.48850815181184,TRUE,2.59588744397004,0.222199057451206,1.67198274157668,TRUE,4,TRUE,no_formulation
METABOLIFE,Hospitalisation,3,9,708,6,705,42455,43169,20.4066193853428,38.1231431105954,TRUE,32.4034781660579,0.664079383867895,8.81689859939516,TRUE,0.147605920915472,2.47710424557567,TRUE,2.43416684100748,0.28569112094327,1.38654524414359,TRUE,4,TRUE,no_formulation
METAMUCIL,Intestinal Obstruction,5,12,211,7,206,42951,43169,87.2916666666667,338.054199110821,TRUE,152.531557707829,0.565700815128977,50.3298284750075,TRUE,0.0586532002131159,5.06690465641488,TRUE,3.29940674637115,0.181795017047166,2.46371317963249,TRUE,4,TRUE,no_formulation
MINOXIDIL,Diarrhoea,3,3,3103,0,3100,40066,43169,13.9245161290323,26.0749756326973,TRUE,90.4581519109821,1.51197280823604,4.67122163615282,TRUE,0.215640853390164,1.93128487119372,TRUE,2.29004726887732,0.28569112094327,1.24242567201342,TRUE,4,TRUE,no_formulation
MINOXIDIL,Nausea,3,3,3887,0,3884,39282,43169,11.1138002059732,20.2304733758721,TRUE,70.7883897541511,1.51195144622163,3.6556362919491,TRUE,0.270124394820357,1.60675580093811,TRUE,2.1841915201041,0.28569112094327,1.1365699232402,TRUE,4,TRUE,no_formulation
MIRACLE MINERAL SOLUTION,Diarrhoea,3,5,3103,2,3100,40064,43169,8.35432258064516,13.7384260340928,TRUE,18.0907273020481,0.828288460677257,3.56781769983787,TRUE,0.35940142231694,1.19524028590264,TRUE,2.02595085215811,0.28569112094327,0.978329255294213,TRUE,4,TRUE,no_formulation
MIRACLE MINERAL SOLUTION,Vomiting,3,5,3595,2,3592,39572,43169,7.21002227171492,11.3749540306752,TRUE,15.4214335421016,0.828261983600498,3.04154266522131,TRUE,0.416386759016887,0.983101354281858,FALSE,1.93332640382691,0.28569112094327,0.885704806963013,TRUE,3,TRUE,no_formulation
MITRAGYNA SPECIOSA,Death,4,5,1227,1,1223,41941,43169,28.2348323793949,81.6698936938514,TRUE,102.839803841439,0.943255033891587,16.1899812335956,TRUE,0.142115870184623,3.26888161871983,TRUE,2.80901944032588,0.222199057451206,1.88511473793252,TRUE,4,TRUE,no_formulation
MITRAGYNINE,Death,6,8,1227,2,1221,41940,43169,26.5116707616708,125.861481190313,TRUE,89.2716332378224,0.744774236076334,20.7371396326906,TRUE,0.227385392295397,3.52461335649038,TRUE,3.1596478598423,0.153822989075138,2.39093048991298,TRUE,4,TRUE,no_formulation
MITRAGYNINE,Toxicity To Various Agents,3,8,195,5,192,42969,43169,84.298828125,168.782410709756,TRUE,142.047933884298,0.687568574796971,36.911758418094,TRUE,0.0361370427853321,4.49697642282419,TRUE,2.70668119970214,0.28569112094327,1.65905960283824,TRUE,4,TRUE,no_formulation
MITRAGYNINE,Unresponsive To Stimuli,3,8,89,5,86,43075,43169,188.202034883721,374.799881361585,TRUE,316.898055701524,0.69218232874491,81.6059982283528,TRUE,0.0164933169635618,5.61243345071183,TRUE,2.76053333512647,0.28569112094327,1.71291173826257,TRUE,4,TRUE,no_formulation
MNS 3,Abdominal Pain,5,28,1676,23,1671,41470,43169,4.61026331538001,11.155062693161,TRUE,5.80667765607398,0.474335062867416,2.29174114062642,TRUE,1.08707637425004,0.862799067685113,FALSE,1.79306006254955,0.181795017047166,0.957366495810885,TRUE,3,TRUE,no_formulation
MNS 3,Hepatic Enzyme Increased,3,28,563,25,560,42581,43169,8.25401785714286,12.6536374312801,TRUE,10.4273320389708,0.571609637502784,3.40102055543991,TRUE,0.365169450299984,1.1722921569835,TRUE,2.01630029325262,0.28569112094327,0.968678696388717,TRUE,4,TRUE,no_formulation
MNS 3,Nephrolithiasis,4,28,561,24,557,42584,43169,11.064631956912,27.4031958113297,TRUE,14.0298526585522,0.514641383342338,5.11660063885309,TRUE,0.363872223123074,1.91464571343893,TRUE,2.38103515975026,0.222199057451206,1.45713045735691,TRUE,4,TRUE,no_formulation
MNS 3,Rectal Haemorrhage,3,28,309,25,306,42835,43169,15.1053921568627,26.5921542854946,TRUE,19.1823241531523,0.572901352635893,6.24076385042038,TRUE,0.200421598832496,2.0367026250824,TRUE,2.32105944424135,0.28569112094327,1.27343784737745,TRUE,4,TRUE,no_formulation
MNS 3,Vomiting,7,28,3595,21,3588,39553,43169,3.00592251950948,8.13323080326111,TRUE,3.84498608280327,0.424439526222672,1.67341845288141,TRUE,2.33176585049457,0.497946452391005,FALSE,1.40518861701529,0.133310168562317,0.689559981793778,TRUE,3,TRUE,no_formulation
MNS MAX 3,Dehydration,3,22,879,19,876,42271,43169,6.71653175591532,9.60036221796111,TRUE,8.65623765851946,0.581516031515174,2.76906233559181,TRUE,0.44796034191202,0.87773861802954,FALSE,1.88445631196029,0.28569112094327,0.836834715096387,TRUE,3,TRUE,no_formulation
MNS MAX C (MAXIMUM APPETITE CONTROL),Convulsion,3,17,820,14,817,42335,43169,9.32075743394053,14.9678393305419,TRUE,12.5002003585363,0.596595897894197,3.8822571065541,TRUE,0.322916907966365,1.34951729097632,TRUE,2.08853625156754,0.28569112094327,1.04091465470364,TRUE,4,TRUE,no_formulation
MNS MAX C (MAXIMUM APPETITE CONTROL),Pruritus,3,17,1457,14,1454,41698,43169,5.23731693502711,6.69518589445991,TRUE,6.92001043136046,0.59614705075066,2.15107788329847,TRUE,0.573768213301212,0.520884766400382,FALSE,1.70467231943288,0.28569112094327,0.657050722568979,TRUE,3,TRUE,no_formulation
MNS MAX C (MAXIMUM APPETITE CONTROL),Rash,3,17,1290,14,1287,41865,43169,5.91690662278898,8.05484661761634,TRUE,7.84890525610981,0.596221760757458,2.43946661052462,TRUE,0.508003428386111,0.696402478994785,FALSE,1.79585437636737,0.28569112094327,0.748232779503467,TRUE,3,TRUE,no_formulation
MNS MAX C (MAXIMUM APPETITE CONTROL),Swelling,3,17,827,14,824,42328,43169,9.24157624214735,14.8060342286153,TRUE,12.3920244244161,0.596587197295378,3.8487259343791,TRUE,0.325673515717297,1.33726688888893,TRUE,2.08371158683429,0.28569112094327,1.0360899899704,TRUE,4,TRUE,no_formulation
MNS MAX C MAXIMUM APPETITE CONTROL,Nausea,3,4,3887,1,3884,39281,43169,8.3351570545829,13.9725708771689,TRUE,23.5955292401425,0.976045000523228,3.4834007864391,TRUE,0.360165859760476,1.19217790312469,TRUE,2.02466814552255,0.28569112094327,0.977046548658649,TRUE,4,TRUE,no_formulation
MODERE ACTIVATE,Abdominal Discomfort,3,31,905,28,902,42236,43169,4.62820971318218,5.3835815050677,TRUE,5.7473003839238,0.567392028898679,1.89012293035246,TRUE,0.649887650860571,0.341263907029734,FALSE,1.60586201172646,0.28569112094327,0.558240414862563,TRUE,3,TRUE,no_formulation
MODERE ACTIVATE,Abdominal Pain,4,31,1676,27,1672,41466,43169,3.32906312702578,4.56204789923022,TRUE,4.05705666530779,0.509124623017566,1.49566883834577,TRUE,1.20354884291969,0.189807475809893,FALSE,1.40138168950683,0.222199057451206,0.477476987113472,TRUE,3,TRUE,no_formulation
MODERE ACTIVATE,Abdominal Pain Upper,5,31,2004,26,1999,41139,43169,3.48061127337862,6.83234911936205,TRUE,4.27026096146678,0.46912521083931,1.70265624250239,TRUE,1.4390882346128,0.458209155108996,FALSE,1.50405316653756,0.181795017047166,0.668359599798897,TRUE,3,TRUE,no_formulation
MODERE ACTIVATE,Blood Pressure Increased,7,31,1929,24,1922,41216,43169,5.0680742506126,19.783155991079,TRUE,6.56296276638093,0.417964206647879,2.89282142406311,TRUE,1.38523014200005,1.24909803354186,TRUE,1.99214994243014,0.133310168562317,1.27652130720864,TRUE,4,TRUE,no_formulation
MODERE ACTIVATE,Constipation,3,31,920,28,917,42221,43169,4.55250290217047,5.23617774005106,TRUE,5.65133132558918,0.567376072710438,1.85861957412623,TRUE,0.660659269383122,0.317560304038334,FALSE,1.59241041455565,0.28569112094327,0.544788817691753,TRUE,3,TRUE,no_formulation
MODERE ACTIVATE,Dehydration,3,31,879,28,876,42262,43169,4.76557666813964,5.65178362104595,TRUE,5.92142792806317,0.567420979488013,1.94727800800677,TRUE,0.631216845421483,0.383295918561197,FALSE,1.62947941286459,0.28569112094327,0.581857816000692,TRUE,3,TRUE,no_formulation
MODERE ACTIVATE,Diarrhoea,7,31,3103,24,3096,40042,43169,3.14626573309994,8.82958448076346,TRUE,3.95863334838214,0.417729073192681,1.74568995675435,TRUE,2.22828881836503,0.563423238397837,FALSE,1.45889421856046,0.133310168562317,0.743265583338953,TRUE,3,TRUE,no_formulation
MODERE ACTIVATE,Hyperhidrosis,3,31,755,28,752,42386,43169,5.55138984214139,7.20091010654495,TRUE,6.91742146062832,0.567586558230913,2.27407511016786,TRUE,0.542171465635062,0.60255316007877,FALSE,1.74776226222381,0.28569112094327,0.700140665359915,TRUE,3,TRUE,no_formulation
MODERE ACTIVATE,Nausea,10,31,3887,21,3877,39261,43169,3.58924010084285,17.7322875401622,TRUE,4.94499572668796,0.376872778958228,2.36246473702626,TRUE,2.79128541314369,0.960938854949804,FALSE,1.6736662835019,0.095214930467079,1.06887071731252,TRUE,3,TRUE,no_formulation
MODERE ACTIVATE,Vomiting,10,31,3595,21,3585,39553,43169,3.88158545912629,20.2393714031538,TRUE,5.38748447396328,0.376900393323383,2.57372380782349,TRUE,2.5815979059047,1.07358972712253,TRUE,1.7686387948657,0.095214930467079,1.16384322867632,TRUE,4,TRUE,no_formulation
MODERE ACTIVATE 3CT,Abdominal Distension,3,5,715,2,712,42452,43169,36.3741573033708,71.7496422381172,TRUE,83.4154385964912,0.828939895423656,16.4300374640461,TRUE,0.0828140563830527,3.3082806688128,TRUE,2.58624734402165,0.28569112094327,1.53862574715775,TRUE,4,TRUE,no_formulation
MODERE ACTIVATE 3CT,Nausea,3,5,3887,2,3884,39280,43169,6.66797116374871,10.2573699402214,TRUE,14.1569571373407,0.828249465455796,2.79222067876519,TRUE,0.450207324700595,0.870525639412634,FALSE,1.88104068909697,0.28569112094327,0.833419092233074,TRUE,3,TRUE,no_formulation
MODERE ALOE VERA,Dizziness,3,6,2837,3,2834,40329,43169,7.6152081863091,12.0373964901348,TRUE,14.2280825542424,0.75617865817622,3.23202050911907,TRUE,0.394310732238412,1.06162577937022,TRUE,1.96850682762823,0.28569112094327,0.920885230764332,TRUE,4,TRUE,no_formulation
MODERE BURN,Abdominal Distension,6,72,715,66,709,42388,43169,5.06546779501646,15.8473928738742,TRUE,5.83965728274174,0.412694538860487,2.60072646207243,TRUE,1.19252241191596,1.13557635815872,TRUE,1.94126478044367,0.153822989075138,1.17254741051435,TRUE,4,TRUE,no_formulation
MODERE BURN,Abdominal Pain Upper,8,72,2004,64,1996,41101,43169,2.39907592963705,5.43245724837526,TRUE,2.71298609776411,0.365617479531194,1.32503602729366,TRUE,3.34239848039102,0.255053874241428,FALSE,1.14545569812577,0.117623894052513,0.473247433231519,TRUE,3,TRUE,no_formulation
MODERE BURN,Blood Pressure Increased,9,72,1929,63,1920,41177,43169,2.80579427083333,9.09485978482817,TRUE,3.20771329644716,0.348649067448807,1.61964362808189,TRUE,3.21730871690333,0.547809043800591,FALSE,1.35366900661311,0.105239993123721,0.717831010277495,TRUE,3,TRUE,no_formulation
MODERE BURN,Chest Discomfort,4,72,586,68,582,42515,43169,4.11387934326079,6.61165757933876,TRUE,4.7948309890041,0.488427089133282,1.84083885221299,TRUE,0.977368018717135,0.490032802096886,FALSE,1.60689574904096,0.222199057451206,0.682991046647604,TRUE,3,TRUE,no_formulation
MODERE BURN,Constipation,7,72,920,65,913,42184,43169,4.58925094316661,16.4463530746135,TRUE,5.28766968751175,0.386935272423096,2.47684234793478,TRUE,1.53443443211564,1.10155160935074,TRUE,1.88226281113493,0.133310168562317,1.16663417591343,TRUE,4,TRUE,no_formulation
MODERE BURN,Dehydration,10,72,879,62,869,42228,43169,6.88802582789925,45.0161032938349,TRUE,8.15915813686027,0.335278782782547,4.22912273331163,TRUE,1.4660520280757,1.88977122899191,TRUE,2.41701592223271,0.095214930467079,1.81222035604333,TRUE,4,TRUE,no_formulation
MODERE BURN,Diarrhoea,15,72,3103,57,3088,40009,43169,2.9075588298791,18.1317994424729,TRUE,3.49204130329202,0.286803433060137,1.99043207261411,TRUE,5.17538048136394,0.838569119762128,FALSE,1.44947919548525,0.0644929642612418,0.951728081467424,TRUE,3,TRUE,no_formulation
MODERE BURN,Feeling Jittery,5,72,172,67,167,42930,43169,17.9212408516301,62.227023319588,TRUE,20.8838253178552,0.450140466242947,8.64256693177872,TRUE,0.286872524265098,2.78349595608254,TRUE,2.80522977983338,0.181795017047166,1.96953621309472,TRUE,4,TRUE,no_formulation
MODERE BURN,Hepatic Enzyme Increased,5,72,563,67,558,42539,43169,5.36352548785345,13.7056448098631,TRUE,6.20623362843596,0.445473921225462,2.59198845733201,TRUE,0.939007157914244,1.07397221958734,TRUE,1.93435785028271,0.181795017047166,1.09866428354405,TRUE,4,TRUE,no_formulation
MODERE BURN,Nausea,19,72,3887,53,3868,39229,43169,2.94023253475813,24.5200566556122,TRUE,3.69616202759166,0.265061557404642,2.19849786591891,TRUE,6.48298547568857,0.941516045166004,FALSE,1.48155824688102,0.051258886511035,1.0378059078215,TRUE,3,TRUE,no_formulation
MODERE BURN,Nephrolithiasis,4,72,561,68,557,42540,43169,4.29852383802115,7.13230259793718,TRUE,5.01279172531177,0.488505876476699,1.92422150433138,TRUE,0.935671430887906,0.552910036311116,FALSE,1.64819939104693,0.222199057451206,0.724294688653576,TRUE,3,TRUE,no_formulation
MODERE BURN,Pyrexia,5,72,505,67,500,42597,43169,5.98569444444445,16.0992822294329,TRUE,6.93487993487994,0.445706713194984,2.89498110094276,TRUE,0.842271074150432,1.23076297007799,TRUE,2.03475556271732,0.181795017047166,1.19906199597866,TRUE,4,TRUE,no_formulation
MODERE BURN,Vomiting,22,72,3595,50,3573,39524,43169,3.68556612868116,43.8043078649675,TRUE,4.92792101373283,0.254069996456527,2.99498734142894,TRUE,5.99596932984318,1.31350102508617,TRUE,1.79230827535024,0.0444212796734282,1.37921169101016,TRUE,4,TRUE,no_formulation
MODERE CARB BLOCKER,Blood Pressure Increased,3,10,1929,7,1926,41233,43169,6.72258566978193,9.8772427950908,TRUE,9.98821697378666,0.647758401888661,2.80611124957251,TRUE,0.446848432903241,0.881321309409501,FALSE,1.88614951268675,0.28569112094327,0.838527915822856,TRUE,3,TRUE,no_formulation
MODERE CARB BLOCKER,Constipation,3,10,920,7,917,42242,43169,14.1196292257361,25.0800641500063,TRUE,21.485740236149,0.648198434235291,6.03104646715935,TRUE,0.213115893349394,1.94824993669298,TRUE,2.29514645896669,0.28569112094327,1.24752486210279,TRUE,4,TRUE,no_formulation
MODERE CARB BLOCKER,Dehydration,3,10,879,7,876,42283,43169,14.7804794520548,26.4427227899589,TRUE,22.512606959498,0.648237742072095,6.31880107692983,TRUE,0.203618337232736,2.01391200223113,TRUE,2.31448993508733,0.28569112094327,1.26686833822344,TRUE,4,TRUE,no_formulation
MODERE LIQUID BIOCELL LIFE,Constipation,3,11,920,8,917,42241,43169,12.8357291563398,22.3776070680363,TRUE,18.9575573008495,0.635983440189833,5.4503242995617,TRUE,0.234427482684334,1.81095815707535,TRUE,2.25266297073336,0.28569112094327,1.20504137386946,TRUE,4,TRUE,no_formulation
MODERE LIQUID BIOCELL SKIN,Diarrhoea,3,4,3103,1,3100,40065,43169,10.4431451612903,18.3452961420209,TRUE,30.1519647368704,0.976078091207252,4.45103666594049,TRUE,0.287521137853552,1.51682293355576,TRUE,2.15196436955016,0.28569112094327,1.10434277268626,TRUE,4,TRUE,no_formulation
MODERE MINERAL SUPPLEMENT,Dizziness,4,6,2837,2,2833,40330,43169,10.1571949641134,26.1854475419128,TRUE,25.6202223398624,0.789050022348967,5.45669846975648,TRUE,0.394310732238412,1.79885003335257,TRUE,2.33107690701294,0.222199057451206,1.40717220461958,TRUE,4,TRUE,no_formulation
MODERE SUSTAIN,Abdominal Pain,3,13,1676,10,1673,41483,43169,5.95282541726057,8.20904951895389,TRUE,8.26282242804502,0.617716793496049,2.46216565992183,TRUE,0.504714030901805,0.705768144913081,FALSE,1.80056999270122,0.28569112094327,0.752948395837321,TRUE,3,TRUE,no_formulation
MODERE SUSTAIN,Dehydration,4,13,879,9,875,42281,43169,15.1757362637363,40.3768982428739,TRUE,22.8761609907121,0.573281113919965,7.43697648842051,TRUE,0.264703838402557,2.37318723464684,TRUE,2.55695198067598,0.222199057451206,1.63304727828262,TRUE,4,TRUE,no_formulation
MODERE SUSTAIN,Vomiting,4,13,3595,9,3591,39565,43169,3.69779148726517,5.89003149987301,TRUE,5.21830784674341,0.572528680378468,1.6989611372107,TRUE,1.08260557344391,0.342548314016429,FALSE,1.50762325837406,0.222199057451206,0.583718555980709,TRUE,3,TRUE,no_formulation
MODERE TRIM,Diarrhoea,3,6,3103,3,3100,40063,43169,6.96177419354839,10.6929624094433,TRUE,12.9216255442671,0.756158753456171,2.93536307169958,TRUE,0.431281706780328,0.932436224186834,FALSE,1.9100653770884,0.28569112094327,0.862443780224504,TRUE,3,TRUE,no_formulation
MODERE TRIM,Nausea,5,6,3887,1,3882,39281,43169,9.26562768332475,31.8992712238327,TRUE,37.0977892251556,0.921285988041966,6.0972438527542,TRUE,0.540248789640715,1.87109385225093,TRUE,2.40250300887068,0.181795017047166,1.56680944213202,TRUE,4,TRUE,no_formulation
MODERE TRIM,Vomiting,4,6,3595,2,3591,39572,43169,8.0131811009004,19.6554957661131,TRUE,19.833078101072,0.789003122611277,4.22451742195119,TRUE,0.499664110820265,1.45749004629899,TRUE,2.17040966849797,0.222199057451206,1.24650496610462,TRUE,4,TRUE,no_formulation
MODERE TRIM CHOCOLATE,Abdominal Distension,3,39,715,36,712,42418,43169,4.65968020743302,5.4161451606079,TRUE,5.70881038211968,0.560837435786657,1.9017400606086,TRUE,0.645949639787811,0.35002788764807,FALSE,1.61081127763539,0.28569112094327,0.563189680771494,TRUE,3,TRUE,no_formulation
MODERE TRIM CHOCOLATE,Abdominal Pain Upper,5,39,2004,34,1999,41131,43169,2.76612665307012,4.19372734479325,TRUE,3.27941768050708,0.45970439019284,1.3319516403637,TRUE,1.81046584354514,0.127074095735066,FALSE,1.25124785685944,0.181795017047166,0.415554290120775,TRUE,3,TRUE,no_formulation
MODERE TRIM CHOCOLATE,Blood Pressure Increased,6,39,1929,33,1923,41207,43169,3.45053802152086,8.48732252747397,TRUE,4.15673775649954,0.429233098871719,1.79218169138547,TRUE,1.74270888832264,0.588392728193397,FALSE,1.53519735256751,0.153822989075138,0.76647998263819,TRUE,3,TRUE,no_formulation
MODERE TRIM CHOCOLATE,Chest Discomfort,3,39,586,36,583,42547,43169,5.69072436996965,7.44271866211341,TRUE,6.9921118428003,0.561113932450508,2.32797624655234,TRUE,0.529407676805115,0.636901137963104,FALSE,1.76554047546583,0.28569112094327,0.717918878601929,TRUE,3,TRUE,no_formulation
MODERE TRIM CHOCOLATE,Constipation,5,39,920,34,915,42215,43169,6.04315538741768,16.5625453824211,TRUE,7.351182136949,0.460347343140445,2.98195862907288,TRUE,0.831151984062638,1.24992738624948,TRUE,2.04675631851024,0.181795017047166,1.21106275177158,TRUE,4,TRUE,no_formulation
MODERE TRIM CHOCOLATE,Palpitations,4,39,1189,35,1185,41945,43169,3.73298712539219,5.6385449725096,TRUE,4.48505711621055,0.501257022598982,1.67914958538363,TRUE,1.074173596794,0.353825265284292,FALSE,1.5153303542285,0.222199057451206,0.591425651835142,TRUE,3,TRUE,no_formulation
MODERE TRIM VANILLA,Abdominal Discomfort,3,10,905,7,902,42257,43169,14.3544345898004,25.5642154496715,TRUE,21.8506001846722,0.648212400935744,6.13329474123042,TRUE,0.209641177696959,1.97192740373234,TRUE,2.30219329093678,0.28569112094327,1.25457169407288,TRUE,4,TRUE,no_formulation
MONSTER ENERGY DRINK,Death,3,17,1227,14,1224,41928,43169,6.22145328719723,8.6676363733278,TRUE,8.2651469283733,0.596255241438297,2.56866737956863,TRUE,0.483193958627719,0.768588082547222,FALSE,1.83180696604787,0.28569112094327,0.784185369183968,TRUE,3,TRUE,no_formulation
MOVE FREE,Jaundice,3,6,578,3,575,42588,43169,37.5330434782609,73.8784456155498,TRUE,74.002606429192,0.757092908041642,16.78017642248,TRUE,0.0803354258843151,3.35193557042051,TRUE,2.59239601776652,0.28569112094327,1.54477442090262,TRUE,4,TRUE,no_formulation
MOVE FREE,Pruritus,3,6,1457,3,1454,41709,43169,14.8428473177442,26.9799497807847,TRUE,28.6761773805431,0.75639941054112,6.51120068992436,TRUE,0.202506428223957,2.0217984060635,TRUE,2.31677159029554,0.28569112094327,1.26914999343164,TRUE,4,TRUE,no_formulation
MOVE FREE ADVANCED TRIPLE STRENGTH,Pain,3,4,1848,1,1845,41320,43169,17.5467479674797,33.0904860916913,TRUE,52.243023570848,0.976190049128903,7.71042928846161,TRUE,0.171233987352035,2.26334950280124,TRUE,2.38246724970294,0.28569112094327,1.33484565283904,TRUE,4,TRUE,no_formulation
MULTIVITAMIN,Pyrexia,3,15,505,12,502,42652,43169,17.192828685259,31.1687824527673,TRUE,23.7665671641791,0.606405623943328,7.24075026777287,TRUE,0.175473140448007,2.2281383721896,TRUE,2.3733846136603,0.28569112094327,1.3257630167964,TRUE,4,TRUE,no_formulation
N.O.-XPLODE,Dizziness,3,5,2837,2,2834,40330,43169,9.13846153846154,15.3602377947145,TRUE,19.9198094902099,0.828306632082642,3.92840577939867,TRUE,0.328592276865343,1.32440826452962,TRUE,2.07862064362277,0.28569112094327,1.03099904675887,TRUE,4,TRUE,no_formulation
NAC MARKETING AGELESS MALE,Cerebrovascular Accident,4,15,676,11,672,42482,43169,17.1246031746032,46.1248521277091,TRUE,24.7190884111847,0.557395077044347,8.29026060178143,TRUE,0.234890778104658,2.54533822547408,TRUE,2.61432324855178,0.222199057451206,1.69041854615842,TRUE,4,TRUE,no_formulation
NAC MARKETING AGELESS MALE PERFORMANCE,Cerebrovascular Accident,3,10,676,7,673,42486,43169,19.2387815750372,35.6349072314204,TRUE,29.4388022766642,0.648502842654225,8.25854182870289,TRUE,0.156593852069772,2.39202014596377,TRUE,2.41428177545621,0.28569112094327,1.36666017859231,TRUE,4,TRUE,no_formulation
NAC MARKETING AGELESS MALE SOFTGEL,Dyspnoea,4,16,3460,12,3456,39697,43169,3.12160011574074,4.17047662269079,TRUE,4.13455807898163,0.550033383278745,1.4067963375964,TRUE,1.28240172345896,0.0982792894913815,FALSE,1.33610246866492,0.222199057451206,0.412197766271562,TRUE,3,TRUE,no_formulation
NAC MARKETING AGELESS MALE SOFTGEL,Myocardial Infarction,4,16,646,12,642,42511,43169,16.8041277258567,45.0936454400027,TRUE,23.819673151751,0.551182515599316,8.0864846930115,TRUE,0.239431073223841,2.51775797980638,TRUE,2.60543742493869,0.222199057451206,1.68153272254533,TRUE,4,TRUE,no_formulation
NAC MARKETING AGELESS MALE TABLET,Cerebrovascular Accident,7,27,676,20,669,42473,43169,16.7189281957593,88.7962059341404,TRUE,23.2099856099383,0.428521898167992,10.0209678206831,TRUE,0.422803400588385,2.9603483149819,TRUE,3.02279537004352,0.133310168562317,2.30716673482201,TRUE,4,TRUE,no_formulation
NAC MARKETING AGELESS MALE TABLET,Myocardial Infarction,4,27,646,23,642,42500,43169,9.95546325141341,24.098289204114,TRUE,12.6667604934183,0.516096273073153,4.60633524509729,TRUE,0.404039936065232,1.76371544646447,TRUE,2.3154665910668,0.222199057451206,1.39156188867345,TRUE,4,TRUE,no_formulation
NAC MARKETING SUPER BETA PROSTATE,Blood Urine Present,5,33,574,28,569,42567,43169,11.4863929275177,38.1244121173808,TRUE,14.4245490812193,0.467638021837731,5.76820551511775,TRUE,0.43878709258959,2.17098406403302,TRUE,2.55056170718233,0.181795017047166,1.71486814044366,TRUE,4,TRUE,no_formulation
NAC MARKETING SUPER BETA PROSTATE,Dysuria,4,33,186,29,182,42954,43169,28.7286047286047,79.7013949026916,TRUE,35.90345948456,0.511491211859674,13.174865426646,TRUE,0.142185364497672,3.26817802245378,TRUE,2.80886331013119,0.222199057451206,1.88495860773783,TRUE,4,TRUE,no_formulation
NATROL MELATONIN,Dyspnoea,3,8,3460,5,3457,39704,43169,4.68191350882268,5.85914648371309,TRUE,7.30773680404917,0.683993333238048,1.91229996913978,TRUE,0.641200861729482,0.360667518650395,FALSE,1.61680218063488,0.28569112094327,0.569180583770987,TRUE,3,TRUE,no_formulation
NATROL SLEEP MELATONIN 5MG FAST DISSOLVE,Dizziness,3,3,2837,0,2834,40332,43169,15.2314749470713,28.7920830706916,TRUE,99.6039865937555,1.51198276297138,5.14340840957698,TRUE,0.197155366119206,2.06036661566705,TRUE,2.32780280998818,0.28569112094327,1.28018121312428,TRUE,4,TRUE,no_formulation
NATURAL ACCELERATOR,Abdominal Distension,4,55,715,51,711,42403,43169,4.41007543792354,7.49185953805741,TRUE,5.20753365309172,0.493020042479718,1.98136712437406,TRUE,0.910954620213579,0.591518441978623,FALSE,1.67325341339774,0.222199057451206,0.749348711004383,TRUE,3,TRUE,no_formulation
NATURAL ACCELERATOR,Abdominal Pain Upper,7,55,2004,48,1997,41117,43169,2.74773979150544,6.40611492321302,TRUE,3.18316710320891,0.393035413622452,1.4733330791131,TRUE,2.55322106140981,0.367069413223584,FALSE,1.2965585472843,0.133310168562317,0.58092991206279,TRUE,3,TRUE,no_formulation
NATURAL ACCELERATOR,Cholelithiasis,4,55,115,51,111,43003,43169,28.248321048321,77.0576541996708,TRUE,33.7003352344464,0.500631163369842,12.6324727963158,TRUE,0.146517176677709,3.22498431729061,TRUE,2.79916439624224,0.222199057451206,1.87525969384888,TRUE,4,TRUE,no_formulation
NATURAL ACCELERATOR,Dehydration,5,55,879,50,874,42240,43169,4.48450176825463,10.4271897476374,TRUE,5.26066380222928,0.45031916076919,2.17631191458796,TRUE,1.11990085478005,0.819894755005624,FALSE,1.76352610225227,0.181795017047166,0.927832535513605,TRUE,3,TRUE,no_formulation
NATURAL ACCELERATOR,Diverticulitis,4,55,288,51,284,42830,43169,11.0407170294494,26.9660769666108,TRUE,13.1545549166482,0.495154505469622,4.98416182282054,TRUE,0.366929972897218,1.90258425610606,TRUE,2.37593763325639,0.222199057451206,1.45203293086304,TRUE,4,TRUE,no_formulation
NATURAL ACCELERATOR,Dyspepsia,4,55,737,51,733,42381,43169,4.27771301004589,7.11538745906588,TRUE,5.04872237774733,0.492977301371792,1.92110339541721,TRUE,0.938983993143228,0.54781334949645,FALSE,1.64487445741228,0.222199057451206,0.720969755018923,TRUE,3,TRUE,no_formulation
NATURAL ACCELERATOR,Flatulence,3,55,475,52,472,42642,43169,4.98235747303544,6.0063493270306,TRUE,6.01657848324515,0.553987145754283,2.03135677892544,TRUE,0.605179642799231,0.444034300170339,FALSE,1.66307402872062,0.28569112094327,0.615452431856724,TRUE,3,TRUE,no_formulation
NATURAL ACCELERATOR,Hyponatraemia,3,55,49,52,46,43068,43169,51.1233201581028,95.405772949943,TRUE,61.7469534050179,0.571218434516792,20.1550828069543,TRUE,0.0624290578887628,3.71398783888165,TRUE,2.63761188379153,0.28569112094327,1.58999028692763,TRUE,4,TRUE,no_formulation
NATURAL ACCELERATOR,Muscle Spasms,4,55,623,51,619,42495,43169,5.06553091496549,9.37404277430064,TRUE,5.99386445379534,0.493231623943347,2.27960543248329,TRUE,0.793740878871412,0.790148961194123,FALSE,1.79837631007933,0.222199057451206,0.874471607685975,TRUE,3,TRUE,no_formulation
NATURAL ACCELERATOR,Nausea,12,55,3887,43,3875,39239,43169,2.42753313782991,9.52592042907492,TRUE,2.90948739280212,0.321359645091643,1.54977848468345,TRUE,4.95228057170655,0.485328419117159,FALSE,1.19699638533619,0.0799768352289838,0.642704936533608,TRUE,3,TRUE,no_formulation
NATURAL ACCELERATOR,Nephrolithiasis,3,55,561,52,558,42556,43169,4.21446725317693,4.52355123266422,TRUE,5.07985675917637,0.553692977407476,1.71608378985696,TRUE,0.714749009706039,0.204086910019355,FALSE,1.52669666572323,0.28569112094327,0.47907506885933,TRUE,3,TRUE,no_formulation
NATURAL ACCELERATOR,Pancreatitis,3,55,198,52,195,42919,43169,12.0598601398601,20.1458118079622,TRUE,14.6358056265985,0.556686890189297,4.91535835685846,TRUE,0.252264356366837,1.70531322988398,TRUE,2.2180432824364,0.28569112094327,1.1704216855725,TRUE,4,TRUE,no_formulation
NATURAL ACCELERATOR,Sepsis,3,55,105,52,102,43012,43169,23.055614973262,42.0090441223871,TRUE,27.9756097560976,0.560839773356337,9.31929604923247,TRUE,0.133776552618777,2.61868223512947,TRUE,2.46530873060183,0.28569112094327,1.41768713373793,TRUE,4,TRUE,no_formulation
NATURAL ACCELERATOR,Urticaria,7,55,1254,48,1247,41867,43169,4.40034993074287,15.5121602281623,TRUE,5.1898642646117,0.393417562032607,2.40033694679607,TRUE,1.59767425698997,1.0432981371872,TRUE,1.8380999330946,0.133310168562317,1.12247129787309,TRUE,4,TRUE,no_formulation
NATURAL ACCELERATOR,Vomiting,10,55,3595,45,3585,39529,43169,2.18658552047673,5.77180187899941,TRUE,2.54418973858383,0.342812362537069,1.29939658964657,TRUE,4.58025434918576,0.246510348175736,FALSE,1.04741669367051,0.095214930467079,0.442621127481127,TRUE,3,TRUE,no_formulation
NATURAL ACCELERATOR ARIZONA NUTRITIONAL SUPPLEMENTS,Dehydration,5,31,879,26,874,42264,43169,7.96080312984425,24.2223615096448,TRUE,10.0307345437285,0.469809750825942,3.99413375071013,TRUE,0.631216845421483,1.64671462048061,TRUE,2.28155610944428,0.181795017047166,1.44586254270562,TRUE,4,TRUE,no_formulation
NATURAL ACCELERATOR ARIZONA NUTRITIONAL SUPPLEMENTS,Loss Of Consciousness,3,31,995,28,992,42146,43169,4.20831165452654,4.57022576012739,TRUE,5.21499845331212,0.567303524094639,1.71536156701117,TRUE,0.714517361995877,0.204554332941102,FALSE,1.52697180805228,0.28569112094327,0.479350211188381,TRUE,3,TRUE,no_formulation
NATURAL ACCELERATOR ARIZONA NUTRITIONAL SUPPLEMENTS,Oropharyngeal Swelling,4,31,176,27,172,42966,43169,32.3615903975994,90.4845377962936,TRUE,40.7587351778656,0.514204467095644,14.8771937775412,TRUE,0.126386990664597,3.43766708268456,TRUE,2.84479884650176,0.222199057451206,1.9208941441084,TRUE,4,TRUE,no_formulation
NATURAL ACCELERATOR ARIZONA NUTRITIONAL SUPPLEMENTS,Rash,5,31,1290,26,1285,41853,43169,5.41458516380068,14.22099715328,TRUE,6.75735159214167,0.469420740027747,2.69275918303892,TRUE,0.926359192939378,1.09352944635167,TRUE,1.94709428438826,0.181795017047166,1.11140071764959,TRUE,4,TRUE,no_formulation
NATURAL ACCELERATOR ARIZONA NUTRITIONAL SUPPLEMENTS,Urticaria,8,31,1254,23,1246,41892,43169,8.93450007766789,49.8480716953548,TRUE,12.1561222486793,0.401280908122645,5.53627754557947,TRUE,0.900507308485256,2.14672448432427,TRUE,2.60151332917821,0.117623894052513,1.92930506428396,TRUE,4,TRUE,no_formulation
NATURE MADE CALCIUM 600 MG WITH VITAMIN D3,Cough,3,6,729,3,726,42437,43169,29.7265840220386,57.7688652035152,TRUE,58.4136269786648,0.756854410031923,13.2515504095471,TRUE,0.101322708425027,3.01836317327307,TRUE,2.54114357526852,0.28569112094327,1.49352197840462,TRUE,4,TRUE,no_formulation
NATURE MADE CALCIUM 600 MG WITH VITAMIN D3,Dyspnoea,4,6,3460,2,3456,39707,43169,8.32619598765432,20.6083325592999,TRUE,20.67799797483,0.789009959618411,4.40442939117337,TRUE,0.480900646297111,1.51267098515456,TRUE,2.19774608053082,0.222199057451206,1.27384137813746,TRUE,4,TRUE,no_formulation
NATURE MADE MULTI COMPLETE VITAMIN,Hypersensitivity,3,3,2207,0,2204,40962,43169,19.5852994555354,37.8405284859191,TRUE,130.069176684055,1.51201597739148,6.71615032162404,TRUE,0.153373948898515,2.42192775908525,TRUE,2.42137408366299,0.28569112094327,1.37375248679909,TRUE,4,TRUE,no_formulation
NATURE MADE MULTI COMPLETE VITAMIN,Nausea,3,3,3887,0,3884,39282,43169,11.1138002059732,20.2304733758721,TRUE,70.7883897541511,1.51195144622163,3.6556362919491,TRUE,0.270124394820357,1.60675580093811,TRUE,2.1841915201041,0.28569112094327,1.1365699232402,TRUE,4,TRUE,no_formulation
NATURE MADE SUPER B-COMPLEX WITH VITAMIN C & FOLIC ACID TABLET,Abdominal Pain Upper,4,12,2004,8,2000,41157,43169,7.19283333333333,16.3086704710722,TRUE,10.8919093755973,0.583432475086203,3.47117309078544,TRUE,0.557066413398504,1.30070176737972,TRUE,2.08985898018936,0.222199057451206,1.16595427779601,TRUE,4,TRUE,no_formulation
NATURE MADE SUPER B-COMPLEX WITH VITAMIN C & FOLIC ACID TABLET,Asthenia,3,12,1267,9,1264,41893,43169,8.53579905063291,13.4977357425682,TRUE,12.2059686583006,0.625933015644697,3.57904625508936,TRUE,0.35219717853089,1.22442478465866,TRUE,2.03809574192054,0.28569112094327,0.990474145056641,TRUE,4,TRUE,no_formulation
NATURE MADE SUPER B-COMPLEX WITH VITAMIN C & FOLIC ACID TABLET,Blood Pressure Increased,3,12,1929,9,1926,41231,43169,5.60189511941848,7.5304180115487,TRUE,7.88505197590394,0.625716208000994,2.31304547681733,TRUE,0.536218119483889,0.618472201826083,FALSE,1.75602720592887,0.28569112094327,0.708405609064975,TRUE,3,TRUE,no_formulation
NATURE MADE SUPER B-COMPLEX WITH VITAMIN C & FOLIC ACID TABLET,Constipation,3,12,920,9,917,42240,43169,11.765812431843,20.1291718401228,TRUE,16.9616234045604,0.626171730300359,4.97117760154377,TRUE,0.255739072019273,1.68560375217805,TRUE,2.21139480429951,0.28569112094327,1.16377320743561,TRUE,4,TRUE,no_formulation
NATURE MADE SUPER B-COMPLEX WITH VITAMIN C & FOLIC ACID TABLET,Muscle Spasms,3,12,623,9,620,42537,43169,17.4020161290323,31.7294343242955,TRUE,25.2565842486959,0.626588027194401,7.39625913987409,TRUE,0.173179828117399,2.24708024725731,TRUE,2.37829107009144,0.28569112094327,1.33066947322754,TRUE,4,TRUE,no_formulation
NATURE MADE SUPER B-COMPLEX WITH VITAMIN C & FOLIC ACID TABLET,Staphylococcal Infection,3,12,60,9,57,43100,43169,189.285087719298,370.365156851488,TRUE,276.15881006865,0.639055513663592,78.919416870414,TRUE,0.0166786351316917,5.59664188685194,TRUE,2.76001578796605,0.28569112094327,1.71239419110215,TRUE,4,TRUE,no_formulation
"NATURE'S BOUNTY EXTRA STRENGTH HAIR, SKIN & NAILS",Swollen Tongue,3,3,394,0,391,42775,43169,110.398976982097,225.362241159188,TRUE,764.823754789272,1.51271013151853,39.4381476995872,TRUE,0.0273807593411939,4.89294096114598,TRUE,2.73043807924533,0.28569112094327,1.68281648238144,TRUE,4,TRUE,no_formulation
NATURE'S BOUNTY FISH OIL,Diarrhoea,3,8,3103,5,3100,40061,43169,5.22108870967742,6.94415026139753,TRUE,8.22244212810251,0.684017512771705,2.15155951667258,TRUE,0.575042275707105,0.517686706783174,FALSE,1.70296152758822,0.28569112094327,0.65533993072432,TRUE,3,TRUE,no_formulation
NATURE'S SUNSHINE SUPER OMEGA 3 EPA DIETARY SUPPLEMENT,Arthralgia,3,3,444,0,441,42725,43169,97.8820861678005,199.655318990829,TRUE,677.41449603624,1.51261452346696,34.9374344142055,TRUE,0.0308554749936297,4.72259762276565,TRUE,2.720963875106,0.28569112094327,1.6733422782421,TRUE,4,TRUE,no_formulation
NATUREMADE BURP-LESS FISH OIL,Dyspnoea,5,7,3460,2,3455,39707,43169,8.9232995658466,30.0685223095864,TRUE,25.2804225148314,0.762976251070439,5.66664272536771,TRUE,0.561050754013297,1.81662059852552,TRUE,2.37393795125172,0.181795017047166,1.53824438451306,TRUE,4,TRUE,no_formulation
NATUREMADE CALCIUM,Dyspnoea,5,5,3460,0,3455,39709,43169,12.4931982633864,45.5898249455052,TRUE,126.408479236001,1.47720437260018,6.9880251530575,TRUE,0.400750538580926,2.30169324280833,TRUE,2.61023210424945,0.181795017047166,1.77453853751078,TRUE,4,TRUE,no_formulation
NATUREMADE FISH OIL,Cough,3,12,729,9,726,42431,43169,14.8612258953168,26.4994359781907,TRUE,21.5177672329482,0.626400409879562,6.30368367873588,TRUE,0.202645416850054,2.02081024475273,TRUE,2.31648618597718,0.28569112094327,1.26886458911329,TRUE,4,TRUE,no_formulation
NATUREMADE FISH OIL,Dyspnoea,4,12,3460,8,3456,39701,43169,4.16251929012346,7.28399534788586,TRUE,6.08084512555203,0.583252757393055,1.93860430304686,TRUE,0.961801292594223,0.513187604918176,FALSE,1.62217778705504,0.222199057451206,0.698273084661684,TRUE,3,TRUE,no_formulation
NATUREMADE FISH OIL 1200 MG,Dyspnoea,4,8,3460,4,3456,39705,43169,6.24435763888889,13.8591538530605,TRUE,11.487198032692,0.666902496522405,3.10838813588237,TRUE,0.641200861729482,1.09789177263275,TRUE,1.97937226001959,0.222199057451206,1.05546755762624,TRUE,4,TRUE,no_formulation
NATUREMADE FULL STRENGTH MINI OMEGA 3 SOFTGEL,Dyspnoea,4,5,3460,1,3456,39708,43169,9.99166666666667,26.0598731182402,TRUE,34.464197888037,0.942975812208079,5.42863896169708,TRUE,0.400750538580926,1.77549879487127,TRUE,2.32072548705446,0.222199057451206,1.39682078466111,TRUE,4,TRUE,no_formulation
NATUREMADE IRON,Adverse Event,3,9,193,6,190,42970,43169,75.719298245614,151.075894989033,TRUE,121.459115687462,0.66695806102928,32.8627537021119,TRUE,0.0402372072552063,4.34331400371455,TRUE,2.69569001228127,0.28569112094327,1.64806841541737,TRUE,4,TRUE,no_formulation
NATUREMADE IRON,Nausea,4,9,3887,5,3883,39277,43169,4.94005207886228,9.81223497988598,TRUE,8.2750447698304,0.635864265065596,2.3796427514203,TRUE,0.810373184461072,0.760243483625576,FALSE,1.77994726242834,0.222199057451206,0.856042560034986,TRUE,3,TRUE,no_formulation
NATUREMADE IRON 65 MG,Change Of Bowel Habit,3,5,30,2,27,43137,43169,959.2,1795.16712579337,TRUE,2196.09090909091,0.849765322759401,415.255571966989,TRUE,0.00347471565243578,7.75276108352315,TRUE,2.79736368860124,0.28569112094327,1.74974209173734,TRUE,4,TRUE,no_formulation
NATUREMADE IRON 65 MG,Dyspepsia,3,5,737,2,734,42430,43169,35.2839237057221,69.4971961912272,TRUE,80.8750170183799,0.828914545688881,15.9304512997413,TRUE,0.0853621811948389,3.26473776100376,TRUE,2.57995347715175,0.28569112094327,1.53233188028785,TRUE,4,TRUE,no_formulation
NATUREMADE IRON 65 MG,Malabsorption,3,5,19,2,16,43148,43169,1618.65,2836.64489102602,TRUE,3661.08484848485,0.863911755966444,673.33821215204,TRUE,0.00220065324654266,8.33826604938962,TRUE,2.80101911172278,0.28569112094327,1.75339751485888,TRUE,4,TRUE,no_formulation
NATUREMADE IRON 65 MG,Rash,3,5,1290,2,1287,41877,43169,20.1230769230769,38.1233457341738,TRUE,45.5366990291262,0.828561925214286,8.97584606939,TRUE,0.149412773054738,2.45959198820825,TRUE,2.43014725621763,0.28569112094327,1.38252565935374,TRUE,4,TRUE,no_formulation
NATUREMADE IRON 65 MG,Rash Papular,3,5,60,2,57,43107,43169,454.357894736842,895.709650987394,TRUE,1049.57391304348,0.838527750215529,202.882130661188,TRUE,0.00694943130487155,6.81935883547417,TRUE,2.78744117276219,0.28569112094327,1.73981957589829,TRUE,4,TRUE,no_formulation
NATUREMADE L-LYSINE,Dyspnoea,4,4,3460,0,3456,39709,43169,12.4898726851852,34.2806779207502,TRUE,103.395197454072,1.49081746538891,5.56533000215417,TRUE,0.320600430864741,2.09711705104407,TRUE,2.45517318459708,0.222199057451206,1.53126848220373,TRUE,4,TRUE,no_formulation
NATUREMADE L-LYSINE 1000 MG,Dyspnoea,4,6,3460,2,3456,39707,43169,8.32619598765432,20.6083325592999,TRUE,20.67799797483,0.789009959618411,4.40442939117337,TRUE,0.480900646297111,1.51267098515456,TRUE,2.19774608053082,0.222199057451206,1.27384137813746,TRUE,4,TRUE,no_formulation
NATUREMADE L-LYSINE 1000 MG TABLET,Dyspnoea,4,4,3460,0,3456,39709,43169,12.4898726851852,34.2806779207502,TRUE,103.395197454072,1.49081746538891,5.56533000215417,TRUE,0.320600430864741,2.09711705104407,TRUE,2.45517318459708,0.222199057451206,1.53126848220373,TRUE,4,TRUE,no_formulation
NATUREMADE SUPER B COMPLEX TABLET,Blood Pressure Increased,4,18,1929,14,1925,41226,43169,4.98135642135642,9.46097883655542,TRUE,6.64473177589341,0.540121598652623,2.30524276787196,TRUE,0.804327179225833,0.771042838402198,FALSE,1.78661919886674,0.222199057451206,0.862714496473382,TRUE,3,TRUE,no_formulation
NATUREMADE SUPER B COMPLEX TABLET,Computerised Tomogram Abnormal,3,18,108,15,105,43046,43169,68.4936507936508,134.225888855823,TRUE,92.1343831218468,0.599776890539071,28.4368401218409,TRUE,0.0450323148555677,4.18218859385054,TRUE,2.68294124742276,0.28569112094327,1.63531965055887,TRUE,4,TRUE,no_formulation
NATUREMADE SUPER B COMPLEX TABLET,Diarrhoea,4,18,3103,14,3099,40052,43169,3.09425979706715,4.05477564768642,TRUE,4.01035205900841,0.539940125733217,1.39179793020415,TRUE,1.29384512034099,0.085466056896838,FALSE,1.3268696673511,0.222199057451206,0.402964964957749,TRUE,3,TRUE,no_formulation
NATUREMADE SUPER B COMPLEX TABLET,Pain,4,18,1848,14,1844,41307,43169,5.2001687153531,10.1048333348889,TRUE,6.95015937409447,0.540142666790193,2.41110455463184,TRUE,0.770552943084158,0.83290414495708,FALSE,1.82446850866925,0.222199057451206,0.900563806275892,TRUE,3,TRUE,no_formulation
NATUREMADE SUPER B COMPLEX TABLET,Pyrexia,4,18,505,14,501,42650,43169,19.1399423375471,52.0165487527087,TRUE,26.3935435074088,0.541484259968602,9.13223321528416,TRUE,0.210567768537608,2.70279957380661,TRUE,2.66288084704355,0.222199057451206,1.73897614465019,TRUE,4,TRUE,no_formulation
NATUREMADE SUPER B COMPLEX TABLET,Staphylococcal Infection,6,18,60,12,54,43097,43169,266.364197530864,1200.32484479887,TRUE,411.205504587156,0.502213083164315,153.662011153922,TRUE,0.0250179526975376,6.69116580652674,TRUE,3.63000105724992,0.153822989075138,2.8612836873206,TRUE,4,TRUE,no_formulation
NATUREMADE TRIPLE OMEGA SOFTGEL,Dyspnoea,3,3,3460,0,3457,39709,43169,12.4865490309517,23.0850937646919,TRUE,80.3952277657267,1.51196186953396,4.15166539602023,TRUE,0.240450323148556,1.77441404630854,TRUE,2.24088006867095,0.28569112094327,1.19325847180705,TRUE,4,TRUE,no_formulation
NATUREMADE VITAMIN B6,Adverse Event,3,10,193,7,190,42969,43169,68.1457894736842,135.477628730726,TRUE,105.262117235346,0.65139867608148,29.3623190969564,TRUE,0.0447080080613403,4.19253649341694,TRUE,2.68379993973272,0.28569112094327,1.63617834286883,TRUE,4,TRUE,no_formulation
NATUREMADE VITAMIN B6,Neuropathy Peripheral,10,10,226,0,216,42943,43169,199.810185185185,1714.31705007385,TRUE,4165.42032332564,1.4490963802638,243.311754683051,TRUE,0.052352382496699,6.68818244103832,TRUE,4.24865656537093,0.095214930467079,3.64386099918155,TRUE,4,TRUE,no_formulation
NATUREMADE VITAMIN C,Adverse Event,3,15,193,12,190,42964,43169,45.4252631578947,88.6915874277416,TRUE,63.1499212598425,0.609086943363336,19.138484304155,TRUE,0.0670620120920105,3.61125700141524,TRUE,2.62577650462462,0.28569112094327,1.57815490776072,TRUE,4,TRUE,no_formulation
NATUREMADE VITAMIN C,Dyspnoea,8,15,3460,7,3452,39702,43169,6.66728466589417,35.876429143334,TRUE,13.0329230026551,0.501293551397067,4.87901489601669,TRUE,1.20225161574278,1.72993402567652,TRUE,2.32001853868328,0.117623894052513,1.64781027378904,TRUE,4,TRUE,no_formulation
NATUREMADE VITAMIN C 1000 MG,Dyspnoea,3,7,3460,4,3457,39705,43169,5.35088226786231,7.28591664016267,TRUE,8.93190326986422,0.71291718992027,2.2084961572232,TRUE,0.561050754013297,0.553201896606102,FALSE,1.72186125467203,0.28569112094327,0.674239657808129,TRUE,3,TRUE,no_formulation
NATUREMADE VITAMIN C 500 MG WITH ROSE HIPS TABLET,Cough,3,3,729,0,726,42440,43169,59.4573002754821,120.461334588999,TRUE,408.924294562973,1.51232083586943,21.1022823259238,TRUE,0.0506613542125136,4.01348144724858,TRUE,2.66811765422037,0.28569112094327,1.62049605735647,TRUE,4,TRUE,no_formulation
NEURITERX,Burning Sensation,3,3,564,0,561,42605,43169,76.9447415329768,156.555274820359,TRUE,531.146037399822,1.51245452849421,27.4022775152208,TRUE,0.0391947925594755,4.38085641153614,TRUE,2.69847645363161,0.28569112094327,1.65085485676771,TRUE,4,TRUE,no_formulation
NEURIVA BRAIN PERFORMANCE ORIGINAL,Hallucination,3,14,321,11,318,42837,43169,29.0801886792453,55.5722136347051,TRUE,40.9340659340659,0.613052908737516,12.3095935671309,TRUE,0.104102480946976,2.97944684900594,TRUE,2.53448970545318,0.28569112094327,1.48686810858928,TRUE,4,TRUE,no_formulation
NEW VITALITY SUPER BETA PROSTATE,Dysuria,8,27,186,19,178,42964,43169,71.8135663753641,470.962584542883,TRUE,104.919413919414,0.417797350435979,46.2614852173053,TRUE,0.11633348004355,5.09548089358841,TRUE,3.78567977381444,0.117623894052513,3.1134715089202,TRUE,4,TRUE,no_formulation
NEW VITALITY SUPER BETA PROSTATE,Renal Failure,3,27,352,24,349,42793,43169,13.7351162050302,23.8178488412605,TRUE,17.4917228694053,0.573947045125946,5.67909325452517,TRUE,0.220157983738331,1.90142346074541,TRUE,2.28096958628736,0.28569112094327,1.23334798942346,TRUE,4,TRUE,no_formulation
NEW VITALITY SUPER BETA PROSTATE,Swelling,3,27,827,24,824,42318,43169,5.81742179072276,7.75376516064682,TRUE,7.33232261976956,0.57250947489853,2.38732563874455,TRUE,0.51724617202159,0.670407124930497,FALSE,1.78268607061217,0.28569112094327,0.735064473748276,TRUE,3,TRUE,no_formulation
NIACIN,Burning Sensation,4,16,564,12,560,42593,43169,19.2647321428571,52.5159002969573,TRUE,27.3571097234612,0.551388992729419,9.2836428908448,TRUE,0.209038893650536,2.71329556078098,TRUE,2.66598832903731,0.222199057451206,1.74208362664396,TRUE,4,TRUE,no_formulation
NIACIN,Dizziness,4,16,2837,12,2833,40320,43169,3.80806565478292,6.10488917004737,TRUE,5.12277395447327,0.550090850604166,1.74284356684116,TRUE,1.0514952859691,0.38460006982964,FALSE,1.53626568802353,0.222199057451206,0.612360985630174,TRUE,3,TRUE,no_formulation
NIACIN,Erythema,5,16,719,11,714,42439,43169,18.8869922969188,68.4195308579181,TRUE,28.4074907962394,0.519805585423625,10.2557028183561,TRUE,0.266487525770808,2.88970535018289,TRUE,2.84309740064261,0.181795017047166,2.00740383390395,TRUE,4,TRUE,no_formulation
NIACIN,Fatigue,3,16,1718,13,1715,41438,43169,4.71789358600583,5.68025161258055,TRUE,6.26249770610015,0.600329419874923,1.93079809306655,TRUE,0.636753225694364,0.370704107266402,FALSE,1.6224358241228,0.28569112094327,0.574814227258903,TRUE,3,TRUE,no_formulation
NIACIN,Flushing,5,16,358,11,353,42800,43169,38.2020184135977,145.002358543782,TRUE,57.9060943361417,0.521178397561094,20.8491457473948,TRUE,0.132687808381014,3.8938599763339,TRUE,3.11986591751023,0.181795017047166,2.28417235077157,TRUE,4,TRUE,no_formulation
NIACIN,Hypotension,3,16,270,13,267,42886,43169,30.3040730337079,57.9389406590244,TRUE,41.5653167185878,0.602951071734938,12.7493716264771,TRUE,0.10007181079015,3.03622395763231,TRUE,2.54414785810448,0.28569112094327,1.49652626124058,TRUE,4,TRUE,no_formulation
NIACIN,Paraesthesia,3,16,621,13,618,42535,43169,13.092536407767,22.7197083625954,TRUE,17.8297853229139,0.601189391487612,5.48786441429795,TRUE,0.230165164817346,1.83739115421544,TRUE,2.26106017554012,0.28569112094327,1.21343857867623,TRUE,4,TRUE,no_formulation
NIACIN,Pruritus,4,16,1457,12,1453,41700,43169,7.42481073640743,16.7974290637185,TRUE,10.3282972136223,0.550394583227413,3.51174845039556,TRUE,0.540017141930552,1.34551774081664,TRUE,2.1133176938698,0.222199057451206,1.18941299147645,TRUE,4,TRUE,no_formulation
NIACIN,Rash,4,16,1290,12,1286,41867,43169,8.38899688958009,19.6948715965336,TRUE,11.7157403808784,0.550475621491588,3.98286357276432,TRUE,0.478120873775163,1.52102845197057,TRUE,2.2018403354256,0.222199057451206,1.27793563303224,TRUE,4,TRUE,no_formulation
NIACIN 250 DIETARY SUPPLEMENT TABLET,Dyspnoea,3,3,3460,0,3457,39709,43169,12.4865490309517,23.0850937646919,TRUE,80.3952277657267,1.51196186953396,4.15166539602023,TRUE,0.240450323148556,1.77441404630854,TRUE,2.24088006867095,0.28569112094327,1.19325847180705,TRUE,4,TRUE,no_formulation
NIACIN 500,Dyspnoea,3,6,3460,3,3457,39706,43169,6.24284061324848,9.21729363819079,TRUE,11.4841648590022,0.756136880823564,2.60893171064572,TRUE,0.480900646297111,0.775446731172203,FALSE,1.83517600114611,0.28569112094327,0.787554404282209,TRUE,3,TRUE,no_formulation
NO XPLODE,Alanine Aminotransferase Increased,3,37,468,34,465,42667,43169,7.52083696599826,11.1123389062625,TRUE,9.29879045439686,0.562913366083135,3.08506934588308,TRUE,0.401121174917186,1.03694201837648,TRUE,1.95756189681343,0.28569112094327,0.909940299949528,TRUE,4,TRUE,no_formulation
NO XPLODE,Blood Creatine Phosphokinase Increased,4,37,133,33,129,43003,43169,36.1466582861932,100.973310007652,TRUE,44.6068691292572,0.509723680177877,16.4254087576109,TRUE,0.11399383817091,3.58613278715315,TRUE,2.87362891904835,0.222199057451206,1.949724216655,TRUE,4,TRUE,no_formulation
NO XPLODE,Blood Creatinine Increased,4,37,164,33,160,42972,43169,29.1432432432432,80.6649060209479,TRUE,35.9652671223323,0.508258564888257,13.2814308556228,TRUE,0.140563830526535,3.28468534527024,TRUE,2.8125107577756,0.222199057451206,1.88860605538224,TRUE,4,TRUE,no_formulation
NO XPLODE,Body Temperature Increased,3,37,304,34,301,42831,43169,11.6185687348478,19.400732398757,TRUE,14.4120220155262,0.563950254764436,4.77178391390939,TRUE,0.260557344390651,1.6587113253333,TRUE,2.20222598878601,0.28569112094327,1.15460439192211,TRUE,4,TRUE,no_formulation
NO XPLODE,Colitis Ischaemic,3,37,18,34,15,43117,43169,233.145945945946,400.640214681999,TRUE,282.208976157083,0.615823931357158,84.4055317265896,TRUE,0.0154277374968148,5.70675063660297,TRUE,2.76351283971573,0.28569112094327,1.71589124285183,TRUE,4,TRUE,no_formulation
NO XPLODE,Hepatic Enzyme Increased,4,37,563,33,559,42573,43169,8.34153652758304,19.1344944238705,TRUE,10.221319675083,0.503868799767515,3.80719560189,TRUE,0.482545345039264,1.50774885173918,TRUE,2.19532910620659,0.222199057451206,1.27142440381323,TRUE,4,TRUE,no_formulation
NO XPLODE,Jaundice,3,37,578,34,575,42557,43169,6.08206815511163,8.22855628983366,TRUE,7.50204610987295,0.56254858460658,2.49074178605087,TRUE,0.495401792953277,0.732616745646579,FALSE,1.81400403129384,0.28569112094327,0.766382434429938,TRUE,3,TRUE,no_formulation
NO XPLODE,Paraesthesia,4,37,621,33,617,42515,43169,7.55740505497394,16.8033738170378,TRUE,9.2486434225633,0.503702216118649,3.44602206153722,TRUE,0.532256943640112,1.36638666514672,TRUE,2.12412287837849,0.222199057451206,1.20021817598513,TRUE,4,TRUE,no_formulation
NO XPLODE,Renal Failure,4,37,352,33,348,42784,43169,13.399192295744,34.213278426824,TRUE,16.4911668344076,0.504941364814246,6.12966328347988,TRUE,0.30169797771549,2.18469134049161,TRUE,2.48879426129157,0.222199057451206,1.56488955889821,TRUE,4,TRUE,no_formulation
NO XPLODE,Rhabdomyolysis,5,37,240,32,235,42897,43169,24.8027602070155,90.2270488069077,TRUE,30.8262289727258,0.465679083135861,12.3744630134378,TRUE,0.205703166624198,3.26265889719606,TRUE,2.9622982298723,0.181795017047166,2.12660466313364,TRUE,4,TRUE,no_formulation
NOSE SLAP,Dyspnoea,5,9,3460,4,3455,39705,43169,6.94002251165782,21.5228650127632,TRUE,14.0439717680349,0.635889128062646,4.03840800866265,TRUE,0.721350969445667,1.45424732499004,TRUE,2.17095378348792,0.181795017047166,1.33526021674926,TRUE,4,TRUE,no_formulation
NOSE SLAP,Seizure,3,9,154,6,151,43009,43169,95.2759381898455,190.416353844621,TRUE,152.864432597106,0.667970321424255,41.277998628431,TRUE,0.0321063726285066,4.66588539974213,TRUE,2.71756833527245,0.28569112094327,1.66994673840855,TRUE,4,TRUE,no_formulation
NOSE SLAP,Syncope,3,9,552,6,549,42611,43169,26.2052216150577,50.0745157722039,TRUE,41.7555120039197,0.664382227048834,11.3548197527874,TRUE,0.115082582408673,2.83523601187734,TRUE,2.50850289391909,0.28569112094327,1.46088129705519,TRUE,4,TRUE,no_formulation
NOSE SLAP,Vomiting,4,9,3595,5,3591,39569,43169,5.34174943531669,11.0130518768126,TRUE,9.01435206864693,0.635880579373519,2.59216140219131,TRUE,0.749496166230397,0.872859012940385,FALSE,1.84857852656342,0.222199057451206,0.924673824170063,TRUE,3,TRUE,no_formulation
NOW ASHWAGANDHA,Blood Bilirubin Increased,3,8,364,5,361,42800,43169,44.8348337950139,88.4830472465552,TRUE,75.3435181692443,0.685800323326265,19.6463047006366,TRUE,0.0674558131992865,3.60285305183407,TRUE,2.62477496033027,0.28569112094327,1.57715336346637,TRUE,4,TRUE,no_formulation
NOW ASHWAGANDHA,Diarrhoea,4,8,3103,4,3099,40062,43169,6.96369796708616,16.0330410517652,TRUE,12.9254718502984,0.666927310975923,3.4974089593389,TRUE,0.575042275707105,1.25491096076553,TRUE,2.06553160697293,0.222199057451206,1.14162690457957,TRUE,4,TRUE,no_formulation
NOW ASHWAGANDHA,Pruritus,3,8,1457,5,1454,41707,43169,11.1316196698762,19.0642753539291,TRUE,18.2476014875465,0.684283541757758,4.77234550516703,TRUE,0.270008570965276,1.60737374345053,TRUE,2.18440851240979,0.28569112094327,1.13678691554589,TRUE,4,TRUE,no_formulation
NOW NIACIN,Bronchospasm,3,4,22,1,19,43146,43169,1703.88157894737,3062.82669916317,TRUE,5162.82905982906,1.00184139488941,724.608016436492,TRUE,0.00203849984942899,8.43323586045788,TRUE,2.80148501250586,0.28569112094327,1.75386341564196,TRUE,4,TRUE,no_formulation
NOW NIACIN,Food Allergy,3,4,100,1,97,43068,43169,333.75,671.14161841143,TRUE,1030.69914529915,0.981152679995925,150.6461003895,TRUE,0.0092659084064954,6.42146246987036,TRUE,2.78086387426105,0.28569112094327,1.73324227739715,TRUE,4,TRUE,no_formulation
NOW NIACIN,Rash,3,4,1290,1,1287,41878,43169,25.1544289044289,48.8723881195766,TRUE,75.8963106796116,0.976310160764124,11.1987275526445,TRUE,0.119530218443791,2.78069039164229,TRUE,2.49810836341564,0.28569112094327,1.45048676655174,TRUE,4,TRUE,no_formulation
NUGENIX FREE TESTOSTERONE BOOSTER,Cerebrovascular Accident,4,22,676,18,672,42475,43169,11.6739718614719,29.3773878746581,TRUE,15.3633879232392,0.527054843548053,5.46825623156943,TRUE,0.344506474553499,1.99346981297739,TRUE,2.41374461259204,0.222199057451206,1.48983991019868,TRUE,4,TRUE,no_formulation
NUGENIX FREE TESTOSTERONE BOOSTER,Heart Rate Increased,3,22,1482,19,1479,41668,43169,3.97814862622165,4.17592972508727,TRUE,5.05506018145423,0.58111637385468,1.6183411853494,TRUE,0.75526419421344,0.124579528273037,FALSE,1.47936388332503,0.28569112094327,0.431742286461134,TRUE,3,TRUE,no_formulation
NUGENIX TOTAL-T,Heart Rate Increased,3,11,1482,8,1479,41679,43169,7.95832565000922,12.355333191322,TRUE,11.5999642168459,0.635658116576608,3.33713316595403,TRUE,0.37763209710672,1.12392172854199,TRUE,1.99566672742775,0.28569112094327,0.948045130563852,TRUE,4,TRUE,no_formulation
NURISH BY NATUREMADE MAGNESIUM OXIDE,Nausea,3,3,3887,0,3884,39282,43169,11.1138002059732,20.2304733758721,TRUE,70.7883897541511,1.51195144622163,3.6556362919491,TRUE,0.270124394820357,1.60675580093811,TRUE,2.1841915201041,0.28569112094327,1.1365699232402,TRUE,4,TRUE,no_formulation
NURISH BY NATUREMADE VITAMIN D3,Nausea,3,4,3887,1,3884,39281,43169,8.3351570545829,13.9725708771689,TRUE,23.5955292401425,0.976045000523228,3.4834007864391,TRUE,0.360165859760476,1.19217790312469,TRUE,2.02466814552255,0.28569112094327,0.977046548658649,TRUE,4,TRUE,no_formulation
NUTRAFOL HAIRBIOTIC,Rash,3,5,1290,2,1287,41877,43169,20.1230769230769,38.1233457341738,TRUE,45.5366990291262,0.828561925214286,8.97584606939,TRUE,0.149412773054738,2.45959198820825,TRUE,2.43014725621763,0.28569112094327,1.38252565935374,TRUE,4,TRUE,no_formulation
NUTRAFOL MEN HAIR GROWTH NUTRACEUTICAL,Hepatic Enzyme Increased,6,24,563,18,557,42588,43169,19.3649012567325,87.1419329058428,TRUE,26.8404072233669,0.457949135156235,10.9389321149765,TRUE,0.313002385971415,3.06417654872227,TRUE,2.9991082267502,0.153822989075138,2.23039085682088,TRUE,4,TRUE,no_formulation
NUTRAFOL MEN HAIR GROWTH NUTRACEUTICAL,Hospitalisation,4,24,708,20,704,42441,43169,10.2142518939394,24.9379709555901,TRUE,13.224168671779,0.521963330404491,4.75405523648015,TRUE,0.393615789107925,1.80139269447547,TRUE,2.33219841961043,0.222199057451206,1.40829371721708,TRUE,4,TRUE,no_formulation
NUTRAFOL MEN HAIR GROWTH NUTRACEUTICAL,Renal Failure,3,24,352,21,349,42796,43169,15.4530802292264,27.3712672308762,TRUE,19.9338257311109,0.578887303667207,6.40961341233238,TRUE,0.195695985545183,2.07106666047891,TRUE,2.33082602116553,0.28569112094327,1.28320442430163,TRUE,4,TRUE,no_formulation
NUTRAFOL POSTPARTUM HAIR GROWTH NUTRACEUTICAL,Hepatic Enzyme Increased,3,8,563,5,560,42601,43169,28.9024553571429,55.7452431409145,TRUE,48.3676100883951,0.685083981862512,12.6298842571513,TRUE,0.104334128657138,2.97625071419822,TRUE,2.5339365990608,0.28569112094327,1.4863150021969,TRUE,4,TRUE,no_formulation
NUTRAFOL STRESS ADAPTOGEN,Diarrhoea,3,8,3103,5,3100,40061,43169,5.22108870967742,6.94415026139753,TRUE,8.22244212810251,0.684017512771705,2.15155951667258,TRUE,0.575042275707105,0.517686706783174,FALSE,1.70296152758822,0.28569112094327,0.65533993072432,TRUE,3,TRUE,no_formulation
NUTRAFOL STRESS ADAPTOGEN HAIR WELLNESS BOOSTER,Hepatic Enzyme Increased,3,12,563,9,560,42597,43169,19.2665178571429,35.5658987070116,TRUE,27.9996713460726,0.626725650093683,8.19734645034204,TRUE,0.156501192985707,2.39287218877431,TRUE,2.41448538417715,0.28569112094327,1.36686378731325,TRUE,4,TRUE,no_formulation
NUTRAFOL WOMEN HAIR GROWTH NUTRACEUTICAL,Abdominal Pain,5,43,1676,38,1671,41455,43169,3.00098812854021,4.99809612854017,TRUE,3.54305371565318,0.456524473686995,1.44802566522141,TRUE,1.66943871759828,0.244048727006682,FALSE,1.34210978522096,0.181795017047166,0.506416218482294,TRUE,3,TRUE,no_formulation
NUTRAFOL WOMEN HAIR GROWTH NUTRACEUTICAL,Emergency Care,4,43,140,39,136,42990,43169,29.4979480164159,81.3278457402315,TRUE,35.8802336903603,0.504864284929557,13.3384728085567,TRUE,0.139451921517756,3.29611481234737,TRUE,2.81501720508113,0.222199057451206,1.89111250268777,TRUE,4,TRUE,no_formulation
NUTRAFOL WOMEN HAIR GROWTH NUTRACEUTICAL,Hepatic Enzyme Increased,7,43,563,36,556,42570,43169,12.6268194746528,63.794856848211,TRUE,15.7185319203929,0.403176176436231,7.13216680185812,TRUE,0.560795941532118,2.55314851566379,TRUE,2.8217434345992,0.133310168562317,2.10611479937769,TRUE,4,TRUE,no_formulation
NUTRAFOL WOMEN HAIR GROWTH NUTRACEUTICAL,Hospitalisation,5,43,708,38,703,42423,43169,7.13321644778193,20.7805081980969,TRUE,8.61478322672352,0.457424577106781,3.51460638058012,TRUE,0.705228288818365,1.48684259561223,TRUE,2.19012517761602,0.181795017047166,1.35443161087735,TRUE,4,TRUE,no_formulation
NUTRAFOL WOMEN HAIR GROWTH NUTRACEUTICAL,Nephrolithiasis,7,43,561,36,554,42572,43169,12.6724036604819,64.062239131434,TRUE,15.7759674889139,0.403184212810208,7.15811501289295,TRUE,0.558803771224722,2.55827950860731,TRUE,2.82445535709295,0.133310168562317,2.10882672187144,TRUE,4,TRUE,no_formulation
NUTRAFOL WOMEN'S BALANCE,Abdominal Discomfort,3,21,905,18,902,42246,43169,6.83370288248337,9.84798399157922,TRUE,8.85604551920341,0.583866460425043,2.8199582302949,TRUE,0.440246473163613,0.902778756308567,FALSE,1.89624402717517,0.28569112094327,0.848622430311268,TRUE,3,TRUE,no_formulation
NUTRAFOL WOMEN'S BALANCE,Abdominal Pain,5,21,1676,16,1671,41477,43169,6.14801516058249,17.3336372105377,TRUE,8.27151261342108,0.49299758306972,3.14729115845732,TRUE,0.81530728068753,1.27768418000196,TRUE,2.06403173886348,0.181795017047166,1.22833817212482,TRUE,4,TRUE,no_formulation
NUTRAFOL WOMEN'S BALANCE,Rash,4,21,1290,17,1286,41862,43169,6.39087610160705,13.5600061912675,TRUE,8.36738659707956,0.529307349138649,2.96506571837007,TRUE,0.627533646829901,1.12895844477652,TRUE,1.99675451573074,0.222199057451206,1.07284981333739,TRUE,4,TRUE,no_formulation
NUTRAFOL WOMENS BALANCE HAIR GROWTH NUTRACEUTICAL,Alanine Aminotransferase Increased,7,95,468,88,461,42613,43169,6.88475853407923,29.4362769960473,TRUE,7.82516480893182,0.383175002238679,3.69256668064415,TRUE,1.02990571938196,1.67658765886784,TRUE,2.2934478462011,0.133310168562317,1.57781921097959,TRUE,4,TRUE,no_formulation
NUTRAFOL WOMENS BALANCE HAIR GROWTH NUTRACEUTICAL,Aspartate Aminotransferase Increased,9,95,460,86,451,42623,43169,9.04810362936165,56.1043759499479,TRUE,10.3680922294983,0.345053839562277,5.27209338070592,TRUE,1.01230049340962,2.215689302004,TRUE,2.65118268256259,0.105239993123721,2.01534468622698,TRUE,4,TRUE,no_formulation
NUTRAFOL WOMENS BALANCE HAIR GROWTH NUTRACEUTICAL,Blood Alkaline Phosphatase Increased,3,95,196,92,193,42881,43169,7.04783201527134,9.98869307636105,TRUE,8.38523639918989,0.549287151917084,2.85727899103485,TRUE,0.431328036322361,0.932281377708339,FALSE,1.90999360746431,0.28569112094327,0.862372010600407,TRUE,3,TRUE,no_formulation
NUTRAFOL WOMENS BALANCE HAIR GROWTH NUTRACEUTICAL,Blood Pressure Decreased,3,95,290,92,287,42787,43169,4.73948285347515,5.48031457110214,TRUE,5.63125734430082,0.547746956820735,1.92465881141889,TRUE,0.638189441497371,0.367455486177959,FALSE,1.62061422068479,0.28569112094327,0.572992623820887,TRUE,3,TRUE,no_formulation
NUTRAFOL WOMENS BALANCE HAIR GROWTH NUTRACEUTICAL,Cholelithiasis,3,95,115,92,112,42962,43169,12.1449248120301,20.0467010777383,TRUE,14.4498498498499,0.552663787059433,4.89132388930485,TRUE,0.253075123352406,1.70069020926258,TRUE,2.21648922816723,0.28569112094327,1.16886763130334,TRUE,4,TRUE,no_formulation
NUTRAFOL WOMENS BALANCE HAIR GROWTH NUTRACEUTICAL,Diverticulitis,5,95,288,90,283,42791,43169,8.01078668402455,23.7952933100912,TRUE,9.1731513149561,0.443191393827548,3.848277902494,TRUE,0.633788135004286,1.64085286984458,TRUE,2.27828054196835,0.181795017047166,1.44258697522968,TRUE,4,TRUE,no_formulation
NUTRAFOL WOMENS BALANCE HAIR GROWTH NUTRACEUTICAL,Emergency Care,22,95,140,73,118,42956,43169,84.5341659232828,1465.64236396088,TRUE,110.970033583053,0.257899175164877,66.9387360533907,TRUE,0.308091454515972,5.59453361777474,TRUE,4.79926261419261,0.0444212796734282,4.38616602985252,TRUE,4,TRUE,no_formulation
NUTRAFOL WOMENS BALANCE HAIR GROWTH NUTRACEUTICAL,Hepatic Enzyme Increased,12,95,563,83,551,42523,43169,9.87463941159614,86.2939008218663,TRUE,11.5426897791,0.306288754184912,6.33269793130229,TRUE,1.23896777780352,2.48398198194918,TRUE,2.84562498929455,0.0799768352289838,2.29133354049197,TRUE,4,TRUE,no_formulation
NUTRAFOL WOMENS BALANCE HAIR GROWTH NUTRACEUTICAL,Hospitalisation,21,95,708,74,687,42387,43169,13.8597104113997,234.640231935276,TRUE,17.7929225137279,0.247815625040627,10.9471827664988,TRUE,1.5580624985522,3.17567874797311,TRUE,3.38497796052549,0.0464884631359605,2.96237876508955,TRUE,4,TRUE,no_formulation
NUTRAFOL WOMENS BALANCE HAIR GROWTH NUTRACEUTICAL,Hypersensitivity,11,95,2207,84,2196,40878,43169,2.27118205349439,6.92529270167123,TRUE,2.53282319774466,0.315072330981663,1.36587165552599,TRUE,4.85684171511965,0.346988493890494,FALSE,1.10217928837087,0.0869333569681142,0.524283809820724,TRUE,3,TRUE,no_formulation
NUTRAFOL WOMENS BALANCE HAIR GROWTH NUTRACEUTICAL,Lip Swelling,3,95,307,92,304,42770,43169,4.4744459833795,4.97285980477055,TRUE,5.31475613544579,0.547569675361777,1.81711588340398,TRUE,0.675600546688596,0.28531284525659,FALSE,1.57395698706023,0.28569112094327,0.526335390196329,TRUE,3,TRUE,no_formulation
NUTRAFOL WOMENS BALANCE HAIR GROWTH NUTRACEUTICAL,Liver Disorder,5,95,115,90,110,42964,43169,20.6095693779904,71.6168091321422,TRUE,23.6298842528937,0.449378408871776,9.79361371469023,TRUE,0.253075123352406,2.964108911182,TRUE,2.86856592474693,0.181795017047166,2.03287235800826,TRUE,4,TRUE,no_formulation
NUTRAFOL WOMENS BALANCE HAIR GROWTH NUTRACEUTICAL,Liver Injury,4,95,330,91,326,42748,43169,5.56331934129803,10.6996433982742,TRUE,6.4391584866819,0.486042553425942,2.48371260049466,TRUE,0.726215571359077,0.918360992873147,FALSE,1.87571237119704,0.222199057451206,0.951807668803681,TRUE,3,TRUE,no_formulation
NUTRAFOL WOMENS BALANCE HAIR GROWTH NUTRACEUTICAL,Nephrolithiasis,6,95,561,89,555,42519,43169,4.90173541963016,14.9640621338657,TRUE,5.55897098089697,0.408464241816301,2.49633361590984,TRUE,1.23456647131043,1.08560241584261,TRUE,1.90586459011846,0.153822989075138,1.13714722018914,TRUE,4,TRUE,no_formulation
NUTRAFOL WOMENS BALANCE HAIR GROWTH NUTRACEUTICAL,Palpitations,9,95,1189,86,1180,41894,43169,3.45821587867975,13.633678800931,TRUE,3.89761123066791,0.343066786070914,1.98963849180029,TRUE,2.61657671013922,0.845947392664612,FALSE,1.60796529035452,0.105239993123721,0.97212729401891,TRUE,3,TRUE,no_formulation
NUTRAFOL WOMENS BALANCE HAIR GROWTH NUTRACEUTICAL,Pharyngeal Swelling,3,95,70,92,67,43007,43169,20.3019638648861,35.8633626586047,TRUE,24.1083083083083,0.557999250087601,8.07584892810189,TRUE,0.154045727257986,2.41563665279738,TRUE,2.41989151244159,0.28569112094327,1.37226991557769,TRUE,4,TRUE,no_formulation
NUTRAFOL WOMENS BALANCE HAIR GROWTH NUTRACEUTICAL,Urticaria,7,95,1254,88,1247,41827,43169,2.54520744523699,5.23289227116531,TRUE,2.84144560307055,0.38138993075881,1.345530923124,TRUE,2.75961917116449,0.254933240153472,FALSE,1.20218717470007,0.133310168562317,0.48655853947856,TRUE,3,TRUE,no_formulation
NUTRIBIOTIC CALCIUM ASCORBATE CRYSTALLINE POWDER,Dysuria,3,3,186,0,183,42983,43169,235.879781420765,480.640841265816,TRUE,1639.69754768392,1.51366678689072,84.392638763873,TRUE,0.0129259422270611,5.95591980509788,TRUE,2.77053247667702,0.28569112094327,1.72291087981312,TRUE,4,TRUE,no_formulation
NUTRIDIET,Abdominal Distension,4,15,715,11,711,42443,43169,16.1852789498359,43.2874454079127,TRUE,23.3426930245348,0.557321977022624,7.82976837328211,TRUE,0.248442169149158,2.46453351248463,TRUE,2.58796225032651,0.222199057451206,1.66405754793315,TRUE,4,TRUE,no_formulation
NUTRIDIET,Abdominal Pain Upper,4,15,2004,11,2000,41154,43169,5.75386666666667,11.8421529682814,TRUE,8.0499549025787,0.55650958452839,2.70447471641206,TRUE,0.696333016748129,0.978952062698932,FALSE,1.91130596078933,0.222199057451206,0.987401258395977,TRUE,3,TRUE,no_formulation
NUTRIDIET,Blood Pressure Increased,3,15,1929,12,1926,41228,43169,4.48120456905504,5.23028705064921,TRUE,5.9922034778095,0.605192214775771,1.82993868883596,TRUE,0.670272649354861,0.296729428991669,FALSE,1.58051023494345,0.28569112094327,0.532888638079553,TRUE,3,TRUE,no_formulation
NUTRIGOLD GARCINIA CAMBOGIA GOLD,Rash,3,5,1290,2,1287,41877,43169,20.1230769230769,38.1233457341738,TRUE,45.5366990291262,0.828561925214286,8.97584606939,TRUE,0.149412773054738,2.45959198820825,TRUE,2.43014725621763,0.28569112094327,1.38252565935374,TRUE,4,TRUE,no_formulation
NUTRILITE ALL PLANT PROTEIN POWDER,Dizziness,3,7,2837,4,2834,40328,43169,6.52717007762879,9.68400885493834,TRUE,11.0660120342604,0.712961499804842,2.73593677887368,TRUE,0.460029187611481,0.839413328309034,FALSE,1.86620474842136,0.28569112094327,0.818583151557464,TRUE,3,TRUE,no_formulation
NUTRILITE CAL MAG D,Abdominal Pain Upper,3,15,2004,12,2001,41153,43169,4.31324337831085,4.9010656841586,TRUE,5.75717212090932,0.605176181177954,1.75821851284816,TRUE,0.696333016748129,0.24172780871658,FALSE,1.54873588140462,0.28569112094327,0.501114284540725,TRUE,3,TRUE,no_formulation
NUTRILITE CAL MAG D,Dizziness,4,15,2837,11,2833,40321,43169,4.06203082715614,6.86597476976016,TRUE,5.56837065850346,0.556377987561025,1.87124060234468,TRUE,0.98577683059603,0.47767796453545,FALSE,1.59870756764615,0.222199057451206,0.674802865252796,TRUE,3,TRUE,no_formulation
NUTRILITE CHEWABLE VITAMIN E,Dizziness,3,5,2837,2,2834,40330,43169,9.13846153846154,15.3602377947145,TRUE,19.9198094902099,0.828306632082642,3.92840577939867,TRUE,0.328592276865343,1.32440826452962,TRUE,2.07862064362277,0.28569112094327,1.03099904675887,TRUE,4,TRUE,no_formulation
NUTRILITE CHEWABLE VITAMIN E,Nausea,3,5,3887,2,3884,39280,43169,6.66797116374871,10.2573699402214,TRUE,14.1569571373407,0.828249465455796,2.79222067876519,TRUE,0.450207324700595,0.870525639412634,FALSE,1.88104068909697,0.28569112094327,0.833419092233074,TRUE,3,TRUE,no_formulation
NUTRILITE CHEWABLE VITAMIN E,Vomiting,3,5,3595,2,3592,39572,43169,7.21002227171492,11.3749540306752,TRUE,15.4214335421016,0.828261983600498,3.04154266522131,TRUE,0.416386759016887,0.983101354281858,FALSE,1.93332640382691,0.28569112094327,0.885704806963013,TRUE,3,TRUE,no_formulation
NUTRILITE DOUBLE X MULTIVITAMIN 31 DAY REFILL,Macular Degeneration,3,3,289,0,286,42880,43169,150.93006993007,308.300533491491,TRUE,1047.69109947644,1.51301950011692,53.9914579961847,TRUE,0.0200838564710788,5.33356692023981,TRUE,2.75053875991949,0.28569112094327,1.70291716305559,TRUE,4,TRUE,no_formulation
NUTRILITE DOUBLE X TABLET,Dyspnoea,3,7,3460,4,3457,39705,43169,5.35088226786231,7.28591664016267,TRUE,8.93190326986422,0.71291718992027,2.2084961572232,TRUE,0.561050754013297,0.553201896606102,FALSE,1.72186125467203,0.28569112094327,0.674239657808129,TRUE,3,TRUE,no_formulation
NUTRILITE GARLIC HEART CARE FORMULA,Headache,3,7,2348,4,2345,40817,43169,7.88827292110874,12.4768421924481,TRUE,13.5352566380066,0.713012871944635,3.34609051847039,TRUE,0.380736176422896,1.11212218777811,TRUE,1.99057309083829,0.28569112094327,0.94295149397439,TRUE,4,TRUE,no_formulation
NUTRILITE GLUCOSE HEALTH,Hepatic Enzyme Increased,3,10,563,7,560,42599,43169,23.1208928571429,43.6323940352068,TRUE,35.4679155515908,0.648733546860184,9.94540612617467,TRUE,0.130417660821423,2.65527279578304,TRUE,2.47297506523667,0.28569112094327,1.42535346837277,TRUE,4,TRUE,no_formulation
NUTRILITE GLUCOSE HEALTH,Hypersensitivity,3,10,2207,7,2204,40955,43169,5.87463702359347,8.15498226693936,TRUE,8.66979662810917,0.647708000099571,2.43595201982052,TRUE,0.511246496328384,0.6872278651518,FALSE,1.79122021790759,0.28569112094327,0.743598621043691,TRUE,3,TRUE,no_formulation
NUTRILITE INTESTIFLORA 7,Headache,4,8,2348,4,2344,40817,43169,9.20669795221843,22.8337739737023,TRUE,17.4098955001066,0.667004852993664,4.71010047278878,TRUE,0.435127058769024,1.65686444626748,TRUE,2.26669069432176,0.222199057451206,1.34278599192841,TRUE,4,TRUE,no_formulation
NUTRILITE INTESTIFLORA 7,Vomiting,3,8,3595,5,3592,39569,43169,4.50595072383074,5.50707081454603,TRUE,7.00921110900234,0.68398545102355,1.83420963621385,TRUE,0.666218814427019,0.30547688641976,FALSE,1.58551641922111,0.28569112094327,0.537894822357213,TRUE,3,TRUE,no_formulation
NUTRILITE LIVER SUPPORT TABLET,Abdominal Pain Upper,3,6,2004,3,2001,41162,43169,10.7853573213393,18.5826183414605,TRUE,20.5658256307769,0.756275406625449,4.67080274664928,TRUE,0.278533206699252,1.56258589308557,TRUE,2.16852444120054,0.28569112094327,1.12090284433664,TRUE,4,TRUE,no_formulation
NUTRILITE MILK THISTLE & DANDELION,Dyspnoea,3,4,3460,1,3457,39708,43169,9.36469482210009,16.107676583586,TRUE,26.7977343938298,0.976061146765655,3.95601616020795,TRUE,0.320600430864741,1.35989279706171,TRUE,2.09260310521237,0.28569112094327,1.04498150834847,TRUE,4,TRUE,no_formulation
NUTRILITE NATURAL B COMPLEX TABLET,Asthenia,3,3,1267,0,1264,41902,43169,34.1503164556962,68.0735488354029,TRUE,231.963226571768,1.51212730186728,11.9748586717626,TRUE,0.0880492946327226,3.22020039100222,TRUE,2.57334591946614,0.28569112094327,1.52572432260224,TRUE,4,TRUE,no_formulation
NUTRILITE SLIMMETRY,Chest Pain,3,22,1313,19,1310,41837,43169,4.49136016655101,5.16929901618848,TRUE,5.73009910094992,0.581191282220928,1.83418072886995,TRUE,0.669137575575066,0.299173375574289,FALSE,1.58191021637826,0.28569112094327,0.534288619514367,TRUE,3,TRUE,no_formulation
NUTRILITE SLIMMETRY,Heart Rate Increased,3,22,1482,19,1479,41668,43169,3.97814862622165,4.17592972508727,TRUE,5.05506018145423,0.58111637385468,1.6183411853494,TRUE,0.75526419421344,0.124579528273037,FALSE,1.47936388332503,0.28569112094327,0.431742286461134,TRUE,3,TRUE,no_formulation
NUTRILITE SLIMMETRY,Hepatic Enzyme Increased,3,22,563,19,560,42587,43169,10.5065746753247,17.304465866479,TRUE,13.6376632585375,0.582068672396115,4.35785831484976,TRUE,0.28691885380713,1.51984455908777,TRUE,2.15306814264277,0.28569112094327,1.10544654577887,TRUE,4,TRUE,no_formulation
NUTRILITE SLIMMETRY,Hypersensitivity,4,22,2207,18,2203,40944,43169,3.5610118433541,5.28908645016295,TRUE,4.51984251099295,0.526074636381252,1.61183110211013,TRUE,1.12474229192244,0.287478753104324,FALSE,1.46971409785503,0.222199057451206,0.545809395461678,TRUE,3,TRUE,no_formulation
NUTRILITE SLIMMETRY,Malaise,4,22,1895,18,1891,41256,43169,4.14855055045431,6.95920263113974,TRUE,5.30550614055769,0.526145603252706,1.89174520774506,TRUE,0.965739303666983,0.50729478347536,FALSE,1.61829647283544,0.222199057451206,0.694391770442087,TRUE,3,TRUE,no_formulation
NUTRILITE SLIMMETRY,Yellow Skin,3,22,65,19,62,43085,43169,94.8980938416422,184.079665878055,TRUE,123.732717948718,0.594154480468541,38.6126891551361,TRUE,0.0331256225532211,4.6212689753578,TRUE,2.71480749581735,0.28569112094327,1.66718589895346,TRUE,4,TRUE,no_formulation
NUTRILITE SLIMMETRY TABLET,Nausea,3,6,3887,3,3884,39279,43169,5.55651390319259,7.81352207434021,TRUE,10.1118548075685,0.756116038310404,2.29726904057233,TRUE,0.540248789640715,0.607675150331517,FALSE,1.75042631229099,0.28569112094327,0.702804715427092,TRUE,3,TRUE,no_formulation
NUTRILITE VITAMIN C PLUS,Headache,3,5,2348,2,2345,40819,43169,11.0440938166311,19.3059283699158,TRUE,24.3646557237263,0.82835085086945,4.804561977511,TRUE,0.27195441173064,1.59702727495797,TRUE,2.18076736622899,0.28569112094327,1.13314576936509,TRUE,4,TRUE,no_formulation
OCUVITE ADULT,Macular Degeneration,3,16,289,13,286,42867,43169,28.2908653846154,53.8364510909769,TRUE,38.7916101092366,0.602745459443974,11.9033858926267,TRUE,0.107113901179087,2.93843940124558,TRUE,2.52731580977092,0.28569112094327,1.47969421290702,TRUE,4,TRUE,no_formulation
OCUVITE ADULT 50+,Death,6,58,1227,52,1221,41890,43169,3.65254596289079,9.27376393185563,TRUE,4.24596222443132,0.416816878532751,1.87574775872598,TRUE,1.64854409414163,0.66851555468439,FALSE,1.59708033258303,0.153822989075138,0.828362962653712,TRUE,3,TRUE,no_formulation
OCUVITE ADULT 50+,Macular Degeneration,11,58,289,47,278,42833,43169,29.4108781939965,265.458507314939,TRUE,37.235963337428,0.334100529487202,19.345077858098,TRUE,0.38828789177419,3.99063089326142,TRUE,3.69446272490688,0.0869333569681142,3.11656724635673,TRUE,4,TRUE,no_formulation
OCUVITE ADULT 50+,Visual Impairment,3,58,307,55,304,42807,43169,7.33512931034483,10.6550065879198,TRUE,8.86558972765869,0.554111664174603,2.99252825000349,TRUE,0.412471912715143,0.996718341241911,FALSE,1.93950286574739,0.28569112094327,0.891881268883489,TRUE,3,TRUE,no_formulation
OKINAWA LIFE,Hypersensitivity,4,17,2207,13,2203,40949,43169,4.60890229900403,8.39624346022144,TRUE,6.19461462824295,0.544770171798679,2.12959276120417,TRUE,0.869119043758252,0.659317571849112,FALSE,1.71667710826288,0.222199057451206,0.792772405869529,TRUE,3,TRUE,no_formulation
OKINAWA LIFE,Malaise,3,17,1895,14,1892,41260,43169,4.0248725282925,4.3123517112568,TRUE,5.26257914635813,0.596013792454406,1.6362944528216,TRUE,0.746253098288124,0.141887960107283,FALSE,1.48975783077066,0.28569112094327,0.44213623390676,TRUE,3,TRUE,no_formulation
OMEGA Q PLUS RESVERATROL,Atrial Fibrillation,3,13,449,10,446,42710,43169,22.3297688858227,41.8059394446032,TRUE,31.8854050018664,0.619043969404483,9.47656777451709,TRUE,0.135212768421784,2.60331548660543,TRUE,2.46204310453707,0.28569112094327,1.41442150767317,TRUE,4,TRUE,no_formulation
OMEGAPLEX,Abdominal Pain,11,62,1676,51,1665,41442,43169,4.59340308049986,28.3489006862218,TRUE,5.5563797570921,0.327106324579509,2.92653279875644,TRUE,2.40709768583938,1.35960810874811,TRUE,1.98398240556388,0.0869333569681142,1.40608692701373,TRUE,4,TRUE,no_formulation
OMEGAPLEX,Atrial Fibrillation,3,62,449,59,446,42661,43169,4.67673224359902,5.40072235550062,TRUE,5.62038073908175,0.552072540884959,1.90472421418891,TRUE,0.644860895550047,0.352460294317503,FALSE,1.61218260538743,0.28569112094327,0.564561008523528,TRUE,3,TRUE,no_formulation
OMEGAPLEX,Blood Potassium Decreased,3,62,213,59,210,42897,43169,9.93248847926267,15.8372708902505,TRUE,11.9875646220483,0.554341874306255,4.0445073766287,TRUE,0.305913966040446,1.4274688244454,TRUE,2.1186571823998,0.28569112094327,1.0710355855359,TRUE,4,TRUE,no_formulation
OMEGAPLEX,Blood Pressure Increased,9,62,1929,53,1920,41187,43169,3.25909778225806,12.4212430690255,TRUE,3.80821047867694,0.352845183650952,1.9070982160599,TRUE,2.77046028400009,0.763512814455517,FALSE,1.53843381878658,0.105239993123721,0.902595822450964,TRUE,3,TRUE,no_formulation
OMEGAPLEX,Chest Pain,6,62,1313,56,1307,41800,43169,3.19177135523361,7.15467783764072,TRUE,3.677940405083,0.415131317061067,1.6301883194241,TRUE,1.88575134934791,0.474606499118746,FALSE,1.44599602957395,0.153822989075138,0.677278659644632,TRUE,3,TRUE,no_formulation
OMEGAPLEX,Convulsion,7,62,820,55,813,42294,43169,5.98637067015832,24.5537970515989,TRUE,7.02578115915547,0.390645941214641,3.26715756686792,TRUE,1.17769695846557,1.48319213484499,TRUE,2.16040844955773,0.133310168562317,1.44477981433623,TRUE,4,TRUE,no_formulation
OMEGAPLEX,Dehydration,7,62,879,55,872,42235,43169,5.58132953536549,22.2130904343315,TRUE,6.54154727793696,0.390539575358651,3.04261139023028,TRUE,1.26243369084297,1.38298120594051,TRUE,2.08932161650367,0.133310168562317,1.37369298128217,TRUE,4,TRUE,no_formulation
OMEGAPLEX,Diarrhoea,11,62,3103,51,3092,40015,43169,2.4734851646288,8.84269424658543,TRUE,2.88940986257074,0.326683869755575,1.52310634389219,TRUE,4.45657763673006,0.471061531766636,FALSE,1.21421762792379,0.0869333569681142,0.636322149373641,TRUE,3,TRUE,no_formulation
OMEGAPLEX,Headache,8,62,2348,54,2340,40767,43169,2.37700578990902,5.35087412617224,TRUE,2.71661352059565,0.36938796833767,1.31703850268826,TRUE,3.37223470545994,0.242233981252029,FALSE,1.13429644077084,0.117623894052513,0.462088175876597,TRUE,3,TRUE,no_formulation
OMEGAPLEX,Hypoaesthesia,5,62,611,57,606,42501,43169,5.73658575534973,15.1902235395244,TRUE,6.70298577009929,0.448198415173464,2.78454412540438,TRUE,0.877527855637147,1.17162637425599,TRUE,1.99735012613252,0.181795017047166,1.16165655939385,TRUE,4,TRUE,no_formulation
OMEGAPLEX,Palpitations,5,62,1189,57,1184,41923,43169,2.93612412816042,4.70206468384495,TRUE,3.38545708150568,0.447300321050004,1.40885920078712,TRUE,1.70766058977507,0.211397269367741,FALSE,1.31691323233982,0.181795017047166,0.481219665601158,TRUE,3,TRUE,no_formulation
OMEGAPLEX,Paraesthesia,6,62,621,56,615,42492,43169,6.7831628638867,24.1908650162931,TRUE,7.94235207004881,0.416165228995367,3.51319406264238,TRUE,0.891890013667215,1.55451454702065,TRUE,2.22339450336679,0.153822989075138,1.45467713343748,TRUE,4,TRUE,no_formulation
OMEGAPLEX,Tachycardia,3,62,352,59,349,42758,43169,5.97656899898327,7.94446711391005,TRUE,7.19658335437179,0.55263516527198,2.43620488961236,TRUE,0.505547962658389,0.703387991468655,FALSE,1.79937302505966,0.28569112094327,0.751751428195757,TRUE,3,TRUE,no_formulation
OMEGAPLEX,Urticaria,5,62,1254,57,1249,41858,43169,2.7833234329399,4.17167564978803,TRUE,3.20436696417698,0.447251267526937,1.33362669757807,TRUE,1.80101461697051,0.134623723857559,FALSE,1.25716147046691,0.181795017047166,0.421467903728246,TRUE,3,TRUE,no_formulation
OMEGAPLEX,Vomiting,13,62,3595,49,3582,39525,43169,2.52332901064462,11.3888923746547,TRUE,3.00898306159995,0.307539475647085,1.64678482514477,TRUE,5.1631958118094,0.576250645419467,FALSE,1.25327108855862,0.0740509093030578,0.719910072755415,TRUE,3,TRUE,no_formulation
OMNI DROP PROGRAM,Loss Of Consciousness,3,21,995,18,992,42156,43169,6.21370967741936,8.59878648195822,TRUE,8.03582272448771,0.583780453233703,2.55921276672862,TRUE,0.484027890384304,0.766102090660271,FALSE,1.83058381037548,0.28569112094327,0.78296221351158,TRUE,3,TRUE,no_formulation
ONE A DAY ESSENTIAL (MULTIVITAMINS) TABLET,Death,3,13,1227,10,1224,41932,43169,8.13650075414781,12.6473719875599,TRUE,11.4148632094733,0.617893913762113,3.40023390734886,TRUE,0.36950126248002,1.15529488494885,TRUE,2.00909489467781,0.28569112094327,0.961473297813907,TRUE,4,TRUE,no_formulation
ONE A DAY MEN'S HEALTH FORMULA,Prostate Cancer,4,30,97,26,93,43046,43169,61.8480286738351,175.308050855647,TRUE,78.1794975279992,0.520265787013707,28.1989992769203,TRUE,0.0674094836572541,4.34106346864791,TRUE,2.98746283237417,0.222199057451206,2.06355812998082,TRUE,4,TRUE,no_formulation
"ONE A DAY MEN'S HEALTH FORMULA (MULTIVITAMINS, MINERALS, LYCOPENE) FILM-COATED TABLET",Cough,4,43,729,39,725,42401,43169,5.53340817963111,10.7887865414883,TRUE,6.65823657189716,0.498939497075185,2.50410968509551,TRUE,0.726146077046028,0.918498990935642,FALSE,1.87579413654424,0.222199057451206,0.95188943415089,TRUE,3,TRUE,no_formulation
"ONE A DAY MEN'S HEALTH FORMULA (MULTIVITAMINS, MINERALS, LYCOPENE) FILM-COATED TABLET",Regurgitation,3,43,81,40,78,43048,43169,38.5742397137746,72.7532782495985,TRUE,47.3916017928757,0.568478431301727,15.552591960328,TRUE,0.0806828974495587,3.34573553388872,TRUE,2.59153247322304,0.28569112094327,1.54391087635914,TRUE,4,TRUE,no_formulation
"ONE A DAY MEN'S HEALTH FORMULA (MULTIVITAMINS, MINERALS, LYCOPENE) FILM-COATED TABLET",Throat Irritation,6,43,777,37,771,42355,43169,7.80490453352638,29.417010083995,TRUE,9.51603370058328,0.426418346788089,4.12554517295731,TRUE,0.773958164423545,1.75903987177651,TRUE,2.35112181650425,0.153822989075138,1.58240444657493,TRUE,4,TRUE,no_formulation
ONE A DAY VITACRAVES GUMMIES,Abdominal Pain,3,11,1676,8,1673,41485,43169,7.03548334510678,10.4709042149416,TRUE,10.2075080405631,0.635596569681064,2.93689897813381,TRUE,0.427065718455373,0.94659728346349,FALSE,1.91661140373705,0.28569112094327,0.868989806873148,TRUE,3,TRUE,no_formulation
ONE A DAY WEIGHT SMART ADVANCED,Blood Pressure Increased,3,15,1929,12,1926,41228,43169,4.48120456905504,5.23028705064921,TRUE,5.9922034778095,0.605192214775771,1.82993868883596,TRUE,0.670272649354861,0.296729428991669,FALSE,1.58051023494345,0.28569112094327,0.532888638079553,TRUE,3,TRUE,no_formulation
ONE A DAY WEIGHT SMART ADVANCED,Heart Rate Increased,6,15,1482,9,1476,41678,43169,11.6948509485095,49.9911747125497,TRUE,19.3138289340011,0.509716178153979,7.11195844480269,TRUE,0.514952859690982,2.34653218441779,TRUE,2.67902699631625,0.153822989075138,1.91030962638693,TRUE,4,TRUE,no_formulation
ONE A DAY WEIGHT SMART ADVANCED,Hypersensitivity,3,15,2207,12,2204,40950,43169,3.91597096188748,4.12935832469399,TRUE,5.20124291222499,0.605138267704913,1.58855788469038,TRUE,0.766869744492576,0.102589326553393,FALSE,1.46608672325757,0.28569112094327,0.418465126393668,TRUE,3,TRUE,no_formulation
ONE A DAY WEIGHTSMART ADVANCED,Dyspnoea,3,8,3460,5,3457,39704,43169,4.68191350882268,5.85914648371309,TRUE,7.30773680404917,0.683993333238048,1.91229996913978,TRUE,0.641200861729482,0.360667518650395,FALSE,1.61680218063488,0.28569112094327,0.569180583770987,TRUE,3,TRUE,no_formulation
ONE A DAY WEIGHTSMART ADVANCED,Heart Rate Increased,3,8,1482,5,1479,41682,43169,10.9434584178499,18.6760743316983,TRUE,17.9285077882577,0.684275063433968,4.68896996898897,TRUE,0.274641525168524,1.58286019413211,TRUE,2.17575417688911,0.28569112094327,1.12813258002521,TRUE,4,TRUE,no_formulation
ONE A DAY WEIGHTSMART ADVANCED,Nausea,3,8,3887,5,3884,39277,43169,4.16719232749743,4.83286282053869,TRUE,6.4344890532302,0.683970292330347,1.68386317702327,TRUE,0.720331719520953,0.192867579969309,FALSE,1.52008155700901,0.28569112094327,0.472459960145109,TRUE,3,TRUE,no_formulation
ONE A DAY WOMEN'S,Asthma,3,136,168,133,165,42868,43169,5.75307486631016,7.38996582793689,TRUE,6.79089582131098,0.547056254550253,2.32414587603082,TRUE,0.529268688179017,0.637279700773564,FALSE,1.76573527850075,0.28569112094327,0.718113681636855,TRUE,3,TRUE,no_formulation
ONE A DAY WOMEN'S,Breast Cancer,4,136,160,132,156,42877,43169,8.11331070889895,17.9291936578761,TRUE,9.30490083790464,0.485986101289566,3.58948405409114,TRUE,0.50406541731335,1.44484634797666,TRUE,2.16407173398726,0.222199057451206,1.2401670315939,TRUE,4,TRUE,no_formulation
ONE A DAY WOMEN'S,Coeliac Disease,7,136,460,129,453,42580,43169,4.88947863913777,17.8492755175382,TRUE,5.43782166163644,0.378528595549553,2.58949403553185,TRUE,1.44918807477588,1.18399471528384,TRUE,1.94401729441462,0.133310168562317,1.22838865919311,TRUE,4,TRUE,no_formulation
ONE A DAY WOMEN'S,Cough,8,136,729,128,721,42312,43169,3.51089173533491,12.0292605857681,TRUE,3.87925339287207,0.356144345813375,1.9301540006328,TRUE,2.29664805763395,0.796340104367017,FALSE,1.6037641310377,0.117623894052513,0.93155586614345,TRUE,3,TRUE,no_formulation
ONE A DAY WOMEN'S,Pharyngeal Injury,3,136,129,133,126,42907,43169,7.53378851540616,10.85174904589,TRUE,8.89261446906782,0.548756199698163,3.03332369048873,TRUE,0.406402742708888,1.01808610039029,TRUE,1.94913079028949,0.28569112094327,0.901509193425591,TRUE,4,TRUE,no_formulation
ONE A DAY WOMEN'S,Skin Discolouration,3,136,148,133,145,42888,43169,6.54660243407708,8.92943252086501,TRUE,7.72795603433852,0.547814832699586,2.64091998511706,TRUE,0.466260511014849,0.820016910975321,FALSE,1.85687081413618,0.28569112094327,0.809249217272284,TRUE,3,TRUE,no_formulation
ONE A DAY WOMEN'S,Thrombosis,3,136,230,133,227,42806,43169,4.18175045348536,4.3872362307663,TRUE,4.93304523192164,0.545549161627241,1.69330143419747,TRUE,0.72459403738794,0.184360138011969,FALSE,1.51505135839327,0.28569112094327,0.467429761529368,TRUE,3,TRUE,no_formulation
ONE A DAY WOMEN'S (MULTIVITAMINS + MINERALS) FILM-COATED TABLET,Coeliac Disease,3,46,460,43,457,42666,43169,6.15398154314528,8.33857944129424,TRUE,7.50368695433704,0.557594854175226,2.51559304636423,TRUE,0.490166554703607,0.747933075989649,FALSE,1.82161179737438,0.28569112094327,0.773990200510486,TRUE,3,TRUE,no_formulation
ONE A DAY WOMEN'S (MULTIVITAMINS + MINERALS) FILM-COATED TABLET,Pharyngeal Injury,3,46,129,43,126,42997,43169,22.3203933747412,40.7704613847513,TRUE,27.348371268911,0.562699908448053,9.07719437315701,TRUE,0.137459751210359,2.57959757947165,TRUE,2.45694876291437,0.28569112094327,1.40932716605048,TRUE,4,TRUE,no_formulation
ONE A DAY WOMEN'S (MULTIVITAMINS + MINERALS) FILM-COATED TABLET,Urinary Tract Infection,3,46,312,43,309,42814,43169,9.10151962853525,14.2497330863231,TRUE,11.1303548548827,0.55853125767958,3.72458256500479,TRUE,0.332460793625055,1.30754020645105,TRUE,2.0719006897156,0.28569112094327,1.02427909285171,TRUE,4,TRUE,no_formulation
ONE A DAY WOMEN'S 50 PLUS ADVANTAGE,Constipation,4,22,920,18,916,42231,43169,8.56431123461691,20.0332703791935,TRUE,11.2084310169417,0.526679278838401,3.99232943147441,TRUE,0.468854965368667,1.54924159813505,TRUE,2.21557238157059,0.222199057451206,1.29166767917723,TRUE,4,TRUE,no_formulation
ONE A DAY WOMEN'S 50 PLUS HEALTHY ADVANTAGE,Cough,6,27,729,21,723,42419,43169,13.2601813431689,56.794648001667,TRUE,17.7256392536282,0.449180949978799,7.3493911634885,TRUE,0.455952187912622,2.5219651667591,TRUE,2.76542934961982,0.153822989075138,1.9967119796905,TRUE,4,TRUE,no_formulation
ONE A DAY WOMEN'S 50+ HEALTHY ADVANTAGE (MULTIVITAMINS + MINERALS) FILM-COATED TABLET,Throat Irritation,4,28,777,24,773,42368,43169,7.97283311772316,18.149067537784,TRUE,10.060723190375,0.514154622672561,3.67258579168515,TRUE,0.503972758229285,1.44511139243706,TRUE,2.16420487767227,0.222199057451206,1.24030017527891,TRUE,4,TRUE,no_formulation
ONE A DAY WOMEN'S ACTIVE METABOLISM,Dizziness,4,18,2837,14,2833,40318,43169,3.38479036749422,4.85982897780477,TRUE,4.41596538945985,0.539968019784562,1.53248278063001,TRUE,1.18293219671524,0.214727586059491,FALSE,1.41894794802648,0.222199057451206,0.49504324563313,TRUE,3,TRUE,no_formulation
ONE A DAY WOMEN'S MINIGELS COMPLETE MULTIVITAMIN,Cough,3,7,729,4,726,42436,43169,25.4793388429752,48.8225500938517,TRUE,45.4317504014682,0.713678173302214,11.2166803686455,TRUE,0.118209826495865,2.79666949178087,TRUE,2.50118643081065,0.28569112094327,1.45356483394675,TRUE,4,TRUE,no_formulation
ONE A DAY WOMEN'S PRENATAL,Abortion Spontaneous,3,7,245,4,242,42920,43169,76.4380165289256,153.25564837998,TRUE,137.660252004582,0.715600110513213,33.859258957903,TRUE,0.039727582292849,4.36154603902008,TRUE,2.69705160011745,0.28569112094327,1.64943000325356,TRUE,4,TRUE,no_formulation
ONE A DAY WOMEN'S PRENATAL (MULTIVITAMINS + MINERALS) FILM-COATED TABLET,Abortion Spontaneous,4,13,245,9,241,42915,43169,55.0986275135653,160.064750343592,TRUE,84.1755475645636,0.575890153128838,27.2256561616601,TRUE,0.0737797956867196,4.21142293347985,TRUE,2.97135592845971,0.222199057451206,2.04745122606636,TRUE,4,TRUE,no_formulation
ONE A DAY WOMEN'S PRENATAL 1,Abortion Spontaneous,4,8,245,4,241,42920,43169,89.545643153527,264.400946072951,TRUE,177.724637681159,0.669782449817651,47.8208516574908,TRUE,0.0454029511918275,4.90767685250328,TRUE,3.04453058958898,0.222199057451206,2.12062588719562,TRUE,4,TRUE,no_formulation
ONE A DAY WOMENS (MULTIVITAMINS + MINERALS) FILM-COATED TABLET,Throat Irritation,7,19,777,12,770,42380,43169,20.6459330143541,112.968826011667,TRUE,33.0023361453602,0.463308523150865,13.3097073623929,TRUE,0.341981514512729,3.26613931161517,TRUE,3.15503013085453,0.133310168562317,2.43940149563302,TRUE,4,TRUE,no_formulation
ONE-A-DAY WOMEN'S ACTIVE MIND AND BODY,Nausea,3,5,3887,2,3884,39280,43169,6.66797116374871,10.2573699402214,TRUE,14.1569571373407,0.828249465455796,2.79222067876519,TRUE,0.450207324700595,0.870525639412634,FALSE,1.88104068909697,0.28569112094327,0.833419092233074,TRUE,3,TRUE,no_formulation
ONE-A-DAY WOMEN'S PRENATAL SINGLE,Abortion Spontaneous,3,8,245,5,242,42919,43169,66.8817148760331,133.483819454065,TRUE,112.628491096532,0.686789253195864,29.311729985547,TRUE,0.0454029511918275,4.17045259852093,TRUE,2.68196051020427,0.28569112094327,1.63433891334037,TRUE,4,TRUE,no_formulation
ONNIT ALPHA BRAIN,Dizziness,3,11,2837,8,2834,40324,43169,4.15326874959902,4.67708365854573,TRUE,5.85789588370187,0.635404547721339,1.68606525246671,TRUE,0.722903009103755,0.187729372093009,FALSE,1.51704493669915,0.28569112094327,0.469423339835253,TRUE,3,TRUE,no_formulation
ONNIT ALPHA BRAIN,Nausea,6,11,3887,5,3881,39277,43169,6.06563444285681,22.5693511149585,TRUE,11.9590013232935,0.579609720322082,3.83991100983092,TRUE,0.99045611434131,1.40334275589957,TRUE,2.12468582154684,0.153822989075138,1.35596845161752,TRUE,4,TRUE,no_formulation
ONNIT ALPHA BRAIN,Vomiting,6,11,3595,5,3589,39569,43169,6.5591327034626,25.0283779303058,TRUE,13.0279856652611,0.579627637356123,4.18300387108792,TRUE,0.916050869837152,1.5159673378819,TRUE,2.19856662479394,0.153822989075138,1.42984925486462,TRUE,4,TRUE,no_formulation
OPMS KRATOM,Dependence,6,10,444,4,438,42721,43169,59.1219178082192,286.22546672864,TRUE,140.727099961992,0.615119732407084,42.14802716166,TRUE,0.102851583312099,4.6665480516725,TRUE,3.43056494585281,0.153822989075138,2.66184757592349,TRUE,4,TRUE,no_formulation
OSTEO BI-FLEX ONE PER DAY COATED TABLETS,Dyspnoea,3,6,3460,3,3457,39706,43169,6.24284061324848,9.21729363819079,TRUE,11.4841648590022,0.756136880823564,2.60893171064572,TRUE,0.480900646297111,0.775446731172203,FALSE,1.83517600114611,0.28569112094327,0.787554404282209,TRUE,3,TRUE,no_formulation
OSTEO BI-FLEX TRIPLE STRENGTH,Cough,3,8,729,5,726,42435,43169,22.2939049586777,42.1170807319704,TRUE,37.1705562159795,0.684786459561846,9.71174023902943,TRUE,0.135096944566703,2.60454869089969,TRUE,2.46230618762633,0.28569112094327,1.41468459076243,TRUE,4,TRUE,no_formulation
OSTEO BI-FLEX TRIPLE STRENGTH,Dyspnoea,4,8,3460,4,3456,39705,43169,6.24435763888889,13.8591538530605,TRUE,11.487198032692,0.666902496522405,3.10838813588237,TRUE,0.641200861729482,1.09789177263275,TRUE,1.97937226001959,0.222199057451206,1.05546755762624,TRUE,4,TRUE,no_formulation
OXY ELITE PRO,Abdominal Pain,3,10,1676,7,1673,41486,43169,7.73921099820681,11.9532008707158,TRUE,11.5687879693258,0.64781885841577,3.24977517458771,TRUE,0.388241562232157,1.08398449449704,TRUE,1.97833093807031,0.28569112094327,0.930709341206407,TRUE,4,TRUE,no_formulation
OXYELITE,Blood Bilirubin Increased,3,9,364,6,361,42799,43169,39.8522622345337,78.1090890787265,TRUE,63.7507181615066,0.66509402045747,17.3119353656458,TRUE,0.0758877898491973,3.4337430126876,TRUE,2.60349528305256,0.28569112094327,1.55587368618866,TRUE,4,TRUE,no_formulation
OXYELITE PRO,Abdominal Pain,10,80,1676,70,1666,41423,43169,3.23296818727491,13.7203486174463,TRUE,3.70204467255236,0.331732864355385,1.93225722677753,TRUE,3.10593249785726,0.806860070324179,FALSE,1.54194503264136,0.095214930467079,0.937149466451986,TRUE,3,TRUE,no_formulation
OXYELITE PRO,Alanine Aminotransferase Increased,11,80,468,69,457,42632,43169,12.9644146608315,108.36092995885,TRUE,15.4192318276526,0.321798476660226,8.20620467657098,TRUE,0.86728902684797,2.83195144757281,TRUE,3.07224371419178,0.0869333569681142,2.49434823564163,TRUE,4,TRUE,no_formulation
OXYELITE PRO,Aspartate Aminotransferase Increased,9,80,460,71,451,42638,43169,10.7483647450111,69.4745011633041,TRUE,12.5476306639097,0.348550518989035,6.33679321739461,TRUE,0.852463573397577,2.46352476628066,TRUE,2.81233777572153,0.105239993123721,2.17649977938592,TRUE,4,TRUE,no_formulation
OXYELITE PRO,Back Pain,4,80,480,76,476,42613,43169,4.52615546218488,7.76141108880007,TRUE,5.26060119745695,0.487253753475017,2.02430809259342,TRUE,0.889527207023559,0.625845755406141,FALSE,1.69533091857445,0.222199057451206,0.771426216181091,TRUE,3,TRUE,no_formulation
OXYELITE PRO,Blood Alkaline Phosphatase Increased,5,80,196,75,191,42898,43169,14.0998036649215,47.4167638750641,TRUE,16.3188318088289,0.447558329029883,6.78765446132458,TRUE,0.36322360953462,2.44341166755841,TRUE,2.67162538983321,0.181795017047166,1.83593182309455,TRUE,4,TRUE,no_formulation
OXYELITE PRO,Blood Bilirubin Increased,17,80,364,63,347,42742,43169,26.387355907781,375.12444683039,TRUE,33.8976377952756,0.275303436952863,19.7617962983627,TRUE,0.674558131992865,4.00575268758374,TRUE,3.89716489902917,0.0571196923718409,3.42873026088244,TRUE,4,TRUE,no_formulation
OXYELITE PRO,Blood Glucose Increased,3,80,406,77,403,42686,43169,4.0095223325062,4.10538159150339,TRUE,4.77763920534037,0.548743339710831,1.62972222888523,TRUE,0.752391762607427,0.13007435526882,FALSE,1.48266899751701,0.28569112094327,0.43504740065311,TRUE,3,TRUE,no_formulation
OXYELITE PRO,Body Temperature Increased,3,80,304,77,301,42788,43169,5.36823089700997,6.7170364286263,TRUE,6.40923340287808,0.549506716857631,2.18301403070371,TRUE,0.56336723111492,0.547261174168669,FALSE,1.71871500814732,0.28569112094327,0.671093411283426,TRUE,3,TRUE,no_formulation
OXYELITE PRO,Chromaturia,12,80,441,68,429,42660,43169,15.0660839160839,141.342993513051,TRUE,18.1251752589584,0.311368382694399,9.84555259548725,TRUE,0.817253121452895,3.08405877643939,TRUE,3.24632359135066,0.0799768352289838,2.69203214254808,TRUE,4,TRUE,no_formulation
OXYELITE PRO,Depression,3,80,369,77,366,42723,43169,4.41485655737705,4.87422163863762,TRUE,5.26452493068697,0.548971247701755,1.79500402527536,TRUE,0.683824040399361,0.267867042882624,FALSE,1.56390026246613,0.28569112094327,0.516278665602228,TRUE,3,TRUE,no_formulation
OXYELITE PRO,Faeces Discoloured,4,80,283,76,279,42810,43169,7.72204301075269,17.0251900953314,TRUE,9.00989161317479,0.488769162216491,3.45677296223861,TRUE,0.52445041580764,1.38768925691284,TRUE,2.13507484295901,0.222199057451206,1.21117014056565,TRUE,4,TRUE,no_formulation
OXYELITE PRO,Fatigue,17,80,1718,63,1701,41388,43169,5.38295855379189,58.1117854874693,TRUE,6.70366119750753,0.27111393667664,3.94035377012909,TRUE,3.18376612847182,1.76761367936434,TRUE,2.24810154509338,0.0571196923718409,1.77966690694665,TRUE,4,TRUE,no_formulation
OXYELITE PRO,Hepatic Enzyme Increased,14,80,563,66,549,42540,43169,13.7351092896175,150.967525614497,TRUE,16.880342348136,0.292995656029315,9.505573249502,TRUE,1.04334128657138,3.02120916012552,TRUE,3.23192386776223,0.0689423524703631,2.71728910285594,TRUE,4,TRUE,no_formulation
OXYELITE PRO,Hepatic Necrosis,3,80,34,77,31,43058,43169,52.1237903225807,94.5059142001557,TRUE,61.7326164874552,0.574792803960683,20.0097274085022,TRUE,0.0630081771641687,3.70073925417414,TRUE,2.63612714069892,0.28569112094327,1.58850554383503,TRUE,4,TRUE,no_formulation
OXYELITE PRO,Hepatitis,9,80,197,71,188,42901,43169,25.7846409574468,182.437740683304,TRUE,30.2397840885905,0.352955409190526,15.1403870035663,TRUE,0.365076791215919,3.68618494193752,TRUE,3.45702740461153,0.105239993123721,2.82118940827592,TRUE,4,TRUE,no_formulation
OXYELITE PRO,Hepatitis Acute,6,80,77,74,71,43018,43169,45.5165492957747,201.866815894212,TRUE,52.4935936546675,0.425767815172733,22.786909327926,TRUE,0.142694989460029,4.19552316440285,TRUE,3.33823358806227,0.153822989075138,2.56951621813295,TRUE,4,TRUE,no_formulation
OXYELITE PRO,Hepatomegaly,3,80,89,77,86,43003,43169,18.7888081395349,33.1888719354442,TRUE,22.451948536267,0.556957322497468,7.53637315835735,TRUE,0.164933169635618,2.31732633078916,TRUE,2.39607366983541,0.28569112094327,1.34845207297151,TRUE,4,TRUE,no_formulation
OXYELITE PRO,International Normalised Ratio Increased,5,80,167,75,162,42927,43169,16.6238425925926,57.0676507481504,TRUE,19.2441161487519,0.448598212407462,7.98809943148382,TRUE,0.309481340776946,2.67417978154432,TRUE,2.76436188794286,0.181795017047166,1.9286683212042,TRUE,4,TRUE,no_formulation
OXYELITE PRO,Jaundice,15,80,578,65,563,42526,43169,14.3502442273535,170.959108312502,TRUE,17.8589581202544,0.285624652729836,10.2029910598404,TRUE,1.07113901179087,3.11072032334066,TRUE,3.30238547682745,0.0644929642612418,2.80463436280963,TRUE,4,TRUE,no_formulation
OXYELITE PRO,Liver Function Test Abnormal,5,80,495,75,490,42599,43169,5.49604591836735,14.1809672542909,TRUE,6.32675807224686,0.443988091471359,2.65003088008776,TRUE,0.917324932243045,1.10766301374736,TRUE,1.95626107393385,0.181795017047166,1.12056750719519,TRUE,4,TRUE,no_formulation
OXYELITE PRO,Liver Injury,5,80,330,75,325,42764,43169,8.28634615384615,24.9608486370186,TRUE,9.57079785556607,0.44515030656267,3.99971045245857,TRUE,0.611549954828697,1.69235466210392,TRUE,2.30685883179813,0.181795017047166,1.47116526505947,TRUE,4,TRUE,no_formulation
OXYELITE PRO,Malaise,14,80,1895,66,1881,41208,43169,4.00881180223285,29.7680269466329,TRUE,4.77561096469582,0.290790077025123,2.70086843935679,TRUE,3.51177928606176,1.2705530007168,TRUE,1.85373875898387,0.0689423524703631,1.33910399407759,TRUE,4,TRUE,no_formulation
OXYELITE PRO,Nausea,19,80,3887,61,3868,39221,43169,2.64571807135471,19.5053299090764,TRUE,3.21470476046366,0.260434652513354,1.92954380141669,TRUE,7.20331719520953,0.789520619908556,FALSE,1.33992238727244,0.051258886511035,0.896170048212926,TRUE,3,TRUE,no_formulation
OXYELITE PRO,Renal Disorder,3,80,258,77,255,42834,43169,6.33661764705882,8.61750609019361,TRUE,7.5712770658418,0.550049771850892,2.57606798940667,TRUE,0.478120873775163,0.783804197988221,FALSE,1.83927025604089,0.28569112094327,0.791648659176991,TRUE,3,TRUE,no_formulation
OXYELITE PRO,Serum Ferritin Increased,3,80,33,77,30,43059,43169,53.86125,97.5156127048205,TRUE,63.758117398202,0.575697507763845,20.6296506415153,TRUE,0.0611549954828697,3.74357019661442,TRUE,2.64088370719815,0.28569112094327,1.59326211033425,TRUE,4,TRUE,no_formulation
OXYELITE PRO,Transaminases Increased,4,80,59,76,55,43034,43169,39.1718181818182,105.486916760829,TRUE,45.6115527291998,0.503324321720354,17.0073459118705,TRUE,0.109337719196646,3.64611229406527,TRUE,2.88461104756539,0.222199057451206,1.96070634517203,TRUE,4,TRUE,no_formulation
OXYELITE PRO,Weight Decreased,4,80,662,76,658,42431,43169,3.27424012158055,4.2856235167677,TRUE,3.79038813703158,0.486658286613171,1.46026537501943,TRUE,1.22680627301999,0.162202546882118,FALSE,1.38181876260004,0.222199057451206,0.457914060206681,TRUE,3,TRUE,no_formulation
OXYELITE PRO (REVISED FORMULA),Hepatic Failure,3,6,169,3,166,42997,43169,130.009036144578,262.167243554884,TRUE,258.243243243243,0.75990646437617,58.2349257677903,TRUE,0.0234890778104658,5.111145527617,TRUE,2.74112358017677,0.28569112094327,1.69350198331287,TRUE,4,TRUE,no_formulation
OXYELITE PRO (REVISED FORMULA),Liver Injury,6,6,330,0,324,42839,43169,133.219135802469,653.659227722763,TRUE,1716.22033898305,1.46865624326716,96.4778489727841,TRUE,0.0458662466121522,5.82563424113879,TRUE,3.57382032156928,0.153822989075138,2.80510295163996,TRUE,4,TRUE,no_formulation
OXYELITE PRO ENERGY SUPPLEMENT,Liver Function Test Abnormal,3,3,495,0,492,42674,43169,87.7357723577236,178.784434903267,TRUE,606.541116751269,1.5125369998003,31.2869162810988,TRUE,0.0343996849591142,4.56737142880471,TRUE,2.71136385963461,0.28569112094327,1.66374226277071,TRUE,4,TRUE,no_formulation
OXYLIFE PHENOCANE,Alanine Aminotransferase Increased,3,7,468,4,465,42697,43169,39.7806451612903,78.2956987410827,TRUE,71.3408521303258,0.714218563342917,17.5947531363098,TRUE,0.0758877898491973,3.4337430126876,TRUE,2.60349528305256,0.28569112094327,1.55587368618866,TRUE,4,TRUE,no_formulation
OXYLIFE PHENOCANE,Aspartate Aminotransferase Increased,3,7,460,4,457,42705,43169,40.4770240700219,79.727703832232,TRUE,72.6019429265331,0.714244857506055,17.9048524523757,TRUE,0.074590562672288,3.45850426769476,TRUE,2.6067487193368,0.28569112094327,1.5591271224729,TRUE,4,TRUE,no_formulation
OXYLIFE PHENOCANE,Liver Function Test Abnormal,4,7,495,3,491,42671,43169,50.2321792260693,147.411879350131,TRUE,111.624327859323,0.714139013622495,27.5341361950831,TRUE,0.0802659315712664,4.09040303552067,TRUE,2.95513886810359,0.222199057451206,2.03123416571024,TRUE,4,TRUE,no_formulation
PATRIOT HEALTH ALLIANCE ULTIMATE MALE,Blood Pressure Increased,4,6,1929,2,1925,41238,43169,14.9482251082251,40.7864214667414,TRUE,38.5506621656713,0.789155128622603,8.20898449482424,TRUE,0.268109059741944,2.35477020246003,TRUE,2.55054193020303,0.222199057451206,1.62663722780968,TRUE,4,TRUE,no_formulation
PATRIOT POWER GREENS,Abdominal Discomfort,7,68,905,61,898,42203,43169,4.94083256910782,18.4789279187907,TRUE,5.72817840031489,0.388239818548739,2.67633288261139,TRUE,1.42556000833932,1.20770509961037,TRUE,1.96161251148451,0.133310168562317,1.245983876263,TRUE,4,TRUE,no_formulation
PATRIOT POWER GREENS,Blood Glucose Increased,4,68,406,64,402,42699,43169,6.30684811237928,12.9359816746353,TRUE,7.40132890365449,0.490136705133255,2.83202392418445,TRUE,0.639532998216313,1.10164731575295,TRUE,1.98148229915262,0.222199057451206,1.05757759675927,TRUE,4,TRUE,no_formulation
PATRIOT POWER GREENS,Flatulence,3,68,475,65,472,42629,43169,4.02863285144566,4.15352984138548,TRUE,4.82097823013854,0.550564547839095,1.6386460900275,TRUE,0.748222103824504,0.138088142292889,FALSE,1.48748025742746,0.28569112094327,0.439858660563565,TRUE,3,TRUE,no_formulation
PATRIOT POWER GREENS,Muscular Weakness,3,68,233,65,230,42871,43169,8.26745524296675,12.4828771836358,TRUE,9.93858356377606,0.552578665530995,3.36480606167067,TRUE,0.367022631981283,1.16499607292467,TRUE,2.01321336418873,0.28569112094327,0.965591767324833,TRUE,4,TRUE,no_formulation
PATRIOT POWER GREENS,Rash,7,68,1290,61,1283,41818,43169,3.45819769840906,10.1427881801239,TRUE,3.97336741189773,0.387809912703827,1.85801092592878,TRUE,2.03201371354444,0.696427791772419,FALSE,1.56660537709464,0.133310168562317,0.850976741873133,TRUE,3,TRUE,no_formulation
PERFORMIX SST,Chest Pain,3,7,1313,4,1310,41852,43169,14.1206106870229,25.3431976120189,TRUE,24.8393318919836,0.713248532352688,6.1377684829148,TRUE,0.212907410410248,1.94965967896121,TRUE,2.29556829962492,0.28569112094327,1.24794670276103,TRUE,4,TRUE,no_formulation
PERFORMIX SST,Dyspnoea,3,7,3460,4,3457,39705,43169,5.35088226786231,7.28591664016267,TRUE,8.93190326986422,0.71291718992027,2.2084961572232,TRUE,0.561050754013297,0.553201896606102,FALSE,1.72186125467203,0.28569112094327,0.674239657808129,TRUE,3,TRUE,no_formulation
PHENIBUT,Anxiety,4,10,1125,6,1121,42038,43169,15.400178412132,41.353875183195,TRUE,25.9505812956549,0.613990086840318,7.78947481492734,TRUE,0.260603673932683,2.3956794161547,TRUE,2.56470818871581,0.222199057451206,1.64080348632246,TRUE,4,TRUE,no_formulation
PHENIBUT,Dependence,3,10,444,7,441,42718,43169,29.3598639455782,56.4637083491505,TRUE,45.1535673839185,0.649104023845008,12.65212774014,TRUE,0.102851583312099,2.99682940802431,TRUE,2.53748014976932,0.28569112094327,1.48985855290542,TRUE,4,TRUE,no_formulation
PHILLIP'S COLON HEALTH,Abdominal Distension,3,14,715,11,712,42443,43169,12.9880617977528,22.5665128388055,TRUE,18.1299466056445,0.611635411792865,5.4671621134548,TRUE,0.231879357872547,1.82670220282772,TRUE,2.25767716098113,0.28569112094327,1.21005556411723,TRUE,4,TRUE,no_formulation
PHILLIP'S COLON HEALTH,Diarrhoea,4,14,3103,10,3099,40056,43169,3.97870280735721,6.66007474983045,TRUE,5.53865830894384,0.563744547539324,1.83457523610646,TRUE,1.00632398248743,0.447926385606945,FALSE,1.57889290098165,0.222199057451206,0.654988198588293,TRUE,3,TRUE,no_formulation
PHILLIP'S COLON HEALTH,Haematochezia,4,14,638,10,634,42521,43169,19.4479495268139,53.2155228650307,TRUE,28.7210401891253,0.564853856412632,9.49263659915788,TRUE,0.206907734717042,2.7280549215109,TRUE,2.67033116892239,0.222199057451206,1.74642646652904,TRUE,4,TRUE,no_formulation
PHILLIPS COLON HEALTH,Haematochezia,4,10,638,6,634,42525,43169,27.2296529968454,77.1934466824154,TRUE,46.3998908892526,0.614546935148321,13.9124638026763,TRUE,0.147791239083602,3.21252255593259,TRUE,2.79632413949035,0.222199057451206,1.872419437097,TRUE,4,TRUE,no_formulation
PHILLIPS' COLON HEALTH,Abdominal Distension,4,28,715,24,711,42430,43169,8.66807313642757,20.2262621206411,TRUE,10.9534183314928,0.514264132603572,3.99759881266012,TRUE,0.463758715745095,1.56499727034821,TRUE,2.22318109424066,0.222199057451206,1.29927639184731,TRUE,4,TRUE,no_formulation
PHILLIPS' COLON HEALTH,Constipation,5,28,920,23,915,42226,43169,8.41939890710383,26.1048904986483,TRUE,10.7949730992249,0.474855087799145,4.25614831512661,TRUE,0.596724501378304,1.72773981251736,TRUE,2.32623045425664,0.181795017047166,1.49053688751797,TRUE,4,TRUE,no_formulation
PHILLIPS' COLON HEALTH,Flatulence,4,28,475,24,471,42670,43169,13.0849256900212,33.4586296489753,TRUE,16.6223515917502,0.514959100241404,6.05829516519865,TRUE,0.308091454515972,2.1544718568282,TRUE,2.47733451930524,0.222199057451206,1.55342981691189,TRUE,4,TRUE,no_formulation
PHILLIPS' COLON HEALTH,Haematochezia,3,28,638,25,635,42506,43169,7.27913385826772,10.6818603242961,TRUE,9.18052791533608,0.57142546489042,2.99543900136467,TRUE,0.413815469434085,0.992030555969063,FALSE,1.93738015167269,0.28569112094327,0.889758554808796,TRUE,3,TRUE,no_formulation
PHILLIPS' COLON HEALTH,Rectal Haemorrhage,3,28,309,25,306,42835,43169,15.1053921568627,26.5921542854946,TRUE,19.1823241531523,0.572901352635893,6.24076385042038,TRUE,0.200421598832496,2.0367026250824,TRUE,2.32105944424135,0.28569112094327,1.27343784737745,TRUE,4,TRUE,no_formulation
PHILLIPS' COLON HEALTH (BIFIDOBACTERIUM + LACTOBACILLUS) CAPSULE,Abdominal Distension,7,53,715,46,708,42408,43169,8.0431723696834,36.6593767155212,TRUE,9.65431283720718,0.395314713184337,4.44859316635875,TRUE,0.877828997660358,1.90700450422808,TRUE,2.44449374931956,0.133310168562317,1.72886511409806,TRUE,4,TRUE,no_formulation
PHILLIPS' COLON HEALTH (BIFIDOBACTERIUM + LACTOBACILLUS) CAPSULE,Colitis,3,53,134,50,131,42985,43169,18.6299870373038,33.298812326326,TRUE,22.6554606030945,0.559592791508811,7.56550453048762,TRUE,0.164516203757326,2.32097058791921,TRUE,2.39697863791708,0.28569112094327,1.34935704105318,TRUE,4,TRUE,no_formulation
PHILLIPS' COLON HEALTH (BIFIDOBACTERIUM + LACTOBACILLUS) CAPSULE,Constipation,4,53,920,49,916,42200,43169,3.55244294306666,5.08946432596825,TRUE,4.18593463274314,0.493496754092699,1.59118078102597,TRUE,1.12951423475179,0.281372647355164,FALSE,1.46548304653299,0.222199057451206,0.541578344139639,TRUE,3,TRUE,no_formulation
PHILLIPS' COLON HEALTH (BIFIDOBACTERIUM + LACTOBACILLUS) CAPSULE,Diverticulitis,4,53,288,49,284,42832,43169,11.4578793515812,28.221213069525,TRUE,13.6866911647228,0.49594609351273,5.17774466994041,TRUE,0.353587064791865,1.95597243572677,TRUE,2.39831478251742,0.222199057451206,1.47441008012406,TRUE,4,TRUE,no_formulation
PHILLIPS' COLON HEALTH (BIFIDOBACTERIUM + LACTOBACILLUS) CAPSULE,Dysgeusia,3,53,211,50,208,42908,43169,11.7333091436865,19.5046797253757,TRUE,14.2631004107605,0.557077853075796,4.78651801656553,TRUE,0.259051634274595,1.66706148557384,TRUE,2.20508498904049,0.28569112094327,1.15746339217659,TRUE,4,TRUE,no_formulation
PHILLIPS' COLON HEALTH (BIFIDOBACTERIUM + LACTOBACILLUS) CAPSULE,Flatulence,4,53,475,49,471,42645,43169,6.90878500180267,14.7693875683365,TRUE,8.22240431890485,0.494538757157956,3.11916924421797,TRUE,0.583173110333804,1.23466683124357,TRUE,2.05466117173507,0.222199057451206,1.13075646934172,TRUE,4,TRUE,no_formulation
PHILLIPS' COLON HEALTH (BIFIDOBACTERIUM + LACTOBACILLUS) CAPSULE,Haematochezia,6,53,638,47,632,42484,43169,7.72319082875567,28.8637698519669,TRUE,9.19157062617017,0.420123018994789,4.03435206660182,TRUE,0.783293567143089,1.74174999879763,TRUE,2.34058847802173,0.153822989075138,1.57187110809241,TRUE,4,TRUE,no_formulation
PHILLIPS' COLON HEALTH (BIFIDOBACTERIUM + LACTOBACILLUS) CAPSULE,Rectal Haemorrhage,3,53,309,50,306,42810,43169,7.97558268590455,11.9542135974011,TRUE,9.68047098347681,0.555699799719571,3.25743132596389,TRUE,0.379369454932938,1.11730562056732,TRUE,1.99281359581368,0.28569112094327,0.945191998949779,TRUE,4,TRUE,no_formulation
PHILLIPS' COLON HEALTH (BIFIDOBACTERIUM + LACTOBACILLUS) CAPSULE,Stomach Discomfort,3,53,97,50,94,43022,43169,25.9630670413489,47.766210275395,TRUE,31.5529886321966,0.562246849831899,10.4820522560755,TRUE,0.119090087794482,2.78599711791041,TRUE,2.49913365636236,0.28569112094327,1.45151205949847,TRUE,4,TRUE,no_formulation
PHILLIPS' COLON HEALTH BIFIDOBACTERIUM + LACTOBACILLUS CAPSULE,Abdominal Distension,4,16,715,12,711,42442,43169,15.1733473980309,40.1705302811589,TRUE,21.4747716092762,0.551045610533644,7.29237612493869,TRUE,0.265004980425768,2.37154900774973,TRUE,2.55638395609018,0.222199057451206,1.63247925369682,TRUE,4,TRUE,no_formulation
PHILLIPS' COLON HEALTH BIFIDOBACTERIUM + LACTOBACILLUS CAPSULE,Constipation,3,16,920,13,917,42236,43169,8.82354143947655,13.9730712832745,TRUE,11.9348269250177,0.600751158341556,3.67660027870381,TRUE,0.340985429359031,1.27105167650236,TRUE,2.05720221191469,0.28569112094327,1.00958061505079,TRUE,4,TRUE,no_formulation
PHILLIPS' COLON HEALTH BIFIDOBACTERIUM + LACTOBACILLUS CAPSULE,Fungal Infection,3,16,67,13,64,43089,43169,126.4248046875,247.184881582809,TRUE,173.199253517083,0.612629939904427,52.1272583040708,TRUE,0.0248326345294077,5.03202729453056,TRUE,2.73742558622312,0.28569112094327,1.68980398935922,TRUE,4,TRUE,no_formulation
PHILLIPS' LAXATIVE DIETARY SUPPLEMENT (MAGNESIUM OXIDE) COATED TABLET,Drug Dependence,5,13,258,8,253,42903,43169,65.6065673456978,253.303121290496,TRUE,109.511196194454,0.550847821034965,37.2020944886404,TRUE,0.077694641988464,4.66336605438088,TRUE,3.25105259951569,0.181795017047166,2.41535903277702,TRUE,4,TRUE,no_formulation
PINK PUSSYCAT,Headache,5,13,2348,8,2343,40813,43169,7.0842772251223,21.5226986591607,TRUE,11.2689290779252,0.547646285955713,3.85226997682669,TRUE,0.707081470499664,1.48305833584743,TRUE,2.18790856630638,0.181795017047166,1.35221499956772,TRUE,4,TRUE,no_formulation
PLEXUS ACCELERATOR +,Heart Rate Increased,4,5,1482,1,1478,41686,43169,23.3634641407307,66.839495136568,TRUE,84.5853905985796,0.943180384999175,13.3181532305049,TRUE,0.171650953230327,2.99707200953663,TRUE,2.74414141521449,0.222199057451206,1.82023671282113,TRUE,4,TRUE,no_formulation
PLEXUS ACCELERATOR+,Chest Discomfort,3,10,586,7,583,42576,43169,22.2087478559177,41.754102077377,TRUE,34.0514710082834,0.648679352408268,9.54924126227704,TRUE,0.135745558155158,2.59765628475699,TRUE,2.46083353985642,0.28569112094327,1.41321194299253,TRUE,4,TRUE,no_formulation
PLEXUS ACCELERATOR+,Heart Rate Increased,3,10,1482,7,1479,41680,43169,8.75436105476674,14.0337732374212,TRUE,13.1469415343021,0.647879244229889,3.69265543726955,TRUE,0.343301906460655,1.26129372832907,TRUE,2.05323380098744,0.28569112094327,1.00561220412354,TRUE,4,TRUE,no_formulation
PLEXUS BIO CLEANSE,Abdominal Pain,7,48,1676,41,1669,41452,43169,3.76781256241262,12.0145203022313,TRUE,4.4872211216835,0.397558580090916,2.05858486771709,TRUE,1.86355949871436,0.82125493708118,FALSE,1.66592941298528,0.133310168562317,0.950300777763768,TRUE,3,TRUE,no_formulation
PLEXUS BIO CLEANSE,Abdominal Pain Upper,11,48,2004,37,1993,41128,43169,4.95830197357418,32.2368964096432,TRUE,6.32693253072486,0.337859634677494,3.2628813099518,TRUE,2.22826565359401,1.47096498559191,TRUE,2.07557782838736,0.0869333569681142,1.49768234983721,TRUE,4,TRUE,no_formulation
PLEXUS BIO CLEANSE,Diarrhoea,11,48,3103,37,3092,40029,43169,3.19595596162139,15.5372847123463,TRUE,3.96951118296955,0.337596701637952,2.04818374868956,TRUE,3.45025365424263,0.840262807500503,FALSE,1.54161666125623,0.0869333569681142,0.963721182706082,TRUE,3,TRUE,no_formulation
PLEXUS BIOCLEANSE,Abdominal Pain Upper,5,25,2004,20,1999,41145,43169,4.31655827913957,10.0827336633155,TRUE,5.52089851731226,0.480752637692898,2.15171554536282,TRUE,1.16055502791355,0.768466386689037,FALSE,1.72776608659308,0.181795017047166,0.892072519854413,TRUE,3,TRUE,no_formulation
PLEXUS BIOCLEANSE,Diarrhoea,5,25,3103,20,3098,40046,43169,2.78528082633957,4.38316271583071,TRUE,3.4675433038016,0.480568806106304,1.35192770240671,TRUE,1.7970071115847,0.137836880263507,FALSE,1.25967629529887,0.181795017047166,0.423982728560201,TRUE,3,TRUE,no_formulation
PLEXUS BIOCLEANSE,Pyrexia,3,25,505,22,502,42642,43169,10.3133067729084,16.8702546840462,TRUE,13.2005527915976,0.576343847622792,4.26577879434002,TRUE,0.292455234080011,1.49230428517369,TRUE,2.14295357745936,0.28569112094327,1.09533198059546,TRUE,4,TRUE,no_formulation
PLEXUS BLOCK,Abdominal Pain,3,15,1676,12,1673,41481,43169,5.15887627017334,6.57185386066449,TRUE,6.94043621153272,0.605256923042766,2.11924746868656,TRUE,0.582362343348236,0.499448519588555,FALSE,1.69317136980513,0.28569112094327,0.645549772941227,TRUE,3,TRUE,no_formulation
PLEXUS BLOCK,Vomiting,4,15,3595,11,3591,39563,43169,3.20460410284972,4.42572012978003,TRUE,4.31055814150561,0.556311472987906,1.44874390395168,TRUE,1.24916027705066,0.136158647507827,FALSE,1.36326251074656,0.222199057451206,0.439357808353206,TRUE,3,TRUE,no_formulation
PLEXUS BOOST,Chest Pain,4,22,1313,18,1309,41838,43169,5.99305507326898,12.3582722686312,TRUE,7.77161697780255,0.526368528651707,2.76985765785411,TRUE,0.669137575575066,1.03639762955664,TRUE,1.94448029576297,0.222199057451206,1.02057559336962,TRUE,4,TRUE,no_formulation
PLEXUS BOOST,Dyspnoea,6,22,3460,16,3454,39693,43169,3.40688003368953,8.61298208587428,TRUE,4.52651131374536,0.463429482216034,1.82509077994595,TRUE,1.76330236975608,0.571447765003524,FALSE,1.52201038134582,0.153822989075138,0.753293011416497,TRUE,3,TRUE,no_formulation
PLEXUS BOOST,Heart Rate Increased,9,22,1482,13,1473,41674,43169,11.9830586928347,82.2824185560914,TRUE,19.9026128266033,0.424311069521245,8.66421499957265,TRUE,0.75526419421344,2.63810653864772,TRUE,2.91993647471101,0.105239993123721,2.2840984783754,TRUE,4,TRUE,no_formulation
PLEXUS BOOST,Loss Of Consciousness,3,22,995,19,992,42155,43169,5.93113086510264,8.02150603844707,TRUE,7.62354840793128,0.581401423603735,2.43926104097476,TRUE,0.507076837545461,0.699034549413478,FALSE,1.79718116034472,0.28569112094327,0.749559563480817,TRUE,3,TRUE,no_formulation
PLEXUS BOOST,Tachycardia,3,22,352,19,349,42798,43169,16.8586871581141,30.2822997283188,TRUE,21.9793477862147,0.582993081116952,7.01069497390203,TRUE,0.179387986749751,2.19636701846334,TRUE,2.36504730889828,0.28569112094327,1.31742571203438,TRUE,4,TRUE,no_formulation
PLEXUS BOOST,Vomiting,5,22,3595,17,3590,39557,43169,2.7315143074196,4.2400635253403,TRUE,3.46256987685758,0.489147044720904,1.32748057956682,TRUE,1.8321017396743,0.109938676048756,FALSE,1.23780089008094,0.181795017047166,0.402107323342276,TRUE,3,TRUE,no_formulation
PLEXUS EASE,Abdominal Pain,3,9,1676,6,1673,41487,43169,8.59932257421797,13.773852326142,TRUE,13.3489232607846,0.663462201825343,3.63660229902214,TRUE,0.349417406008942,1.23584544068889,TRUE,2.0428093446789,0.28569112094327,0.995187747815002,TRUE,4,TRUE,no_formulation
PLEXUS EASE,Diarrhoea,3,9,3103,6,3100,40060,43169,4.64086021505376,5.72033410525998,TRUE,6.95727736221205,0.663255554390206,1.89611551501743,TRUE,0.646922560170493,0.347857712075153,FALSE,1.60958693770442,0.28569112094327,0.561965340840518,TRUE,3,TRUE,no_formulation
PLEXUS EDGE,Heart Rate Increased,3,5,1482,2,1479,41685,43169,17.5107505070994,32.7093266994654,TRUE,39.4455559310578,0.828501164086579,7.77613251589702,TRUE,0.171650953230327,2.25984775555428,TRUE,2.38157133582978,0.28569112094327,1.33394973896588,TRUE,4,TRUE,no_formulation
PLEXUS PROBIO 5,Abdominal Distension,4,33,715,29,711,42425,43169,7.35387631590163,16.2401503753546,TRUE,9.09583477256215,0.50749342795174,3.36399572954361,TRUE,0.546572772128148,1.32812038687961,TRUE,2.10425237036641,0.222199057451206,1.18034766797306,TRUE,4,TRUE,no_formulation
PLEXUS PROBIO 5,Abdominal Pain,6,33,1676,27,1670,41466,43169,4.69635274904736,14.4641116308154,TRUE,5.8672090555359,0.436843827046992,2.49219827094201,TRUE,1.28119715536612,1.03212908423534,TRUE,1.86759250528002,0.153822989075138,1.0988751353507,TRUE,4,TRUE,no_formulation
PLEXUS PROBIO 5,Abdominal Pain Upper,6,33,2004,27,1998,41138,43169,3.92537992537993,10.786843814336,TRUE,4.86547183114609,0.436731580746235,2.06714783049587,TRUE,1.53193263684588,0.774332220193131,FALSE,1.67758714383579,0.153822989075138,0.908869773906471,TRUE,3,TRUE,no_formulation
PLEXUS PROBIO 5,Chest Pain,4,33,1313,29,1309,41827,43169,3.9943514595921,6.40812604954089,TRUE,4.87244452210379,0.506861011788606,1.80425575617767,TRUE,1.0037063633626,0.451682680980737,FALSE,1.58140212955971,0.222199057451206,0.657497427166356,TRUE,3,TRUE,no_formulation
PLEXUS PROBIO 5,Diarrhoea,9,33,3103,24,3094,40042,43169,3.8023153317271,17.0700544200907,TRUE,5.01750966988831,0.382658610087261,2.37007796954436,TRUE,2.37204938729181,0.987474315927903,FALSE,1.72584695572121,0.105239993123721,1.0900089593856,TRUE,3,TRUE,no_formulation
PLEXUS PROBIO 5,Pyrexia,3,33,505,30,502,42634,43169,7.81166244114451,11.7220174469711,TRUE,9.73628578419379,0.566140155698605,3.20985255618044,TRUE,0.386040908985615,1.09217803286191,TRUE,1.98190970662045,0.28569112094327,0.934288109756554,TRUE,4,TRUE,no_formulation
PLEXUS PROBIO5,Abdominal Pain,6,42,1676,36,1670,41457,43169,3.68922155688623,9.5620841587206,TRUE,4.41954053621875,0.426457686499732,1.91588311705879,TRUE,1.63061456137506,0.68428891175255,FALSE,1.60917009202548,0.153822989075138,0.840452722096162,TRUE,3,TRUE,no_formulation
PLEXUS PROBIO5,Abdominal Pain Upper,8,42,2004,34,1996,41131,43169,4.11556446225785,16.585150893953,TRUE,5.07580657454894,0.38361146342438,2.39314158844391,TRUE,1.94973244689476,1.03255522400493,TRUE,1.79483865064132,0.117623894052513,1.12263038574708,TRUE,4,TRUE,no_formulation
PLEXUS PROBIO5,Diarrhoea,8,42,3103,34,3095,40032,43169,2.65417339795369,7.1732338513677,TRUE,3.18626383787593,0.383380483804286,1.50294012267835,TRUE,3.0189719474623,0.401864331449565,FALSE,1.27230882799207,0.117623894052513,0.600100563097824,TRUE,3,TRUE,no_formulation
PLEXUS PROBIO5,Hepatic Enzyme Increased,4,42,563,38,559,42568,43169,7.34764460345856,16.1377618557349,TRUE,8.89283102956025,0.500007049793766,3.33753206861644,TRUE,0.547754175449976,1.32500736360771,TRUE,2.10262473061661,0.222199057451206,1.17872002822326,TRUE,4,TRUE,no_formulation
PLEXUS RESTORE,Vomiting,3,6,3595,3,3592,39571,43169,6.00821269487751,8.73675389812446,TRUE,11.0150313152401,0.756129750658384,2.50239059238056,TRUE,0.499664110820265,0.720265792316633,FALSE,1.80783958911326,0.28569112094327,0.760217992249366,TRUE,3,TRUE,no_formulation
PLEXUS SLIM,Abdominal Pain,9,94,1676,85,1667,41408,43169,2.47402647130148,6.72190302280467,TRUE,2.7591870731301,0.34290365134907,1.40895027453726,TRUE,3.64947068498228,0.365994484493267,FALSE,1.19500019839482,0.105239993123721,0.559162202059211,TRUE,3,TRUE,no_formulation
PLEXUS SLIM,Abdominal Pain Upper,12,94,2004,82,1992,41083,43169,2.76051012560882,12.2654865414772,TRUE,3.12410174518079,0.304380411411402,1.72040752166234,TRUE,4.36368690495494,0.667860340246988,FALSE,1.3618058300737,0.0799768352289838,0.807514381271116,TRUE,3,TRUE,no_formulation
PLEXUS SLIM,Acne,3,94,88,91,85,42990,43169,16.1733416770964,27.926040608162,TRUE,19.2332790080849,0.55530389414146,6.47692867299762,TRUE,0.191618985846325,2.10138635377191,TRUE,2.33930554355416,0.28569112094327,1.29168394669026,TRUE,4,TRUE,no_formulation
PLEXUS SLIM,Arthralgia,4,94,444,90,440,42635,43169,4.16586073500967,6.7210181539732,TRUE,4.81270655520786,0.485350953611504,1.85887552819988,TRUE,0.96680488313373,0.505704384324735,FALSE,1.61724802740234,0.222199057451206,0.693343325008987,TRUE,3,TRUE,no_formulation
PLEXUS SLIM,Chromaturia,5,94,441,89,436,42639,43169,5.25509955104431,13.2114763334592,TRUE,6.00298847485394,0.441934123318042,2.52455937529715,TRUE,0.960272417707151,1.0416763561944,TRUE,1.91319408582391,0.181795017047166,1.07750051908525,TRUE,4,TRUE,no_formulation
PLEXUS SLIM,Dehydration,7,94,879,87,872,42203,43169,3.67856968573102,11.2409243037313,TRUE,4.14606631191158,0.382010119348068,1.96093259558627,TRUE,1.91401236998772,0.782722695539016,FALSE,1.63545752677564,0.133310168562317,0.919828891554135,TRUE,3,TRUE,no_formulation
PLEXUS SLIM,Diarrhoea,20,94,3103,74,3083,39992,43169,2.97271930490473,25.9516928279155,TRUE,3.5688820012994,0.250105214018882,2.18594048173944,TRUE,6.75674673955848,0.97307279132585,FALSE,1.49822908375351,0.0487573230338618,1.06544029904799,TRUE,3,TRUE,no_formulation
PLEXUS SLIM,Fatigue,10,94,1718,84,1708,41367,43169,2.68293138671583,9.25358656829143,TRUE,3.00868612039004,0.328149199421991,1.58143244605773,TRUE,3.74092520095439,0.538518593196726,FALSE,1.30793838506106,0.095214930467079,0.703142818871684,TRUE,3,TRUE,no_formulation
PLEXUS SLIM,Heart Rate Increased,11,94,1482,83,1471,41604,43169,3.4267107337605,17.0112656274036,TRUE,3.89395927818166,0.315651998514278,2.0975049770958,TRUE,3.22703792073015,0.936744739912373,FALSE,1.62553245822153,0.0869333569681142,1.04763697967138,TRUE,3,TRUE,no_formulation
PLEXUS SLIM,Hepatic Enzyme Increased,10,94,563,84,553,42522,43169,8.28652225770459,56.7051453453259,TRUE,9.54627090649605,0.330003964309287,4.9995245964003,TRUE,1.22592601172137,2.1477692164475,TRUE,2.60494680345922,0.095214930467079,2.00015123726984,TRUE,4,TRUE,no_formulation
PLEXUS SLIM,Hypotension,3,94,270,91,267,42808,43169,5.148816638776,6.27138052068728,TRUE,6.12143404320515,0.548092077179271,2.09077731647469,TRUE,0.587921888392133,0.485749168065108,FALSE,1.68577994568513,0.28569112094327,0.638158348821228,TRUE,3,TRUE,no_formulation
PLEXUS SLIM,Jaundice,6,94,578,88,572,42503,43169,4.80676238654962,14.5190433615169,TRUE,5.45279648681321,0.408553351766254,2.44822684172487,TRUE,1.25858833885427,1.05780813444283,TRUE,1.88602191071502,0.153822989075138,1.1173045407857,TRUE,4,TRUE,no_formulation
PLEXUS SLIM,Nausea,17,94,3887,77,3870,39205,43169,2.01296113035351,8.40321754043895,TRUE,2.28726387771856,0.265197952720299,1.36011370470331,TRUE,8.46389770437119,0.357123258458148,FALSE,0.965156831978686,0.0571196923718409,0.49672219383195,TRUE,3,TRUE,no_formulation
PLEXUS SLIM,Vertigo,3,94,194,91,191,42884,43169,7.19756043221566,10.2862099785912,TRUE,8.56600893150138,0.549443807887752,2.91798134908163,TRUE,0.422432764252125,0.962320885092763,FALSE,1.92383925939265,0.28569112094327,0.876217662528753,TRUE,3,TRUE,no_formulation
PLEXUS SLIM 2.0,Blood Pressure Increased,4,22,1929,18,1925,41222,43169,4.07527744982291,6.74893522408316,TRUE,5.20752770428179,0.526136750757281,1.85684197668749,TRUE,0.98306655238713,0.481648558811125,FALSE,1.60134166147545,0.222199057451206,0.677436959082096,TRUE,3,TRUE,no_formulation
PLEXUS SLIM 2.0,Heart Rate Increased,3,22,1482,19,1479,41668,43169,3.97814862622165,4.17592972508727,TRUE,5.05506018145423,0.58111637385468,1.6183411853494,TRUE,0.75526419421344,0.124579528273037,FALSE,1.47936388332503,0.28569112094327,0.431742286461134,TRUE,3,TRUE,no_formulation
PLEXUS SLIM ACCELERATOR,Nausea,3,4,3887,1,3884,39281,43169,8.3351570545829,13.9725708771689,TRUE,23.5955292401425,0.976045000523228,3.4834007864391,TRUE,0.360165859760476,1.19217790312469,TRUE,2.02466814552255,0.28569112094327,0.977046548658649,TRUE,4,TRUE,no_formulation
PLEXUS SLIM HUNGER CONTROL,Abdominal Pain Upper,4,22,2004,18,2000,41147,43169,3.92245454545455,6.31202677811728,TRUE,5.00317488195519,0.526118289095303,1.78404068731048,TRUE,1.02128842456392,0.426638113658079,FALSE,1.56463129858368,0.222199057451206,0.64072659619033,TRUE,3,TRUE,no_formulation
PLEXUS SLIM HUNGER CONTROL,Vomiting,5,22,3595,17,3590,39557,43169,2.7315143074196,4.2400635253403,TRUE,3.46256987685758,0.489147044720904,1.32748057956682,TRUE,1.8321017396743,0.109938676048756,FALSE,1.23780089008094,0.181795017047166,0.402107323342276,TRUE,3,TRUE,no_formulation
PLEXUS SLIM MICROBIOME ACTIVATING,Chest Pain,3,19,1313,16,1310,41840,43169,5.20088388911209,6.59652017786885,TRUE,6.77242088955176,0.589158140179546,2.13423583315033,TRUE,0.577891542542102,0.510560234049801,FALSE,1.69914290065406,0.28569112094327,0.651521303790163,TRUE,3,TRUE,no_formulation
PLEXUS SLIM MICROBIOME ACTIVATING,Dyspnoea,5,19,3460,14,3455,39695,43169,3.28661741183639,6.3301988300746,TRUE,4.3573762966585,0.50109708096544,1.63185895914194,TRUE,1.52285204660752,0.376607420373496,FALSE,1.44304081501963,0.181795017047166,0.607347248280961,TRUE,3,TRUE,no_formulation
PLEXUS SLIM MICROBIOME ACTIVATING,Pruritus,3,19,1457,16,1454,41696,43169,4.6858032288424,5.5781918832408,TRUE,6.08092961238372,0.589094093191986,1.91656238801475,TRUE,0.641270356042531,0.360511249645323,FALSE,1.61671432927443,0.28569112094327,0.569092732410535,TRUE,3,TRUE,no_formulation
PLEXUS WORLDWIDE INC. PLEXUS BOOST,Palpitations,3,3,1189,0,1186,41980,43169,36.3962900505902,72.7302909592159,TRUE,247.672566371681,1.51214447765409,12.7854064668176,TRUE,0.0826287382149227,3.3114992868033,TRUE,2.58670615264897,0.28569112094327,1.53908455578507,TRUE,4,TRUE,no_formulation
PLEXUS WORLDWIDE INC. PLEXUS SLIM,Vomiting,3,8,3595,5,3592,39569,43169,4.50595072383074,5.50707081454603,TRUE,7.00921110900234,0.68398545102355,1.83420963621385,TRUE,0.666218814427019,0.30547688641976,FALSE,1.58551641922111,0.28569112094327,0.537894822357213,TRUE,3,TRUE,no_formulation
POWER V8 MALE ENHANCEMENT,Hypoglycaemia,6,7,80,1,74,43088,43169,499.945945945946,2325.5960036352,TRUE,2506.26621923937,0.913213473046318,418.489146531809,TRUE,0.0129722717690936,7.6206105457982,TRUE,3.66348696860426,0.153822989075138,2.89476959867494,TRUE,4,TRUE,no_formulation
PRENA1 PEARL,Abortion Spontaneous,6,9,245,3,239,42921,43169,120.390516039052,584.718561632227,TRUE,332.824038174769,0.666152462467782,90.1932968489724,TRUE,0.0510783200908059,5.67145422465012,TRUE,3.56011044164231,0.153822989075138,2.791393071713,TRUE,4,TRUE,no_formulation
PRESERVISION AREDS,Age-Related Macular Degeneration,4,50,105,46,101,43018,43169,34.1536633663366,94.1871992317058,TRUE,41.0155728587319,0.503590171794411,15.2856592310703,TRUE,0.121615047835252,3.49303938621101,TRUE,2.85583166791461,0.222199057451206,1.93192696552126,TRUE,4,TRUE,no_formulation
PRESERVISION AREDS,Blindness,4,50,176,46,172,42947,43169,20.0553488372093,53.5772971280517,TRUE,24.09396914446,0.499547779754822,9.05075263093084,TRUE,0.203849984942899,2.74949866768188,TRUE,2.67658512349164,0.222199057451206,1.75268042109829,TRUE,4,TRUE,no_formulation
PRESERVISION AREDS,Blood Pressure Increased,7,50,1929,43,1922,41197,43169,3.1408220603538,8.53530000821212,TRUE,3.69467736872786,0.396063465172982,1.69996700697771,TRUE,2.2342421645162,0.55957450689405,FALSE,1.45574957136433,0.133310168562317,0.740120936142824,TRUE,3,TRUE,no_formulation
PRESERVISION AREDS,Cataract,3,50,156,47,153,42966,43169,16.9094117647059,29.9138520722424,TRUE,20.6250985770616,0.559736410482354,6.88555230226907,TRUE,0.18068521392666,2.1859917061888,TRUE,2.36229524558049,0.28569112094327,1.31467364871659,TRUE,4,TRUE,no_formulation
PRESERVISION AREDS,Macular Degeneration,4,50,289,46,285,42834,43169,12.1035789473684,30.1679587909608,TRUE,14.5193491893113,0.497245986614436,5.47876687569464,TRUE,0.334730941184646,2.03495689423565,TRUE,2.43054184769063,0.222199057451206,1.50663714529728,TRUE,4,TRUE,no_formulation
PRESERVISION AREDS,Visual Impairment,4,50,307,46,303,42816,43169,11.3845544554455,28.0380486134516,TRUE,13.6524950842323,0.497037067998358,5.15377595777658,TRUE,0.355579235099261,1.94787472634841,TRUE,2.39495162759817,0.222199057451206,1.47104692520481,TRUE,4,TRUE,no_formulation
PRESERVISION AREDS 2,Age-Related Macular Degeneration,37,766,105,729,68,42335,43169,30.1203924128398,657.149090016877,TRUE,31.7702105731853,0.206542076996621,21.1937559025752,TRUE,1.86314253283606,3.88884409225043,TRUE,3.98811204247303,0.0266435018956504,3.66818443053194,TRUE,4,TRUE,no_formulation
PRESERVISION AREDS 2,Blindness,29,766,176,737,147,42256,43169,10.9206497220298,210.795519978645,TRUE,11.4593898305085,0.205079407311824,7.66645124299752,TRUE,3.12298176932521,2.73237218386133,TRUE,3.02546550312634,0.0338751403137295,2.6647235745552,TRUE,4,TRUE,no_formulation
PRESERVISION AREDS 2,Blindness Unilateral,12,766,56,754,44,42359,43169,15.097199145502,113.238972132421,TRUE,15.7703591186961,0.322212505366637,8.38626847133959,TRUE,0.993676017512567,2.80217417626969,TRUE,3.06498893228702,0.0799768352289838,2.51069748348444,TRUE,4,TRUE,no_formulation
PRESERVISION AREDS 2,Blood Copper Decreased,3,766,6,763,3,42400,43169,55.3563968668407,54.7907442440109,TRUE,55.5343811394892,0.75681035520858,12.5994607161491,TRUE,0.106465287590632,2.94717381579777,TRUE,2.52885794514251,0.28569112094327,1.48123634827861,TRUE,4,TRUE,no_formulation
PRESERVISION AREDS 2,Blood Pressure Systolic Increased,7,766,48,759,41,42362,43169,9.4510921479972,38.1761942833353,TRUE,10.0801494324897,0.398459509051365,4.61627198383406,TRUE,0.851722300725057,1.95054395536781,TRUE,2.47209180235934,0.133310168562317,1.75646316713783,TRUE,4,TRUE,no_formulation
PRESERVISION AREDS 2,Blood Zinc Increased,6,766,13,760,7,42396,43169,47.4483401715778,122.579001992331,TRUE,48.3150997150997,0.537138714322495,16.8601399833817,TRUE,0.230674789779703,3.50392372089465,TRUE,3.15313838163623,0.153822989075138,2.38442101170691,TRUE,4,TRUE,no_formulation
PRESERVISION AREDS 2,Body Height Decreased,5,766,64,761,59,42344,43169,4.69122007346108,10.1622660454914,TRUE,5.14011487720499,0.447170792831304,2.13960380687339,TRUE,1.13562973430008,0.799779388398572,FALSE,1.74958542350378,0.181795017047166,0.913891856765111,TRUE,3,TRUE,no_formulation
PRESERVISION AREDS 2,Cataract,33,766,156,733,123,42280,43169,14.851716232567,326.295947444266,TRUE,15.6357186027835,0.198330255741283,10.5997524785343,TRUE,2.76809747735644,3.12564206644841,TRUE,3.35763817514999,0.0298275814976405,3.01913317211262,TRUE,4,TRUE,no_formulation
PRESERVISION AREDS 2,Condition Aggravated,50,766,320,716,270,42133,43169,10.2511846049705,346.881696713783,TRUE,10.9783090165404,0.157855140444495,8.05687160769597,TRUE,5.67814867150038,2.77897540937934,TRUE,3.03103689423112,0.0197788154270036,2.75538802819975,TRUE,4,TRUE,no_formulation
PRESERVISION AREDS 2,Death,48,766,1227,718,1179,41224,43169,2.25369554674161,31.8569254283492,TRUE,2.35924160214379,0.151269360547603,1.75391821594715,TRUE,21.7721513122843,0.77320999811239,FALSE,1.12274382960229,0.0205953919300147,0.841462373337672,TRUE,3,TRUE,no_formulation
PRESERVISION AREDS 2,Dementia,3,766,37,763,34,42369,43169,4.88438795883889,5.27422485750402,TRUE,5.62980363125575,0.562168259988875,1.87053553640263,TRUE,0.656535940142232,0.326587994200561,FALSE,1.59754482265565,0.28569112094327,0.54992322579175,TRUE,3,TRUE,no_formulation
PRESERVISION AREDS 2,Diplopia,5,766,57,761,52,42351,43169,5.32273046796545,12.2663372521541,TRUE,5.8264265390989,0.449669445722763,2.41343671680793,TRUE,1.01142023211101,0.966835629454559,FALSE,1.8635267784574,0.181795017047166,1.02783321171873,TRUE,3,TRUE,no_formulation
PRESERVISION AREDS 2,Disease Progression,9,766,18,757,9,42394,43169,55.3563968668407,213.401760040101,TRUE,55.9663366336634,0.460293423555122,22.7047753061531,TRUE,0.319395862771897,3.87884470461086,TRUE,3.53529499983484,0.105239993123721,2.89945700349923,TRUE,4,TRUE,no_formulation
PRESERVISION AREDS 2,Drug Hypersensitivity,5,766,63,761,58,42345,43169,4.77210317817592,10.4325132609721,TRUE,5.22810355180677,0.447491912562254,2.1748603467728,TRUE,1.11788551970164,0.822492518181864,FALSE,1.76532209121668,0.181795017047166,0.929628524478016,TRUE,3,TRUE,no_formulation
PRESERVISION AREDS 2,Drug Ineffective,5,766,73,761,68,42335,43169,4.07032329903241,8.08533560847076,TRUE,4.46382236365989,0.44469488465544,1.86713180125292,TRUE,1.29532766568602,0.610008786663215,FALSE,1.61518444393749,0.181795017047166,0.779490877198829,TRUE,3,TRUE,no_formulation
PRESERVISION AREDS 2,Dry Eye,6,766,56,760,50,42353,43169,6.64276762402089,20.8323932451154,TRUE,7.16823220783617,0.418314079652599,3.15744600358925,TRUE,0.993676017512567,1.39866188882276,TRUE,2.12157246065339,0.153822989075138,1.35285509072407,TRUE,4,TRUE,no_formulation
PRESERVISION AREDS 2,Exposure Via Skin Contact,3,766,8,763,5,42398,43169,33.2138381201044,39.8853839106207,TRUE,35.3383937607906,0.684737768030474,9.23392303871199,TRUE,0.14195371678751,2.53330042502572,TRUE,2.44681373045119,0.28569112094327,1.3991921335873,TRUE,4,TRUE,no_formulation
PRESERVISION AREDS 2,Eye Disorder,14,766,73,752,59,42344,43169,13.135416205691,117.268950235616,TRUE,13.7132862447305,0.295169035304882,7.68933153007541,TRUE,1.29532766568602,2.7091958946039,TRUE,3.01373382042777,0.0689423524703631,2.49909905552148,TRUE,4,TRUE,no_formulation
PRESERVISION AREDS 2,Eye Haemorrhage,12,766,91,754,79,42324,43169,8.40856661268467,61.7406685546701,TRUE,8.82013995690428,0.306476139979175,4.83724093611192,TRUE,1.61472352845792,2.10192683369991,TRUE,2.56338712699433,0.0799768352289838,2.00909567819175,TRUE,4,TRUE,no_formulation
PRESERVISION AREDS 2,Eye Pain,10,766,61,756,51,42352,43169,10.8541954640864,66.7390117901232,TRUE,11.4143763756184,0.340589282551207,5.8551326502188,TRUE,1.08239709050476,2.32735750209891,TRUE,2.73020574419689,0.095214930467079,2.12541017800751,TRUE,4,TRUE,no_formulation
PRESERVISION AREDS 2,Glaucoma,5,766,58,761,53,42350,43169,5.22230159121139,11.9328064476165,TRUE,5.71738636851762,0.44927339194702,2.370108949091,TRUE,1.02916444670944,0.941753120442231,FALSE,1.84668805582676,0.181795017047166,1.01099448908809,TRUE,3,TRUE,no_formulation
PRESERVISION AREDS 2,Hiatus Hernia,3,766,37,763,34,42369,43169,4.88438795883889,5.27422485750402,TRUE,5.62980363125575,0.562168259988875,1.87053553640263,TRUE,0.656535940142232,0.326587994200561,FALSE,1.59754482265565,0.28569112094327,0.54992322579175,TRUE,3,TRUE,no_formulation
PRESERVISION AREDS 2,Ill-Defined Disorder,3,766,31,763,28,42375,43169,5.93104252144722,7.04217256807432,TRUE,6.81599053297947,0.567569697261022,2.24080414322035,TRUE,0.550070652551599,0.581698571975708,FALSE,1.73686852115989,0.28569112094327,0.689246924295994,TRUE,3,TRUE,no_formulation
PRESERVISION AREDS 2,Impaired Driving Ability,3,766,23,763,20,42383,43169,8.30345953002611,10.9218710445263,TRUE,9.4776782148961,0.5795067948707,3.04379792858814,TRUE,0.40811693576409,1.01201879290467,TRUE,1.94640493552481,0.28569112094327,0.898783338660916,TRUE,4,TRUE,no_formulation
PRESERVISION AREDS 2,International Normalised Ratio Increased,11,766,167,755,156,42247,43169,3.903335676508,19.5906932853119,TRUE,4.1091315443933,0.307723243960974,2.24807466388007,TRUE,2.96328383793926,1.05974473868596,TRUE,1.73142132572467,0.0869333569681142,1.15352584717452,TRUE,4,TRUE,no_formulation
PRESERVISION AREDS 2,Intraocular Pressure Increased,7,766,40,759,33,42370,43169,11.7422660020571,48.1341242398988,TRUE,12.4897074862685,0.405615996507683,5.64007605796479,TRUE,0.709768583937548,2.2134616725974,TRUE,2.63215949417136,0.133310168562317,1.91653085894985,TRUE,4,TRUE,no_formulation
PRESERVISION AREDS 2,Lacrimation Increased,8,766,72,758,64,42339,43169,6.91954960835509,30.9050348210109,TRUE,7.35612924325346,0.36673279777183,3.58492514123792,TRUE,1.27758345108759,1.64227973646282,TRUE,2.25754555052287,0.117623894052513,1.58533728562863,TRUE,4,TRUE,no_formulation
PRESERVISION AREDS 2,Local Swelling,7,766,167,759,160,42243,43169,2.42184236292428,4.31405720805325,TRUE,2.59907218841712,0.375372069957033,1.24536078317112,TRUE,2.96328383793926,0.152217987172055,FALSE,1.11474996527617,0.133310168562317,0.399121330054664,TRUE,3,TRUE,no_formulation
PRESERVISION AREDS 2,Macular Degeneration,100,766,289,666,189,42214,43169,29.2890988713443,1780.01471417546,TRUE,33.5906450227333,0.129427034455363,26.0644057380032,TRUE,5.12807801894878,4.03637833666755,TRUE,4.15840936317834,0.00992708398520267,3.96312524749671,TRUE,4,TRUE,no_formulation
PRESERVISION AREDS 2,Medication Residue Present,3,766,15,763,12,42391,43169,13.8390992167102,19.0933076548562,TRUE,15.546326129666,0.605844561784478,4.74157333504326,TRUE,0.26616321897658,1.62804116099471,TRUE,2.19163124865352,0.28569112094327,1.14400965178962,TRUE,4,TRUE,no_formulation
PRESERVISION AREDS 2,Neovascular Age-Related Macular Degeneration,10,766,46,756,36,42367,43169,15.3767769074558,94.154276541355,TRUE,16.1109199721138,0.352109124526874,8.07977008370765,TRUE,0.81623387152818,2.73438316501053,TRUE,2.99590156948323,0.095214930467079,2.39110600329385,TRUE,4,TRUE,no_formulation
PRESERVISION AREDS 2,Ocular Discomfort,3,766,9,763,6,42397,43169,27.6781984334204,34.9229159998979,TRUE,29.9010125434487,0.663998330985574,8.13727709972709,TRUE,0.159697931385948,2.36376366858316,TRUE,2.40747743588103,0.28569112094327,1.35985583901713,TRUE,4,TRUE,no_formulation
PRESERVISION AREDS 2,Odynophagia,4,766,39,762,35,42368,43169,6.32644535621037,11.6100266177798,TRUE,7.04348187485569,0.501723344241682,2.63458290116587,TRUE,0.692024369339109,0.987902207710993,FALSE,1.91651127137604,0.222199057451206,0.992606568982687,TRUE,3,TRUE,no_formulation
PRESERVISION AREDS 2,Oesophageal Disorder,6,766,32,760,26,42377,43169,12.7745531231171,43.6485111556781,TRUE,13.6679567811643,0.439227190326926,5.77864299496182,TRUE,0.567814867150038,2.2056417522825,TRUE,2.60577817729226,0.153822989075138,1.83706080736294,TRUE,4,TRUE,no_formulation
PRESERVISION AREDS 2,Oesophageal Stenosis,4,766,20,762,16,42387,43169,13.8390992167102,28.3898525092228,TRUE,15.1609538002981,0.533069742246666,5.33296089538829,TRUE,0.354884291968774,1.95069434944557,TRUE,2.39612393095027,0.222199057451206,1.47221922855692,TRUE,4,TRUE,no_formulation
PRESERVISION AREDS 2,Parkinson's Disease,5,766,34,761,29,42374,43169,9.54420635635185,25.6433701153373,TRUE,10.3746953492772,0.465889776275125,4.16295742125548,TRUE,0.603303296346916,1.71193044216179,TRUE,2.31760217858084,0.181795017047166,1.48190861184218,TRUE,4,TRUE,no_formulation
PRESERVISION AREDS 2,Retinal Haemorrhage,3,766,20,763,17,42386,43169,9.76877591767778,13.2066092133531,TRUE,11.1032089063523,0.586677503377594,3.51607830486057,TRUE,0.354884291968774,1.21347009546321,TRUE,2.03355385156556,0.28569112094327,0.985932254701666,TRUE,4,TRUE,no_formulation
PRESERVISION AREDS 2,Skin Cancer,3,766,19,763,16,42387,43169,10.3793244125326,14.1323048610614,TRUE,11.7764084856423,0.589621654856723,3.70780406756453,TRUE,0.337140077370335,1.28739701944688,TRUE,2.06381397001288,0.28569112094327,1.01619237314898,TRUE,4,TRUE,no_formulation
PRESERVISION AREDS 2,Throat Cancer,3,766,23,763,20,42383,43169,8.30345953002611,10.9218710445263,TRUE,9.4776782148961,0.5795067948707,3.04379792858814,TRUE,0.40811693576409,1.01201879290467,TRUE,1.94640493552481,0.28569112094327,0.898783338660916,TRUE,4,TRUE,no_formulation
PRESERVISION AREDS 2,Visual Impairment,46,766,307,720,261,42142,43169,9.75629983093745,301.953194771491,TRUE,10.4008197515269,0.163527129825569,7.54867046833744,TRUE,5.44747388172068,2.70208265762161,TRUE,2.96688178002631,0.0214822115730698,2.6796082797185,TRUE,4,TRUE,no_formulation
PRESERVISION AREDS 2 CHEWABLES,Cataract,3,10,156,7,153,43006,43169,84.6254901960784,168.637189586848,TRUE,130.747231270358,0.652369166444235,36.4019505861164,TRUE,0.0361370427853321,4.49697642282419,TRUE,2.70668119970214,0.28569112094327,1.65905960283824,TRUE,4,TRUE,no_formulation
PRESERVISION AREDS 2 FORMULA,Age-Related Macular Degeneration,4,103,105,99,101,42965,43169,16.5590694991829,42.3512667218577,TRUE,19.1444661732307,0.492085322596542,7.29746092311158,TRUE,0.250526998540619,2.45249412447561,TRUE,2.58394912580273,0.222199057451206,1.66004442340938,TRUE,4,TRUE,no_formulation
PRESERVISION AREDS 2 FORMULA,Blindness Unilateral,3,103,56,100,53,43013,43169,23.6669719728888,42.0648128931149,TRUE,27.9996745245734,0.560695435838881,9.32995164163257,TRUE,0.133614399221664,2.6204275186124,TRUE,2.4656778951486,0.28569112094327,1.4180562982847,TRUE,4,TRUE,no_formulation
PRESERVISION AREDS 2 FORMULA,Cataract,6,103,156,97,150,42916,43169,16.7246601941748,71.0689785151091,TRUE,19.0106312292359,0.413243733692784,8.45739023380922,TRUE,0.37221154068892,2.81447982236672,TRUE,2.89768973342696,0.153822989075138,2.12897236349764,TRUE,4,TRUE,no_formulation
PRESERVISION AREDS 2 FORMULA,Cerebrovascular Accident,5,103,676,98,671,42395,43169,3.11562224183583,5.26258049383941,TRUE,3.52533346436306,0.439867317230355,1.48859852464048,TRUE,1.61291667631865,0.293729518348915,FALSE,1.38019574347619,0.181795017047166,0.544502176737521,TRUE,3,TRUE,no_formulation
PRESERVISION AREDS 2 FORMULA,Condition Aggravated,5,103,320,98,315,42751,43169,6.63676991832332,18.4663467267929,TRUE,7.56621107419534,0.441773051670239,3.18297801819558,TRUE,0.763510852695221,1.37233806557823,TRUE,2.12199356253638,0.181795017047166,1.28629999579771,TRUE,4,TRUE,no_formulation
PRESERVISION AREDS 2 FORMULA,Macular Degeneration,5,103,289,98,284,42782,43169,7.36120607137974,21.2493226538961,TRUE,8.39673306986163,0.442163746381183,3.52966076951023,TRUE,0.689545738840372,1.51927066567749,TRUE,2.20902087320503,0.181795017047166,1.37332730646637,TRUE,4,TRUE,no_formulation
PRESERVISION AREDS 2 FORMULA,Pneumonia,3,103,221,100,218,42848,43169,5.75389685579407,7.43586018665195,TRUE,6.82945683481904,0.547963987456516,2.33318836372454,TRUE,0.527299682642637,0.64265337297207,FALSE,1.76849781772007,0.28569112094327,0.720876220856168,TRUE,3,TRUE,no_formulation
PRESERVISION AREDS 2 FORMULA CHEWABLE,Blood Pressure Increased,3,10,1929,7,1926,41233,43169,6.72258566978193,9.8772427950908,TRUE,9.98821697378666,0.647758401888661,2.80611124957251,TRUE,0.446848432903241,0.881321309409501,FALSE,1.88614951268675,0.28569112094327,0.838527915822856,TRUE,3,TRUE,no_formulation
PRESERVISION AREDS 2 FORMULA CHEWABLES,Blindness,3,49,176,46,173,42947,43169,15.2601156069364,26.6239270052962,TRUE,18.631743670788,0.559469959034055,6.22333324884209,TRUE,0.199772985244041,2.04137107245596,TRUE,2.32239604657518,0.28569112094327,1.27477444971128,TRUE,4,TRUE,no_formulation
PRESERVISION AREDS 2 FORMULA CHEWABLES,Cataract,3,49,156,46,153,42967,43169,17.2549019607843,30.6188222670487,TRUE,21.0691394346958,0.560140690758264,7.02822110164928,TRUE,0.177071509648127,2.21508200707881,TRUE,2.36997480328279,0.28569112094327,1.32235320641889,TRUE,4,TRUE,no_formulation
PRESERVISION AREDS 2 FORMULA CHEWABLES,Condition Aggravated,3,49,320,46,317,42803,43169,8.32807570977918,12.678521656375,TRUE,10.1473033612734,0.557128917695963,3.40496722094165,TRUE,0.36322360953462,1.179992965639,TRUE,2.01954869325352,0.28569112094327,0.971927096389623,TRUE,4,TRUE,no_formulation
PRESERVISION AREDS 2 FORMULA CHEWABLES,Macular Degeneration,7,49,289,42,282,42838,43169,21.8439716312057,117.040248920872,TRUE,26.7601249349297,0.400532035665862,12.2052979303526,TRUE,0.328036322360954,3.32614035021571,TRUE,3.17912463661104,0.133310168562317,2.46349600138953,TRUE,4,TRUE,no_formulation
PRESERVISION AREDS 2 FORMULA CHEWABLES,Neovascular Age-Related Macular Degeneration,3,49,46,46,43,43077,43169,61.3953488372093,115.006250126746,TRUE,74.5377580027191,0.574657621354064,24.1667296155549,TRUE,0.0522133938706016,3.97023690872302,TRUE,2.66405713619691,0.28569112094327,1.61643553933301,TRUE,4,TRUE,no_formulation
PRESERVISION AREDS 2 FORMULA CHEWABLES,Weight Decreased,3,49,662,46,659,42461,43169,4.00606980273141,4.1370834110323,TRUE,4.84613628767313,0.555661329437083,1.63082421443716,TRUE,0.751418842224745,0.131940261269713,FALSE,1.48379019053313,0.28569112094327,0.436168593669237,TRUE,3,TRUE,no_formulation
PRESERVISION AREDS 2 FORMULA SOFT GELS,Accidental Exposure To Product,3,422,15,419,12,42735,43169,25.3240521327014,38.156178802131,TRUE,28.5242908224076,0.606730150635658,8.68471807978561,TRUE,0.14663300053279,2.48662271737677,TRUE,2.43633588051389,0.28569112094327,1.38871428364999,TRUE,4,TRUE,no_formulation
PRESERVISION AREDS 2 FORMULA SOFT GELS,Age-Related Macular Degeneration,14,422,105,408,91,42656,43169,15.5840320816624,153.453102921831,TRUE,16.5477924701193,0.286994603594245,9.4285590905331,TRUE,1.02643100372953,3.04477581306618,TRUE,3.24781861542689,0.0689423524703631,2.73318385052061,TRUE,4,TRUE,no_formulation
PRESERVISION AREDS 2 FORMULA SOFT GELS,Blindness,20,422,176,402,156,42591,43169,12.9866934013853,186.305999684949,TRUE,13.8610640366718,0.240162892794762,8.65696752788187,TRUE,1.72049387291807,2.9463634637042,TRUE,3.20667141418355,0.0487573230338618,2.77388262947802,TRUE,4,TRUE,no_formulation
PRESERVISION AREDS 2 FORMULA SOFT GELS,Blindness Unilateral,11,422,56,411,45,42702,43169,24.7612954186414,182.966716840139,TRUE,26.228285687581,0.333748550869039,13.63569893174,TRUE,0.547429868655748,3.49545539152068,TRUE,3.45670830547817,0.0869333569681142,2.87881282692802,TRUE,4,TRUE,no_formulation
PRESERVISION AREDS 2 FORMULA SOFT GELS,Blood Pressure Systolic Increased,4,422,48,418,44,42703,43169,9.20874623007325,19.7913323558128,TRUE,10.3185936933672,0.497098617861017,3.89476829495831,TRUE,0.469225601704927,1.54810241523648,TRUE,2.21502058282713,0.222199057451206,1.29111588043378,TRUE,4,TRUE,no_formulation
PRESERVISION AREDS 2 FORMULA SOFT GELS,Cataract,20,422,156,402,136,42611,43169,14.8965012545302,214.739605239257,TRUE,15.8994516870293,0.242104182169087,9.89233709373089,TRUE,1.52498320554101,3.12035582531756,TRUE,3.33964206174831,0.0487573230338618,2.90685327704279,TRUE,4,TRUE,no_formulation
PRESERVISION AREDS 2 FORMULA SOFT GELS,Condition Aggravated,23,422,320,399,297,42450,43169,7.84448752932165,122.053003733273,TRUE,8.3935739001483,0.220093665939937,5.45254687455511,TRUE,3.12817067803285,2.32990268690603,TRUE,2.69534652630742,0.0425300267183455,2.291139462241,TRUE,4,TRUE,no_formulation
PRESERVISION AREDS 2 FORMULA SOFT GELS,Death,51,422,1227,371,1176,41571,43169,4.392947818938,128.483665118102,TRUE,4.89837663210506,0.151602438834439,3.6391970641319,TRUE,11.9945794435822,1.73248856908275,TRUE,2.04327008988439,0.0193943109571391,1.77031371063499,TRUE,4,TRUE,no_formulation
PRESERVISION AREDS 2 FORMULA SOFT GELS,Drug Ineffective,5,422,73,417,68,42679,43169,7.44825062726512,20.3230009081744,TRUE,8.20795489313344,0.445909589488233,3.42506687660779,TRUE,0.713613935926243,1.46979743265745,TRUE,2.18012206138051,0.181795017047166,1.34442849464185,TRUE,4,TRUE,no_formulation
PRESERVISION AREDS 2 FORMULA SOFT GELS,Dry Age-Related Macular Degeneration,6,422,15,416,9,42738,43169,67.5308056872038,197.442022786614,TRUE,70.2091994692614,0.511403627511712,25.7678667041489,TRUE,0.14663300053279,4.15634136102496,TRUE,3.32942067659737,0.153822989075138,2.56070330666806,TRUE,4,TRUE,no_formulation
PRESERVISION AREDS 2 FORMULA SOFT GELS,Epistaxis,7,422,227,415,220,42527,43169,3.22306118052564,8.38437811523345,TRUE,3.48138051851306,0.374564725769996,1.67076574843902,TRUE,2.21904607472955,0.569418925166002,FALSE,1.46378999730924,0.133310168562317,0.748161362087728,TRUE,3,TRUE,no_formulation
PRESERVISION AREDS 2 FORMULA SOFT GELS,Eye Disorder,4,422,73,418,69,42678,43169,5.87224397280033,11.0057749823226,TRUE,6.60300146979191,0.488900428198695,2.53268365696655,TRUE,0.713613935926243,0.943602984720387,FALSE,1.89061544418553,0.222199057451206,0.966710741792173,TRUE,3,TRUE,no_formulation
PRESERVISION AREDS 2 FORMULA SOFT GELS,Eye Haemorrhage,6,422,91,416,85,42662,43169,7.15032060217452,24.1814950263144,TRUE,7.78714994769838,0.409837114537102,3.48753153037453,TRUE,0.889573536565591,1.55826503575832,TRUE,2.22579753381401,0.153822989075138,1.45708016388469,TRUE,4,TRUE,no_formulation
PRESERVISION AREDS 2 FORMULA SOFT GELS,Glaucoma,5,422,58,417,53,42694,43169,9.55624608781186,27.5888682947586,TRUE,10.5129442050478,0.450475751183932,4.34782103029014,TRUE,0.566980935393454,1.80146092163569,TRUE,2.36589722003732,0.181795017047166,1.53020365329866,TRUE,4,TRUE,no_formulation
PRESERVISION AREDS 2 FORMULA SOFT GELS,Ill-Defined Disorder,3,422,31,419,28,42719,43169,10.8531651997292,16.0960705226413,TRUE,12.5059699307864,0.568514910756673,4.10381446977252,TRUE,0.303041534434432,1.44106386922149,TRUE,2.12380840906173,0.28569112094327,1.07618681219783,TRUE,4,TRUE,no_formulation
PRESERVISION AREDS 2 FORMULA SOFT GELS,Illness,4,422,58,418,54,42693,43169,7.50342285413376,15.3430448508117,TRUE,8.42330077932327,0.492933824265653,3.20544675060153,TRUE,0.566980935393454,1.27526647369863,TRUE,2.07639060284234,0.222199057451206,1.15248590044898,TRUE,4,TRUE,no_formulation
PRESERVISION AREDS 2 FORMULA SOFT GELS,Lower Limb Fracture,3,422,16,419,13,42734,43169,23.3760481224936,35.4756787135399,TRUE,26.4107623714298,0.601826844127116,8.1188699695262,TRUE,0.156408533901642,2.39372473509111,TRUE,2.4146890216376,0.28569112094327,1.36706742477371,TRUE,4,TRUE,no_formulation
PRESERVISION AREDS 2 FORMULA SOFT GELS,Macular Degeneration,42,422,289,380,247,42500,43169,17.2244565113111,538.273498378625,TRUE,19.1801988346009,0.173843221995056,13.6418970282021,TRUE,2.82512914359842,3.49918110578027,TRUE,3.67598056207701,0.0235062469936896,3.37547831840658,TRUE,4,TRUE,no_formulation
PRESERVISION AREDS 2 FORMULA SOFT GELS,Neovascular Age-Related Macular Degeneration,24,422,46,398,22,42725,43169,110.504954760879,1194.49737274904,TRUE,116.746103443469,0.296299825329051,65.3170995316463,TRUE,0.449674534967222,5.20147367594709,TRUE,4.68920477002139,0.040793161759596,4.29333735507585,TRUE,4,TRUE,no_formulation
PRESERVISION AREDS 2 FORMULA SOFT GELS,Visual Impairment,18,422,307,404,289,42458,43169,6.3091064136834,71.245567319556,TRUE,6.70763282672696,0.244957191737332,4.15008995550838,TRUE,3.00108874423776,1.95584087787512,TRUE,2.40164973452546,0.0540308892830378,1.94605664385165,TRUE,4,TRUE,no_formulation
PRESERVISION AREDS 2 FORMULA SOFT GELS,Vitreous Floaters,3,422,24,419,21,42726,43169,14.4708869329722,22.1024818406855,TRUE,16.580397483161,0.57847481235255,5.33564880803343,TRUE,0.234612800852464,1.80981980989688,TRUE,2.25229898125456,0.28569112094327,1.20467738439066,TRUE,4,TRUE,no_formulation
"PRESERVISION AREDS 2 FORMULA SOFT GELS (CAPSULE, SOFT)",Age-Related Macular Degeneration,3,143,105,140,102,42924,43169,8.84944467297409,13.3937707210109,TRUE,10.4321326273761,0.550101006830871,3.54909536846349,TRUE,0.347819036808821,1.24245348948122,TRUE,2.04552665611773,0.28569112094327,0.997905059253831,TRUE,4,TRUE,no_formulation
"PRESERVISION AREDS 2 FORMULA SOFT GELS (CAPSULE, SOFT)",Blindness,5,143,176,138,171,42855,43169,8.79769353453564,26.5120463198327,TRUE,9.92328256728168,0.441466461288487,4.17706775516325,TRUE,0.583010956936691,1.76126224458104,TRUE,2.34438377971851,0.181795017047166,1.50869021297985,TRUE,4,TRUE,no_formulation
"PRESERVISION AREDS 2 FORMULA SOFT GELS (CAPSULE, SOFT)",Blood Glucose Increased,6,143,406,137,400,42626,43169,4.51321678321678,13.0022244659724,TRUE,5.03138803768017,0.40452344753457,2.27693431773934,TRUE,1.34490027566078,0.962140758455985,FALSE,1.81689688326356,0.153822989075138,1.04817951333424,TRUE,3,TRUE,no_formulation
"PRESERVISION AREDS 2 FORMULA SOFT GELS (CAPSULE, SOFT)",Blood Pressure Increased,14,143,1929,129,1915,41111,43169,2.19965308842593,8.30893778635358,TRUE,2.40314181504471,0.27790988820447,1.393855418509,TRUE,6.38993259051634,0.407018223661258,FALSE,1.07349112711869,0.0689423524703631,0.558856362212406,TRUE,3,TRUE,no_formulation
"PRESERVISION AREDS 2 FORMULA SOFT GELS (CAPSULE, SOFT)",Condition Aggravated,9,143,320,134,311,42715,43169,8.70717064286196,52.7839432226808,TRUE,9.68564984157482,0.340487570568391,4.96935351424064,TRUE,1.06001992170307,2.14925763087065,TRUE,2.60636306079278,0.105239993123721,1.97052506445717,TRUE,4,TRUE,no_formulation
"PRESERVISION AREDS 2 FORMULA SOFT GELS (CAPSULE, SOFT)",Cough,7,143,729,136,722,42304,43169,2.91712996145129,7.05278087088577,TRUE,3.21719457013575,0.376917844963018,1.5368744131746,TRUE,2.41485788412982,0.447438423828529,FALSE,1.36346505004184,0.133310168562317,0.647836414820331,TRUE,3,TRUE,no_formulation
"PRESERVISION AREDS 2 FORMULA SOFT GELS (CAPSULE, SOFT)",Epistaxis,3,143,227,140,224,42802,43169,4.02965784215784,4.09871499623084,TRUE,4.74946302181994,0.54526088209446,1.63120700509738,TRUE,0.751951631958118,0.130918156692875,FALSE,1.48317609595488,0.28569112094327,0.435554499090981,TRUE,3,TRUE,no_formulation
"PRESERVISION AREDS 2 FORMULA SOFT GELS (CAPSULE, SOFT)",Eye Haemorrhage,7,143,91,136,84,42942,43169,25.0734265734266,128.154306840914,TRUE,27.9228168281423,0.390534181781124,12.9876273995444,TRUE,0.301443165234312,3.44797634608638,TRUE,3.22621847596997,0.133310168562317,2.51058984074846,TRUE,4,TRUE,no_formulation
"PRESERVISION AREDS 2 FORMULA SOFT GELS (CAPSULE, SOFT)",Fall,11,143,418,132,407,42619,43169,8.13192213192213,60.7957185082863,TRUE,9.0774256279662,0.311417955035689,4.93035719804498,TRUE,1.38465102272464,2.15722790456471,TRUE,2.60926454895287,0.0869333569681142,2.03136907040271,TRUE,4,TRUE,no_formulation
"PRESERVISION AREDS 2 FORMULA SOFT GELS (CAPSULE, SOFT)",Hip Fracture,3,143,33,140,30,42996,43169,30.0881118881119,52.4976689313499,TRUE,35.1176127413803,0.570650388933215,11.47565723644,TRUE,0.10931455442563,2.90919276768291,TRUE,2.52209581516369,0.28569112094327,1.47447421829979,TRUE,4,TRUE,no_formulation
"PRESERVISION AREDS 2 FORMULA SOFT GELS (CAPSULE, SOFT)",Lacrimation Increased,3,143,72,140,69,42957,43169,13.08178777744,21.55067519128,TRUE,15.3973476023452,0.554295491112304,5.19541288300744,TRUE,0.238504482383192,1.78611968712496,TRUE,2.24467633943171,0.28569112094327,1.19705474256781,TRUE,4,TRUE,no_formulation
"PRESERVISION AREDS 2 FORMULA SOFT GELS (CAPSULE, SOFT)",Macular Degeneration,5,143,289,138,284,42742,43169,5.2972027972028,13.2421229002709,TRUE,5.9661005120136,0.43883565583333,2.52432991671361,TRUE,0.957330491788089,1.04610144374073,TRUE,1.91610353135451,0.181795017047166,1.08040996461585,TRUE,4,TRUE,no_formulation
"PRESERVISION AREDS 2 FORMULA SOFT GELS (CAPSULE, SOFT)",Pneumonia,7,143,221,136,214,42812,43169,9.84190575779361,45.8303059654113,TRUE,10.966597505059,0.381241003809374,5.19461075601865,TRUE,0.732076258426186,2.16883778679918,TRUE,2.60579904229609,0.133310168562317,1.89017040707458,TRUE,4,TRUE,no_formulation
"PRESERVISION AREDS 2 FORMULA SOFT GELS (CAPSULE, SOFT)",Vertigo,4,143,194,139,190,42836,43169,6.33433934486566,12.8044859996435,TRUE,7.25366184065701,0.484420653371885,2.80679129281725,TRUE,0.642637077532489,1.09466564806596,TRUE,1.97755775150814,0.222199057451206,1.05365304911479,TRUE,4,TRUE,no_formulation
"PRESERVISION AREDS 2 FORMULA SOFT GELS (CAPSULE, SOFT)",Vision Blurred,5,143,479,138,474,42552,43169,3.17385146499071,5.42690901472642,TRUE,3.56124440319089,0.437229208043216,1.51155781936827,TRUE,1.58671732029929,0.317351210969546,FALSE,1.39819644134227,0.181795017047166,0.562502874603609,TRUE,3,TRUE,no_formulation
"PRESERVISION AREDS 2 FORMULA SOFT GELS (CAPSULE, SOFT)",Visual Acuity Reduced,3,143,94,140,91,42935,43169,9.91915776531161,15.4680726878635,TRUE,11.6892635591078,0.551166014858879,3.9684888775694,TRUE,0.311380852000278,1.40194306719303,TRUE,2.10890376055582,0.28569112094327,1.06128216369192,TRUE,4,TRUE,no_formulation
"PRESERVISION AREDS 2 FORMULA SOFT GELS (CAPSULE, SOFT)",Weight Decreased,6,143,662,137,656,42370,43169,2.75196145318097,5.0818390584481,TRUE,3.05098109810981,0.403318375097487,1.38397417205929,TRUE,2.19291621302323,0.256932188452603,FALSE,1.27127037539262,0.153822989075138,0.502553005463298,TRUE,3,TRUE,no_formulation
PRESERVISION AREDS 2 MULTIVITAMIN,Cataract,3,42,156,39,153,42974,43169,20.1339869281046,36.498271213688,TRUE,24.8069517173133,0.563532314072866,8.22024973086376,TRUE,0.151775579698395,2.43700747331835,TRUE,2.42490771781114,0.28569112094327,1.37728612094725,TRUE,4,TRUE,no_formulation
PRESERVISION AREDS 2 MULTIVITAMIN,Condition Aggravated,3,42,320,39,317,42810,43169,9.71766561514196,15.5162058379686,TRUE,11.9475132064188,0.5605387644625,3.98233041160391,TRUE,0.311334522458246,1.40215750065539,TRUE,2.10898614025297,0.28569112094327,1.06136454338908,TRUE,4,TRUE,no_formulation
PRESERVISION AREDS 2 MULTIVITAMIN,Eye Haemorrhage,3,42,91,39,88,43039,43169,35.0056818181818,65.8843333508213,TRUE,43.0918257884574,0.567761755412777,14.16140464775,TRUE,0.0885357548240636,3.21228254089103,TRUE,2.57215295216479,0.28569112094327,1.52453135530089,TRUE,4,TRUE,no_formulation
PRESERVISION AREDS 2 MULTIVITAMIN,Feeling Abnormal,3,42,639,39,636,42491,43169,4.8435534591195,5.76571132311761,TRUE,5.9152704167371,0.559129115176408,1.97712574824981,TRUE,0.621696124533809,0.405209985456154,FALSE,1.6416730295383,0.28569112094327,0.594051432674407,TRUE,3,TRUE,no_formulation
PRESERVISION AREDS 2 MULTIVITAMIN,Hypertension,3,42,735,39,732,42395,43169,4.20833333333333,4.53675792346395,TRUE,5.12841404933685,0.558945003137912,1.71474477972874,TRUE,0.715096481271283,0.203386059467313,FALSE,1.52628405059251,0.28569112094327,0.47866245372861,TRUE,3,TRUE,no_formulation
PRESERVISION AREDS 2 MULTIVITAMIN,Macular Degeneration,8,42,289,34,281,42846,43169,29.2336892052195,186.766059347825,TRUE,37.5004762272505,0.387567159428769,17.544175242507,TRUE,0.281173990595103,3.824784248299,TRUE,3.44374702104527,0.117623894052513,2.77153875615103,TRUE,4,TRUE,no_formulation
PRESERVISION AREDS 2 MULTIVITAMIN SOFT GELS,Macular Degeneration,4,28,289,24,285,42856,43169,21.6245614035088,58.9712274998258,TRUE,27.5712856070624,0.51629885667741,10.0224652217629,TRUE,0.187449327063402,2.87029286603932,TRUE,2.71059972213394,0.222199057451206,1.78669501974058,TRUE,4,TRUE,no_formulation
PRESERVISION AREDS 2 MULTIVITAMIN SOFT GELS,Visual Impairment,3,28,307,25,304,42837,43169,15.2047697368421,26.7943488047171,TRUE,19.3092179400496,0.572920053996251,6.28181712368366,TRUE,0.199124371655586,2.04605467561324,TRUE,2.32373388836887,0.28569112094327,1.27611229150497,TRUE,4,TRUE,no_formulation
PRESERVISION AREDS 2 SOFT GELS,Haemorrhage,3,28,591,25,588,42553,43169,7.8609693877551,11.8577158191884,TRUE,9.92468389224849,0.571535394496716,3.23754589570585,TRUE,0.383330630776715,1.10233339042197,TRUE,1.98632947703235,0.28569112094327,0.938707880168454,TRUE,4,TRUE,no_formulation
"PRESERVISION AREDS 2 SOFT GELS (CAPSULE, SOFT)",Age-Related Macular Degeneration,25,55,105,30,80,43034,43169,244.965909090909,4454.58999834434,TRUE,446.952347011506,0.290599671264501,252.870279253739,TRUE,0.133776552618777,7.0187426876725,TRUE,5.33037915051572,0.0391925215034936,4.94235596743535,TRUE,4,TRUE,no_formulation
"PRESERVISION AREDS 2 SOFT GELS (CAPSULE, SOFT)",Blindness,4,55,176,51,172,42942,43169,18.230021141649,48.1116244809829,TRUE,21.7522161249472,0.49745360221144,8.20469525776367,TRUE,0.224234983437189,2.61221649729193,TRUE,2.63539522991,0.222199057451206,1.71149052751665,TRUE,4,TRUE,no_formulation
"PRESERVISION AREDS 2 SOFT GELS (CAPSULE, SOFT)",Cataract,4,55,156,51,152,42962,43169,20.6287081339713,55.1018869805552,TRUE,24.6164252745504,0.498217172639048,9.27115767527582,TRUE,0.198753735319326,2.78596211684799,TRUE,2.68706900615594,0.222199057451206,1.76316430376258,TRUE,4,TRUE,no_formulation
"PRESERVISION AREDS 2 SOFT GELS (CAPSULE, SOFT)",Condition Aggravated,11,55,320,44,309,42805,43169,27.905501618123,252.013958014489,TRUE,35.7418271587011,0.335682604711667,18.5113438792036,TRUE,0.407699969885798,3.92031067283108,TRUE,3.66327454140968,0.0869333569681142,3.08537906285952,TRUE,4,TRUE,no_formulation
"PRESERVISION AREDS 2 SOFT GELS (CAPSULE, SOFT)",Disease Progression,3,55,18,52,15,43099,43169,156.778181818182,268.007564775797,TRUE,185.374193548387,0.607701601050612,56.3330452315961,TRUE,0.0229331233060761,5.14519715951866,TRUE,2.74265656157004,0.28569112094327,1.69503496470614,TRUE,4,TRUE,no_formulation
"PRESERVISION AREDS 2 SOFT GELS (CAPSULE, SOFT)",Eye Haemorrhage,6,55,91,49,85,43029,43169,55.3334759358289,250.875278745017,TRUE,66.0858290507413,0.431007332131652,28.394059943483,TRUE,0.115939678936274,4.49428160082834,TRUE,3.39957874321328,0.153822989075138,2.63086137328396,TRUE,4,TRUE,no_formulation
"PRESERVISION AREDS 2 SOFT GELS (CAPSULE, SOFT)",Macular Degeneration,7,55,289,48,282,42832,43169,19.4582849774339,102.933734509473,TRUE,23.4463096432807,0.396881669771902,10.7706521141437,TRUE,0.368204035303111,3.15965564854022,TRUE,3.11078456242449,0.133310168562317,2.39515592720298,TRUE,4,TRUE,no_formulation
"PRESERVISION AREDS 2 SOFT GELS (CAPSULE, SOFT)",Visual Field Defect,3,55,25,52,22,43092,43169,106.894214876033,191.609524718004,TRUE,127.681481481482,0.590956474793742,40.0954974962827,TRUE,0.0318515601473279,4.67725848287534,TRUE,2.7182593714472,0.28569112094327,1.67063777458331,TRUE,4,TRUE,no_formulation
"PRESERVISION AREDS 2 SOFT GELS (CAPSULE, SOFT)",Visual Impairment,7,55,307,48,300,42814,43169,18.2907878787879,96.2154686516173,TRUE,22.0326088821037,0.396614464725025,10.1265352082464,TRUE,0.391137158609187,3.07256557919636,TRUE,3.07317119049235,0.133310168562317,2.35754255527084,TRUE,4,TRUE,no_formulation
PRESERVISION AREDS SOFT GELS,Lung Neoplasm Malignant,6,40,33,34,27,43102,43169,239.605555555556,979.976634900764,TRUE,295.300395256917,0.46820775086128,117.955323168227,TRUE,0.0305774977414348,6.40522756887772,TRUE,3.6148043221306,0.153822989075138,2.84608695220128,TRUE,4,TRUE,no_formulation
PRESERVISION AREDS SOFT GELS,Macular Degeneration,3,40,289,37,286,42843,43169,11.3100524475524,18.7502087175155,TRUE,13.9571611401978,0.562045100094814,4.63846885553672,TRUE,0.267784752947717,1.61928985706147,TRUE,2.18858110623279,0.28569112094327,1.14095950936889,TRUE,4,TRUE,no_formulation
PRESERVISION AREDS SOFT GELS,Neuropathy Peripheral,3,40,226,37,223,42906,43169,14.505269058296,25.2104538590087,TRUE,17.9177032065623,0.562919649509257,5.94450175185116,TRUE,0.209409529986796,1.97351980431484,TRUE,2.3026643058256,0.28569112094327,1.2550427089617,TRUE,4,TRUE,no_formulation
"PRESERVISION AREDS SOFT GELS (CAPSULE, SOFT)",Blood Pressure Increased,3,17,1929,14,1926,41226,43169,3.95382078064871,4.17534389092441,TRUE,5.16544206484871,0.596005985912269,1.60611618151013,TRUE,0.759642335935509,0.116244401965633,FALSE,1.47434077041337,0.28569112094327,0.426719173549472,TRUE,3,TRUE,no_formulation
"PRESERVISION AREDS SOFT GELS (CAPSULE, SOFT)",Condition Aggravated,3,17,320,14,317,42835,43169,24.0222675821117,45.0744972250357,TRUE,32.56568015205,0.598207952452571,10.0821989732196,TRUE,0.126016354328337,2.7046682837578,TRUE,2.48308266969092,0.28569112094327,1.43546107282702,TRUE,4,TRUE,no_formulation
PRESERVISION LUTEIN,Blood Pressure Increased,3,14,1929,11,1926,41229,43169,4.80140186915888,5.88079616081292,TRUE,6.51342262945869,0.610912545276359,1.96693497096692,TRUE,0.625587806064537,0.396212150955408,FALSE,1.63667631756874,0.28569112094327,0.589054720704839,TRUE,3,TRUE,no_formulation
PRESERVISION LUTEIN,Macular Degeneration,5,14,289,9,284,42871,43169,54.2693661971831,208.615922380704,TRUE,87.2419757654241,0.539091461368829,30.3278467242421,TRUE,0.093724663531701,4.39384240941481,TRUE,3.21156566911301,0.181795017047166,2.37587210237434,TRUE,4,TRUE,no_formulation
PRESERVISION LUTEIN SOFT GELS,Blood Pressure Increased,3,17,1929,14,1926,41226,43169,3.95382078064871,4.17534389092441,TRUE,5.16544206484871,0.596005985912269,1.60611618151013,TRUE,0.759642335935509,0.116244401965633,FALSE,1.47434077041337,0.28569112094327,0.426719173549472,TRUE,3,TRUE,no_formulation
PREVAGEN,Cerebrovascular Accident,7,56,676,49,669,42444,43169,8.0554932735426,36.6777992315066,TRUE,9.60565324642995,0.393767146538444,4.43961738318801,TRUE,0.876925571590725,1.90848944888822,TRUE,2.44544001754378,0.133310168562317,1.72981138232227,TRUE,4,TRUE,no_formulation
PREVAGEN,Convulsion,9,56,820,47,811,42302,43169,8.54361898890259,53.0607538750141,TRUE,10.4257547751078,0.357171827876765,5.17698263117245,TRUE,1.06372628506567,2.14422367460022,TRUE,2.60293950830274,0.105239993123721,1.96710151196713,TRUE,4,TRUE,no_formulation
PREVAGEN,Hallucination,4,56,321,52,317,42796,43169,9.71451104100946,23.0354863051901,TRUE,11.5536107986502,0.494411583567617,4.38395509900753,TRUE,0.416409923787903,1.72024541566354,TRUE,2.29586001468177,0.222199057451206,1.37195531228841,TRUE,4,TRUE,no_formulation
PREVAGEN,Transient Ischaemic Attack,3,56,137,53,134,42979,43169,17.2360074626866,30.4815265785758,TRUE,20.9051523468714,0.55844792563279,6.99669376451405,TRUE,0.177720123236582,2.20981729202346,TRUE,2.36859340756658,0.28569112094327,1.32097181070268,TRUE,4,TRUE,no_formulation
PREVAGEN 10 MG,Convulsion,4,9,820,5,816,42344,43169,23.5076252723312,66.0958322999171,TRUE,42.4317207593386,0.636622933612263,12.1838982417393,TRUE,0.17095601009984,3.00291298584302,TRUE,2.74563491424283,0.222199057451206,1.82173021184948,TRUE,4,TRUE,no_formulation
PREVAGEN EXTRA STRENGTH,Blood Pressure Increased,9,57,1929,48,1920,41192,43169,3.54539473684211,14.5833922558083,TRUE,4.20131945879644,0.355565308480194,2.0927743547908,TRUE,2.54703606754847,0.884803371699115,FALSE,1.64052093623988,0.105239993123721,1.00468293990427,TRUE,3,TRUE,no_formulation
PREVAGEN EXTRA STRENGTH,Cerebrovascular Accident,8,57,676,49,668,42444,43169,9.05809433764051,49.7556066008767,TRUE,10.9026918398646,0.373320941706698,5.24513337647771,TRUE,0.892584956797702,2.15946807882557,TRUE,2.60969749715938,0.117623894052513,1.93748923226513,TRUE,4,TRUE,no_formulation
PREVAGEN EXTRA STRENGTH,Confusional State,3,57,403,54,400,42712,43169,5.67263157894737,7.35592661205565,TRUE,6.84895028003986,0.553699558261414,2.31369141113914,TRUE,0.532117955014015,0.629538948507111,FALSE,1.76174706429127,0.28569112094327,0.714125467427376,TRUE,3,TRUE,no_formulation
PREVAGEN EXTRA STRENGTH,Convulsion,6,57,820,51,814,42298,43169,5.57506789085737,18.3948186311671,TRUE,6.5545066065905,0.417749946928422,2.89030764675422,TRUE,1.08272139729899,1.274888412589,TRUE,2.0380323945101,0.153822989075138,1.26931502458078,TRUE,4,TRUE,no_formulation
PREVAGEN EXTRA STRENGTH,Dizziness,10,57,2837,47,2827,40285,43169,2.67545411104698,9.47285331091311,TRUE,3.14950160547257,0.34156876169126,1.61247367975109,TRUE,3.74595195626491,0.536581494892163,FALSE,1.30622937580549,0.095214930467079,0.70143380961611,TRUE,3,TRUE,no_formulation
PREVAGEN EXTRA STRENGTH,Loss Of Consciousness,5,57,995,52,990,42122,43169,3.81995392521708,7.91997590813086,TRUE,4.45515732794885,0.449331873188094,1.84664763072468,TRUE,1.31378998818597,0.58959658994517,FALSE,1.60042419724858,0.181795017047166,0.764730630509915,TRUE,3,TRUE,no_formulation
PREVAGEN EXTRA STRENGTH,Tremor,4,57,796,53,792,42320,43169,3.81995392521708,5.82112442521684,TRUE,4.49169492025119,0.49213745018104,1.71196308669168,TRUE,1.05103199054877,0.385235662051073,FALSE,1.53669655869815,0.222199057451206,0.612791856304799,TRUE,3,TRUE,no_formulation
PREVAGEN REGULAR STRENGTH,Atrial Fibrillation,3,65,449,62,446,42658,43169,4.46057261124526,4.97996987302613,TRUE,5.35022620380739,0.551341427210547,1.81577004283625,TRUE,0.676063842108921,0.284324355209111,FALSE,1.57338854369118,0.28569112094327,0.525766946827283,TRUE,3,TRUE,no_formulation
PREVAGEN REGULAR STRENGTH,Blood Pressure Increased,14,65,1929,51,1915,41189,43169,4.84800964049006,40.5205981491266,TRUE,6.05431672634841,0.298210207581431,3.3746091804843,TRUE,2.90451481387107,1.54442839249238,TRUE,2.09053178440782,0.0689423524703631,1.57589701950154,TRUE,4,TRUE,no_formulation
PREVAGEN REGULAR STRENGTH,Cerebrovascular Accident,6,65,676,59,670,42434,43169,5.9385533869116,20.0812976403914,TRUE,6.91379818146498,0.414931158839825,3.06563302010997,TRUE,1.01786003845352,1.36398202678069,TRUE,2.09840095185301,0.153822989075138,1.32968358192369,TRUE,4,TRUE,no_formulation
PREVAGEN REGULAR STRENGTH,Confusional State,4,65,403,61,399,42705,43169,6.648004626952,13.9456228697276,TRUE,7.82175890594951,0.490926603396677,2.98826607344142,TRUE,0.606801176770368,1.1774003233469,TRUE,2.02352891848239,0.222199057451206,1.09962421608904,TRUE,4,TRUE,no_formulation
PREVAGEN REGULAR STRENGTH,Convulsion,8,65,820,57,812,42292,43169,6.53338385752179,32.457436731697,TRUE,7.6946889632107,0.369178516786139,3.73198570629044,TRUE,1.23468229516551,1.69154388983774,TRUE,2.29279138199714,0.117623894052513,1.62058311710289,TRUE,4,TRUE,no_formulation
PREVAGEN REGULAR STRENGTH,Dizziness,13,65,2837,52,2824,40280,43169,3.05269121813031,16.99011105413,TRUE,3.66714209847508,0.305778619255372,2.01392699565247,TRUE,4.27169959924946,0.849684669223293,FALSE,1.50038428065477,0.0740509093030578,0.967023264851567,TRUE,3,TRUE,no_formulation
PREVAGEN REGULAR STRENGTH,Gait Disturbance,3,65,361,62,358,42746,43169,5.55702621400946,7.1118954179842,TRUE,6.67727754532776,0.55183972285562,2.26393510165774,TRUE,0.543561351896036,0.598861807955934,FALSE,1.74583950174744,0.28569112094327,0.69821790488354,TRUE,3,TRUE,no_formulation
PREVAGEN REGULAR STRENGTH,Headache,11,65,2348,54,2337,40767,43169,3.12131924558112,14.53097456565,TRUE,3.68013540695678,0.325203755240002,1.94556064832753,TRUE,3.53540735249832,0.80509225385486,FALSE,1.51084764295882,0.0869333569681142,0.932952164408666,TRUE,3,TRUE,no_formulation
PREVAGEN REGULAR STRENGTH,Memory Impairment,4,65,187,61,183,42921,43169,14.4948297604035,37.0037330982081,TRUE,17.1149730843358,0.49391828722116,6.50046593338308,TRUE,0.281567791702379,2.28419638105915,TRUE,2.52548208105598,0.222199057451206,1.60157737866263,TRUE,4,TRUE,no_formulation
PREVAGEN REGULAR STRENGTH,Syncope,4,65,552,61,548,42556,43169,4.84042672655811,8.69382246782635,TRUE,5.67710162972186,0.490233655569855,2.17185764972523,TRUE,0.831151984062638,0.723732938312421,FALSE,1.75724970131526,0.222199057451206,0.833344998921905,TRUE,3,TRUE,no_formulation
PREVAGEN REGULAR STRENGTH,Vertigo,3,65,194,62,191,42913,43169,10.4157873540073,16.7889356502397,TRUE,12.5491174934726,0.554039277054853,4.23648264807789,TRUE,0.292107762514768,1.49401737763532,TRUE,2.14358630145095,0.28569112094327,1.09596470458705,TRUE,4,TRUE,no_formulation
"PREVAGEN, 10 MG, QUINCY BIOSCIENCE",Transient Ischaemic Attack,3,5,137,2,134,43030,43169,193.271641791045,390.176908616576,TRUE,447.901115241636,0.832569798444819,87.596030079894,TRUE,0.0158678681461234,5.66704338319921,TRUE,2.76228142877947,0.28569112094327,1.71465983191557,TRUE,4,TRUE,no_formulation
PROBIO 5,Diarrhoea,5,17,3103,12,3098,40054,43169,4.09676071849011,9.47841170025567,TRUE,5.68790705179926,0.512021371243586,2.0850242036024,TRUE,1.2219648358776,0.694100068616222,FALSE,1.67537593677536,0.181795017047166,0.839682370036693,TRUE,3,TRUE,no_formulation
PROSVENT ULTRA BLEND,Urinary Tract Infection,3,19,312,16,309,42841,43169,22.0490546755238,40.9651673099763,TRUE,29.3621677191952,0.591248429971745,9.21525359616188,TRUE,0.137320762584262,2.58105340716308,TRUE,2.45726335542694,0.28569112094327,1.40964175856305,TRUE,4,TRUE,no_formulation
PROTANDIM,Vomiting,4,10,3595,6,3591,39568,43169,4.80746310219995,9.32085037949312,TRUE,7.62733591064372,0.613491714606696,2.29170220840394,TRUE,0.832773518033774,0.720922222107606,FALSE,1.75549336142822,0.222199057451206,0.831588659034864,TRUE,3,TRUE,no_formulation
PROTANDIM US,Abdominal Pain,8,74,1676,66,1668,41427,43169,2.79311685786506,7.76622277838589,TRUE,3.17365559538643,0.365113861814368,1.55156009709603,TRUE,2.87298756051796,0.473361569762087,FALSE,1.3334358435027,0.117623894052513,0.661227578608454,TRUE,3,TRUE,no_formulation
PROTANDIM US,Blood Bilirubin Increased,3,74,364,71,361,42734,43169,4.83959721494348,5.69826653626375,TRUE,5.78671812281771,0.54999086512995,1.96911305811591,TRUE,0.6239662720934,0.399954431152704,FALSE,1.63875617814793,0.28569112094327,0.591134581284033,TRUE,3,TRUE,no_formulation
PROTANDIM US,Dehydration,7,74,879,67,872,42223,43169,4.67494730969502,16.919711433917,TRUE,5.37707736389685,0.386416826040346,2.5212832714619,TRUE,1.50677569552225,1.12778799494066,TRUE,1.90201122506751,0.133310168562317,1.186382589846,TRUE,4,TRUE,no_formulation
PROTANDIM US,Diarrhoea,14,74,3103,60,3089,40006,43169,2.63940048821888,13.5799261425447,TRUE,3.10352313019706,0.292989958479395,1.74765980925762,TRUE,5.31914105029072,0.671609979913182,FALSE,1.31717477909699,0.0689423524703631,0.802540014190707,TRUE,3,TRUE,no_formulation
PROTANDIM US,Fatigue,7,74,1718,67,1711,41384,43169,2.3825564313583,4.47695149434654,TRUE,2.6866945824001,0.385689764677732,1.26157345978916,TRUE,2.94498366883643,0.161154132394993,FALSE,1.12239345185008,0.133310168562317,0.406764816628572,TRUE,3,TRUE,no_formulation
PROTANDIM US,Hypertension,5,74,735,69,730,42365,43169,3.9888004442799,8.49110726652864,TRUE,4.58954889476509,0.444521316173046,1.9203740015343,TRUE,1.25993189557321,0.649969342650228,FALSE,1.64391201694509,0.181795017047166,0.808218450206424,TRUE,3,TRUE,no_formulation
PROTANDIM US,Liver Function Test Abnormal,4,74,495,70,491,42604,43169,4.74431661804371,8.39583118797131,TRUE,5.53293218761499,0.488328454096495,2.12462249635983,TRUE,0.848525562324817,0.693899369609117,FALSE,1.73854213223089,0.222199057451206,0.814637429837538,TRUE,3,TRUE,no_formulation
PROTANDIM US,Local Swelling,3,74,167,71,164,42931,43169,10.6530158206987,17.214778593454,TRUE,12.7753310519268,0.552994231412987,4.32169357304597,TRUE,0.286270240218675,1.52310571050603,TRUE,2.15425776652726,0.28569112094327,1.10663616966337,TRUE,4,TRUE,no_formulation
PROTANDIM US,Pneumonia,3,74,221,71,218,42877,43169,8.0141953880486,11.9583253618075,TRUE,9.60594325582884,0.551634191284825,3.25821331139615,TRUE,0.378836665199565,1.11933133666343,TRUE,1.99368795647128,0.28569112094327,0.946066359607384,TRUE,4,TRUE,no_formulation
PROTANDIM US,Swollen Tongue,4,74,394,70,390,42705,43169,5.97297297297297,11.9422860782103,TRUE,6.98049418367069,0.488866909327254,2.67765275198285,TRUE,0.67539206374945,1.02298214081976,TRUE,1.93678293905114,0.222199057451206,1.01287823665779,TRUE,4,TRUE,no_formulation
PROTANDIM US,Vomiting,16,74,3595,58,3579,39516,43169,2.60347522711312,15.4599295454202,TRUE,3.11375317423648,0.279293308569798,1.80112941735737,TRUE,6.16252403344993,0.704851088814845,FALSE,1.30832528730255,0.0605828958350444,0.825898865306506,TRUE,3,TRUE,no_formulation
PROTANDIM US,Weight Decreased,4,74,662,70,658,42437,43169,3.54021194446726,5.01506074978795,TRUE,4.11355595405419,0.487799944993324,1.58122514989511,TRUE,1.13479580254349,0.27464442833705,FALSE,1.46081455719025,0.222199057451206,0.536909854796897,TRUE,3,TRUE,no_formulation
PROTEIN FREE TRIAL,Diarrhoea,3,4,3103,1,3100,40065,43169,10.4431451612903,18.3452961420209,TRUE,30.1519647368704,0.976078091207252,4.45103666594049,TRUE,0.287521137853552,1.51682293355576,TRUE,2.15196436955016,0.28569112094327,1.10434277268626,TRUE,4,TRUE,no_formulation
PROTEIN TIN CHOCOLATE,Gastric Disorder,3,3,233,0,230,42936,43169,187.678260869565,383.099321513451,TRUE,1303.9284164859,1.51329969626503,67.1594364465577,TRUE,0.0161921749403507,5.63846922044936,TRUE,2.76137474544783,0.28569112094327,1.71375314858393,TRUE,4,TRUE,no_formulation
PURE GARCINIA CAMBOGIA EXTRACT,Chest Pain,3,4,1313,1,1310,41855,43169,24.712786259542,47.9566852864507,TRUE,74.523337148671,0.976303186328479,10.9962915204014,TRUE,0.121661377377285,2.75526719108878,TRUE,2.49315406714654,0.28569112094327,1.44553247028264,TRUE,4,TRUE,no_formulation
PURITAN'S PRIDE GINKGO BILOBA,Atrial Fibrillation,3,11,449,8,446,42712,43169,26.3909498573176,50.2777348095047,TRUE,39.3896976483763,0.636886487959326,11.3045667891229,TRUE,0.114410804049202,2.8436569274211,TRUE,2.51007943172711,0.28569112094327,1.46245783486321,TRUE,4,TRUE,no_formulation
PURITAN'S PRIDE GREEN TEA EXTRACT,Atrial Fibrillation,3,5,449,2,446,42718,43169,58.0681614349776,116.45758412462,TRUE,133.943784994401,0.829443992342623,26.3563694852354,TRUE,0.0520049109314554,3.97597105899986,TRUE,2.66460191489634,0.28569112094327,1.61698031803244,TRUE,4,TRUE,no_formulation
PURITAN'S PRIDE KLAMATH LAKE BLUE GREEN ALGAE,Asthenia,3,4,1267,1,1264,41901,43169,25.6121439873418,49.8213485937852,TRUE,77.3192302622908,0.976317389115153,11.4085219591032,TRUE,0.117399059510297,2.8065696489942,TRUE,2.50307973166097,0.28569112094327,1.45545813479707,TRUE,4,TRUE,no_formulation
PURITAN'S PRIDE NIACIN 500MG COATED CAPLETS,Dizziness,4,13,2837,9,2833,40323,43169,4.68717586684406,8.77183437661839,TRUE,6.74099356384609,0.572593311144985,2.19443462046191,TRUE,0.854339919849892,0.684051282631529,FALSE,1.73233512136631,0.222199057451206,0.808430418972954,TRUE,3,TRUE,no_formulation
PURITAN'S PRIDE NIACIN 500MG COATED CAPLETS,Erythema,5,13,719,8,714,42442,43169,23.2471450118509,86.2021513273171,TRUE,38.4363808504508,0.548532936163797,13.1166166657752,TRUE,0.216521114688781,3.18883573467332,TRUE,2.94035049458091,0.181795017047166,2.10465692784225,TRUE,4,TRUE,no_formulation
PURITAN'S PRIDE NIACIN 500MG COATED CAPLETS,Fall,3,13,418,10,415,42741,43169,23.9977757182577,45.2288104794853,TRUE,34.2892097874047,0.619178904910372,10.1883006572168,TRUE,0.12587736570224,2.70625602549392,TRUE,2.48340301350162,0.28569112094327,1.43578141663772,TRUE,4,TRUE,no_formulation
PURITAN'S PRIDE NIACIN 500MG COATED CAPLETS,Feeling Hot,4,13,330,9,326,42830,43169,40.7324209532799,117.299233372314,TRUE,62.1382284194406,0.574953489511252,20.1348582563274,TRUE,0.0993768676596632,3.78346725494716,TRUE,2.90838969075092,0.222199057451206,1.98448498835757,TRUE,4,TRUE,no_formulation
PURITAN'S PRIDE NIACIN 500MG COATED CAPLETS,Flushing,6,13,358,7,352,42804,43169,56.5856643356644,272.034251532977,TRUE,105.240378250591,0.538553366568072,36.6232195015564,TRUE,0.107808844309574,4.59885805478072,TRUE,3.41875014516277,0.153822989075138,2.65003277523345,TRUE,4,TRUE,no_formulation
PURITAN'S PRIDE NIACIN 500MG COATED CAPLETS,Hypersensitivity,3,13,2207,10,2204,40952,43169,4.5186374424124,5.34317897234325,TRUE,6.19225825962047,0.617600531967396,1.84559699809562,TRUE,0.664620445226899,0.308940515619262,FALSE,1.58749507104829,0.28569112094327,0.539873474184389,TRUE,3,TRUE,no_formulation
PURITAN'S PRIDE NIACIN 500MG COATED CAPLETS,Loss Of Consciousness,4,13,995,9,991,42165,43169,13.3993635022898,34.9995307919834,TRUE,20.1443586272792,0.573164609041368,6.55037072055471,TRUE,0.299636313095045,2.19457256605019,TRUE,2.49250910707282,0.222199057451206,1.56860440467946,TRUE,4,TRUE,no_formulation
PURITAN'S PRIDE NIACIN 500MG COATED CAPLETS,Paraesthesia,3,13,621,10,618,42538,43169,16.1150112023898,29.0341081289169,TRUE,22.9256265157639,0.618540785998187,6.82038148252115,TRUE,0.187009196414093,2.136453809711,TRUE,2.34895360562764,0.28569112094327,1.30133200876374,TRUE,4,TRUE,no_formulation
PURITAN'S PRIDE NIACIN 500MG COATED CAPLETS,Pruritus,3,13,1457,10,1454,41702,43169,6.84943392233626,10.0245833519189,TRUE,9.55712157671594,0.617789512548702,2.84743658827689,TRUE,0.438763927818574,0.907641468170938,FALSE,1.89852060984857,0.28569112094327,0.850899012984675,TRUE,3,TRUE,no_formulation
PURITAN'S PRIDE NIACIN 500MG COATED CAPLETS,Swelling,4,13,827,9,823,42333,43169,16.1345920179456,43.2789397947422,TRUE,24.3505895887259,0.573343990248773,7.91533360927564,TRUE,0.24904445319558,2.46104513512211,TRUE,2.58680175614797,0.222199057451206,1.66289705375462,TRUE,4,TRUE,no_formulation
PURITAN'S PRIDE OMEGA 3 FISH OIL,Diarrhoea,3,8,3103,5,3100,40061,43169,5.22108870967742,6.94415026139753,TRUE,8.22244212810251,0.684017512771705,2.15155951667258,TRUE,0.575042275707105,0.517686706783174,FALSE,1.70296152758822,0.28569112094327,0.65533993072432,TRUE,3,TRUE,no_formulation
PURITAN'S PRIDE PROBIOTIC ACIDOPHILUS,Diarrhoea,3,6,3103,3,3100,40063,43169,6.96177419354839,10.6929624094433,TRUE,12.9216255442671,0.756158753456171,2.93536307169958,TRUE,0.431281706780328,0.932436224186834,FALSE,1.9100653770884,0.28569112094327,0.862443780224504,TRUE,3,TRUE,no_formulation
PURITAN'S PRIDE RED YEAST RICE,Atrial Fibrillation,3,8,449,5,446,42715,43169,36.2900784753363,70.947238435058,TRUE,60.879262954291,0.685416311372525,15.8866103271631,TRUE,0.0832078574903287,3.30146485493406,TRUE,2.58527285988991,0.28569112094327,1.53765126302601,TRUE,4,TRUE,no_formulation
PURITAN'S PRIDE SUPER CHELATED MULTI-MINERAL COATED CAPLETS,Headache,3,5,2348,2,2345,40819,43169,11.0440938166311,19.3059283699158,TRUE,24.3646557237263,0.82835085086945,4.804561977511,TRUE,0.27195441173064,1.59702727495797,TRUE,2.18076736622899,0.28569112094327,1.13314576936509,TRUE,4,TRUE,no_formulation
PURITAN'S PRIDE SUPER CHELATED MULTI-MINERAL COATED CAPLETS,Vertigo,3,5,194,2,191,42973,43169,135.593717277487,274.438202502062,TRUE,314.166579634465,0.831239729551007,61.6019474019916,TRUE,0.0224698278857514,5.17420064500316,TRUE,2.74393529155328,0.28569112094327,1.69631369468938,TRUE,4,TRUE,no_formulation
PURITAN'S PRIDE TURMERIC CURCUMIN,Asthenia,3,19,1267,16,1264,41886,43169,5.39015656229181,6.97312056943888,TRUE,7.02650466707406,0.589181675525054,2.21420471912165,TRUE,0.55764553267391,0.561979410970535,FALSE,1.72649872933081,0.28569112094327,0.678877132466909,TRUE,3,TRUE,no_formulation
PURITAN'S PRIDE TURMERIC CURCUMIN,Atrial Fibrillation,3,19,449,16,446,42704,43169,15.2761387774369,27.1180521960127,TRUE,20.2878618208965,0.590409522885279,6.37778017906674,TRUE,0.197618661539531,2.05698630485843,TRUE,2.32684438372457,0.28569112094327,1.27922278686067,TRUE,4,TRUE,no_formulation
PURITAN'S PRIDE TURMERIC CURCUMIN,Dizziness,7,19,2837,12,2830,40320,43169,5.61744467175005,23.6490822479136,TRUE,8.54700582935877,0.462289334815352,3.45386512482018,TRUE,1.2486506520883,1.39881457699047,TRUE,2.10064850122692,0.133310168562317,1.38501986600541,TRUE,4,TRUE,no_formulation
PURITANS PRIDE NEURO-PS 100MG RAPID RELEASE SOFTGELS,Confusional State,3,3,403,0,400,42766,43169,107.915,220.264231350406,TRUE,747.479400749064,1.51269116061528,38.5452190380438,TRUE,0.0280062081586324,4.86075725922078,TRUE,2.72872812443128,0.28569112094327,1.68110652756738,TRUE,4,TRUE,no_formulation
PURITY FIRST B50,Blood Cholesterol Increased,15,15,168,0,153,43001,43169,282.052287581699,3587.96275237059,TRUE,8684.34201954397,1.43911571529723,517.29334562703,TRUE,0.058375222960921,7.30033868088536,TRUE,4.79488947967308,0.0644929642612418,4.29713836565526,TRUE,4,TRUE,no_formulation
PURITY FIRST B50,Fatigue,15,15,1718,0,1703,41451,43169,25.3399882560188,337.337997328709,TRUE,754.327267390666,1.43705507212539,45.1142596084306,TRUE,0.596956149088466,3.95380067156024,TRUE,3.82069045534502,0.0644929642612418,3.32293934132719,TRUE,4,TRUE,no_formulation
PURITY FIRST B50,Liver Function Test Abnormal,15,15,495,0,480,42674,43169,89.9041666666667,1207.8314629067,TRUE,2753.1935483871,1.43757459899747,164.493423909472,TRUE,0.171998424795571,5.74697529316827,TRUE,4.52766655402955,0.0644929642612418,4.02991544001172,TRUE,4,TRUE,no_formulation
PURITY FIRST B50,Malaise,15,15,1895,0,1880,41274,43169,22.9542553191489,304.4295361442,TRUE,680.409199680936,1.43703588352241,40.6949517738657,TRUE,0.65845861613658,3.81241060462851,TRUE,3.74198980296526,0.0644929642612418,3.24423868894744,TRUE,4,TRUE,no_formulation
PURITY FIRST B50,Muscle Spasms,15,15,623,0,608,42546,43169,70.9769736842105,956.594056504668,TRUE,2167.52917009039,1.43742235202535,129.540730968068,TRUE,0.216474785146749,5.4157644536741,TRUE,4.43520847257167,0.0644929642612418,3.93745735855384,TRUE,4,TRUE,no_formulation
PURITY FIRST B50,Myalgia,15,15,357,0,342,42812,43169,126.181286549708,1680.51805814791,TRUE,3875,1.43786619500066,231.385048531919,TRUE,0.124047348791957,6.21736509265743,TRUE,4.63446890939854,0.0644929642612418,4.13671779538071,TRUE,4,TRUE,no_formulation
PURITY FIRST B50,Thyroid Function Test Abnormal,15,15,47,0,32,43122,43169,1348.5625,12863.6456557811,TRUE,41132.2307692308,1.44751806536278,2410.07196895845,TRUE,0.0163311635664481,9.11643348202051,TRUE,4.90782772957287,0.0644929642612418,4.41007661555505,TRUE,4,TRUE,no_formulation
PURITY FIRST VARIOUS DIETARY SUPPLEMENTS,Asthenia,7,8,1267,1,1260,41901,43169,29.9729166666667,172.263494071675,TRUE,166.209837366125,0.894883903907016,28.7684303912354,TRUE,0.234798119020594,3.80797400385278,TRUE,3.35147075713744,0.133310168562317,2.63584212191593,TRUE,4,TRUE,no_formulation
PURITY FIRST VARIOUS DIETARY SUPPLEMENTS,Fatigue,7,8,1718,1,1711,41450,43169,22.0723991817651,125.020546456339,TRUE,121.094069529652,0.894767236746076,20.9643608505361,TRUE,0.318376612847182,3.36921562237867,TRUE,3.19605377343255,0.133310168562317,2.48042513821104,TRUE,4,TRUE,no_formulation
PURITY FIRST VARIOUS DIETARY SUPPLEMENTS,Investigation Abnormal,7,8,7,1,0,43161,43169,Inf,32567.7854479523,TRUE,431615,1.67332697605587,16245.4539727337,TRUE,0.00129722717690936,10.9700646537308,TRUE,3.90315243632612,0.133310168562317,3.18752380110462,TRUE,4,TRUE,no_formulation
PURITY FIRST VARIOUS DIETARY SUPPLEMENTS,Pain,7,8,1848,1,1841,41320,43169,20.513783269962,115.684466594028,TRUE,112.19250610915,0.894744229727835,19.424157242643,TRUE,0.34246797470407,3.26409063494639,TRUE,3.15419684528599,0.133310168562317,2.43856821006448,TRUE,4,TRUE,no_formulation
QUINCY BIOSCIENCE PREVAGEN,Convulsion,4,13,820,9,816,42340,43169,16.2730015082956,43.6977936108293,TRUE,24.5634125116834,0.573353065666067,7.98437119938073,TRUE,0.246936459033102,2.47329153735891,TRUE,2.59086757638995,0.222199057451206,1.66696287399659,TRUE,4,TRUE,no_formulation
QUINCY BIOSCIENCE PREVAGEN 10MG,Convulsion,3,12,820,9,817,42340,43169,13.2059363525092,23.0922120336276,TRUE,19.0815065185901,0.626278135693838,5.59131485426704,TRUE,0.227941346799787,1.85137697087155,TRUE,2.26546080565564,0.28569112094327,1.21783920879175,TRUE,4,TRUE,no_formulation
RECONNECT,Dizziness,4,12,2837,8,2833,40324,43169,5.07789151664902,9.98055482413996,TRUE,7.5342384704014,0.583306952025924,2.40169835585062,TRUE,0.788621464476824,0.79948002756166,FALSE,1.80409647050067,0.222199057451206,0.880191768107317,TRUE,3,TRUE,no_formulation
RED BULL ENERGY DRINK,Anxiety,3,11,1125,8,1122,42036,43169,10.4905201750122,17.5509285895878,TRUE,15.4201755535176,0.635827022062497,4.43468146250872,TRUE,0.286664041325952,1.52112484670857,TRUE,2.15353537790226,0.28569112094327,1.10591378103836,TRUE,4,TRUE,no_formulation
RED BULL ENERGY DRINK,Convulsion,3,11,820,8,817,42341,43169,14.4068098364304,25.6138887980912,TRUE,21.3268933261378,0.63608820427606,6.13025282757165,TRUE,0.208946234566471,1.97670988812211,TRUE,2.30360679718897,0.28569112094327,1.25598520032507,TRUE,4,TRUE,no_formulation
RED BULL ENERGY DRINK,Heart Rate Abnormal,3,11,131,8,128,43030,43169,91.9559659090909,182.870198588775,TRUE,137.886701762417,0.641222804519126,39.2376070087948,TRUE,0.0333804350343997,4.61032717740356,TRUE,2.71411811068478,0.28569112094327,1.66649651382089,TRUE,4,TRUE,no_formulation
RELACORE,Acne,3,51,88,48,85,43033,43169,29.839446366782,55.3994681275431,TRUE,36.3217580032556,0.563960979641519,12.0257891021311,TRUE,0.103963492320878,2.98136793415329,TRUE,2.5348216711023,0.28569112094327,1.4872000742384,TRUE,4,TRUE,no_formulation
RELACORE,Irritability,3,51,154,48,151,42967,43169,16.7970393455395,29.6754515373256,TRUE,20.4669796876595,0.559425397962624,6.83693177812178,TRUE,0.181936111561537,2.17605711404262,TRUE,2.35964643290202,0.28569112094327,1.31202483603812,TRUE,4,TRUE,no_formulation
RELACORE,Vision Blurred,4,51,479,47,475,42643,43169,7.11958720330237,15.4020187325043,TRUE,8.49613149593226,0.495380009140028,3.21769776447173,TRUE,0.56589219115569,1.27803778385785,TRUE,2.07786347624441,0.222199057451206,1.15395877385106,TRUE,4,TRUE,no_formulation
REMIFEMIN TABLET (CIMICIFUGA),Hospitalisation,3,8,708,5,705,42456,43169,22.9579787234043,43.4876423348567,TRUE,38.2959216545326,0.684816366258583,10.0051836974721,TRUE,0.131205263035975,2.6466092753347,TRUE,2.47117378224593,0.28569112094327,1.42355218538203,TRUE,4,TRUE,no_formulation
REPLENEX EXTRA STRENGTH,Hypersensitivity,3,5,2207,2,2204,40960,43169,11.7506352087114,20.7697999550723,TRUE,26.0125652075301,0.828367259782235,5.12935473858988,TRUE,0.255623248164192,1.68625641503583,TRUE,2.21161592732135,0.28569112094327,1.16399433045745,TRUE,4,TRUE,no_formulation
REUMOFAN PLUS,Abdominal Pain,6,62,1676,56,1670,41437,43169,2.4979911145451,4.14056906422111,TRUE,2.85372404531524,0.414931349487037,1.26536343193039,TRUE,2.40709768583938,0.122508357243812,FALSE,1.16086016764796,0.153822989075138,0.392142797718639,TRUE,3,TRUE,no_formulation
REUMOFAN PLUS,Arthralgia,12,62,444,50,432,42675,43169,19.3131720430108,187.221894298715,TRUE,24.4236822526183,0.319589661245562,13.0548212458745,TRUE,0.637679816535014,3.44183831664822,TRUE,3.45776160057694,0.0799768352289838,2.90347015177435,TRUE,4,TRUE,no_formulation
REUMOFAN PLUS,Blood Glucose Increased,6,62,406,56,400,42707,43169,10.4291129032258,41.9145096889295,TRUE,12.2677957862407,0.41721165238138,5.41537841852039,TRUE,0.583103616020756,2.16733304957839,TRUE,2.58526845195505,0.153822989075138,1.81655108202573,TRUE,4,TRUE,no_formulation
REUMOFAN PLUS,Body Temperature Increased,10,62,304,52,294,42813,43169,23.6487820934826,189.749849010913,TRUE,29.0753820033956,0.343081123268127,14.8418788262036,TRUE,0.436609604114063,3.63649261462,TRUE,3.48679768597477,0.095214930467079,2.88200211978539,TRUE,4,TRUE,no_formulation
REUMOFAN PLUS,Chills,7,62,450,55,443,42664,43169,10.9862739386878,53.6542632560818,TRUE,12.999939059691,0.391956096359516,6.02978117605888,TRUE,0.646297111353054,2.34854409377837,TRUE,2.70990956763882,0.133310168562317,1.99428093241731,TRUE,4,TRUE,no_formulation
REUMOFAN PLUS,Death,5,62,1227,57,1222,41885,43169,2.84482075919962,4.38404036246115,TRUE,3.27725082244154,0.447271010335539,1.36390747943285,TRUE,1.76223679028933,0.166019749935331,FALSE,1.28168167326319,0.181795017047166,0.445988106524529,TRUE,3,TRUE,no_formulation
REUMOFAN PLUS,Dizziness,13,62,2837,49,2824,40283,43169,3.20062482865759,18.674723823505,TRUE,3.88968280789842,0.307660467560074,2.1282777775043,TRUE,4.07454423313026,0.917850540901684,FALSE,1.56125948889948,0.0740509093030578,1.02789847309627,TRUE,3,TRUE,no_formulation
REUMOFAN PLUS,Fatigue,12,62,1718,50,1706,41401,43169,4.89055704723367,34.4859392024496,TRUE,6.00521303229063,0.316878728598662,3.22697647395877,TRUE,2.46741874956566,1.4903178057325,TRUE,2.07464766157678,0.0799768352289838,1.5203562127742,TRUE,4,TRUE,no_formulation
REUMOFAN PLUS,Gastrointestinal Haemorrhage,3,62,143,59,140,42967,43169,14.898732718894,25.7591451760511,TRUE,17.9893238434164,0.556472568533345,6.04415825445061,TRUE,0.205378859829971,2.00151269937906,TRUE,2.31088467803292,0.28569112094327,1.26326308116902,TRUE,4,TRUE,no_formulation
REUMOFAN PLUS,Haemoglobin Decreased,4,62,115,58,111,42996,43169,25.0549258936356,67.6104581460808,TRUE,29.6629872369783,0.498305234659172,11.16989025126,TRUE,0.165164817345781,3.05252996806908,TRUE,2.75814123435379,0.222199057451206,1.83423653196044,TRUE,4,TRUE,no_formulation
REUMOFAN PLUS,Heart Rate Increased,7,62,1482,55,1475,41632,43169,3.29960634226353,9.31095429858396,TRUE,3.81295392308608,0.389939876658002,1.77557095925523,TRUE,2.12847182005606,0.629531026310143,FALSE,1.5126663278029,0.133310168562317,0.797037692581391,TRUE,3,TRUE,no_formulation
REUMOFAN PLUS,Hypotension,4,62,270,58,266,42841,43169,10.4552510308028,25.1713556432737,TRUE,12.3658536585366,0.493043533965419,4.70475458079068,TRUE,0.387778266811833,1.82292984108882,TRUE,2.34165370502032,0.222199057451206,1.41774900262697,TRUE,4,TRUE,no_formulation
REUMOFAN PLUS,Immobile,6,62,18,56,12,43095,43169,347.637096774194,1161.304729242,TRUE,396.631150442478,0.501566020748287,148.403862209119,TRUE,0.0258518844541222,6.64449254764158,TRUE,3.62771131703723,0.153822989075138,2.85899394710791,TRUE,4,TRUE,no_formulation
REUMOFAN PLUS,Insomnia,6,62,853,56,847,42260,43169,4.92520089880794,15.2396981794913,TRUE,5.73666953820451,0.415630692624738,2.54019961003169,TRUE,1.22509207996479,1.09671362966843,TRUE,1.91376634769195,0.153822989075138,1.14504897776263,TRUE,4,TRUE,no_formulation
REUMOFAN PLUS,Joint Swelling,5,62,96,57,91,43016,43169,38.2018787663949,138.514740654326,TRUE,44.9685435970539,0.458433959047839,18.3097307669302,TRUE,0.137876717088652,3.8386575920962,TRUE,3.10808209334526,0.181795017047166,2.27238852660659,TRUE,4,TRUE,no_formulation
REUMOFAN PLUS,Muscle Spasms,11,62,623,51,612,42495,43169,12.4967583807717,104.772164062221,TRUE,15.4927125024767,0.328679452402927,8.13485588855993,TRUE,0.894762445273229,2.78697719248466,TRUE,3.04354253164441,0.0869333569681142,2.46564705309426,TRUE,4,TRUE,no_formulation
REUMOFAN PLUS,Rectal Haemorrhage,3,62,309,59,306,42801,43169,6.81641366223909,9.60949301615675,TRUE,8.21447078015546,0.552998205070453,2.77880463081176,TRUE,0.443790683129097,0.891219834257215,FALSE,1.89081608733267,0.28569112094327,0.843194490468776,TRUE,3,TRUE,no_formulation
REUMOFAN PLUS,Renal Disorder,3,62,258,59,255,42852,43169,8.17969639468691,12.328936288387,TRUE,9.86589156210429,0.553586703768795,3.33360257076761,TRUE,0.370543677175751,1.15123435249954,TRUE,2.00736633392892,0.28569112094327,0.959744737065025,TRUE,4,TRUE,no_formulation
REUMOFAN PLUS,Swelling,8,62,827,54,819,42288,43169,6.79144511402576,34.2505789094708,TRUE,8.04814414696811,0.37045861580124,3.89363293063126,TRUE,1.18775046908661,1.74743606710054,TRUE,2.33236122134176,0.117623894052513,1.66015295644751,TRUE,4,TRUE,no_formulation
REUMOFAN PLUS,Urinary Tract Infection,3,62,312,59,309,42798,43169,6.75023488881929,9.47791439018842,TRUE,8.13427729734867,0.552969611713716,2.75183086456947,TRUE,0.448099330538118,0.87729140653162,FALSE,1.88424480152643,0.28569112094327,0.83662320466253,TRUE,3,TRUE,no_formulation
REUMOFAN PLUS,Weight Increased,22,62,268,40,246,42861,43169,62.1789929189615,1167.24040308797,TRUE,96.6001803020059,0.270584420398392,56.8397067340589,TRUE,0.384905835205819,5.27370844958928,TRUE,4.66825724823546,0.0444212796734282,4.25516066389538,TRUE,4,TRUE,no_formulation
REUMOFAN PLUS,White Blood Cell Count Increased,3,62,156,59,153,42954,43169,13.6328273244782,23.2368741248526,TRUE,16.4608162483234,0.555930703264115,5.53647825975069,TRUE,0.224049665269059,1.87618321520338,TRUE,2.2731943564046,0.28569112094327,1.2255727595407,TRUE,4,TRUE,no_formulation
RHEUMACARE,Blood Lead Increased,3,3,31,0,28,43138,43169,1541.64285714286,2898.42729055042,TRUE,10595.4210526316,1.52342547771843,534.998142151857,TRUE,0.00215432370451018,8.3647684036848,TRUE,2.80115221088019,0.28569112094327,1.75353061401629,TRUE,4,TRUE,no_formulation
RHINO,Dizziness,4,12,2837,8,2833,40324,43169,5.07789151664902,9.98055482413996,TRUE,7.5342384704014,0.583306952025924,2.40169835585062,TRUE,0.788621464476824,0.79948002756166,FALSE,1.80409647050067,0.222199057451206,0.880191768107317,TRUE,3,TRUE,no_formulation
RITUAL ESSENTIAL FOR WOMEN MULTIVITAMIN 18 PLUS,Hypersensitivity,7,17,2207,10,2200,40952,43169,8.07657754010695,38.4623061372661,TRUE,13.2932450417113,0.478591986223473,5.2028977063848,TRUE,0.869119043758252,1.92138496150534,TRUE,2.45364270242909,0.133310168562317,1.73801406720758,TRUE,4,TRUE,no_formulation
RITUAL ESSENTIAL FOR WOMEN MULTIVITAMIN 50 PLUS,Hypersensitivity,4,5,2207,1,2203,40961,43169,15.6746255106673,43.4013613636286,TRUE,55.7678692988428,0.943062630751545,8.78279881288696,TRUE,0.255623248164192,2.42348066901818,TRUE,2.57418600670606,0.222199057451206,1.65028130431271,TRUE,4,TRUE,no_formulation
RITUAL ESSENTIAL FOR WOMEN POSTNATAL MULTIVITAMIN,Hypersensitivity,3,5,2207,2,2204,40960,43169,11.7506352087114,20.7697999550723,TRUE,26.0125652075301,0.828367259782235,5.12935473858988,TRUE,0.255623248164192,1.68625641503583,TRUE,2.21161592732135,0.28569112094327,1.16399433045745,TRUE,4,TRUE,no_formulation
RITUAL ESSENTIAL FOR WOMEN PRENATAL MULTIVITAMIN,Gastrointestinal Disorder,11,35,385,24,374,42760,43169,36.2470588235294,335.777473933628,TRUE,53.5948066810169,0.361201413767933,26.4035217827763,TRUE,0.312145289443814,4.30522790401314,TRUE,3.82375220825076,0.0869333569681142,3.24585672970061,TRUE,4,TRUE,no_formulation
RITUAL ESSENTIAL FOR WOMEN PRENATAL MULTIVITAMIN,Hypersensitivity,9,35,2207,26,2198,40936,43169,5.04622383985441,26.5443581673439,TRUE,6.67516445603993,0.378785282993314,3.17711860482623,TRUE,1.78936273714934,1.39409424711727,TRUE,2.05298144520889,0.105239993123721,1.41714344887328,TRUE,4,TRUE,no_formulation
RITUAL ESSENTIAL PRENATAL MULTIVITAMIN,Chest Pain,3,4,1313,1,1310,41855,43169,24.712786259542,47.9566852864507,TRUE,74.523337148671,0.976303186328479,10.9962915204014,TRUE,0.121661377377285,2.75526719108878,TRUE,2.49315406714654,0.28569112094327,1.44553247028264,TRUE,4,TRUE,no_formulation
RITUAL HYACERA,Hypersensitivity,4,5,2207,1,2203,40961,43169,15.6746255106673,43.4013613636286,TRUE,55.7678692988428,0.943062630751545,8.78279881288696,TRUE,0.255623248164192,2.42348066901818,TRUE,2.57418600670606,0.222199057451206,1.65028130431271,TRUE,4,TRUE,no_formulation
RITUAL STRESS RELIEF,Gastrointestinal Disorder,4,8,385,4,381,42780,43169,56.6417322834646,166.279728955249,TRUE,112.137614678899,0.668647180177515,30.2403869259624,TRUE,0.0713474947300146,4.25955732530647,TRUE,2.97748463368698,0.222199057451206,2.05357993129362,TRUE,4,TRUE,no_formulation
RITUAL SYNBIOTIC PLUS PREBIOTIC PROBIOTIC POSTBIOTIC,Gastrointestinal Disorder,16,22,385,6,369,42778,43169,85.039664942104,1205.03263595839,TRUE,293.887894243781,0.466027843188366,117.893751740543,TRUE,0.19620561050754,5.67548331460168,TRUE,4.56680877390041,0.0605828958350444,4.08438235190436,TRUE,4,TRUE,no_formulation
ROUNDHOUSE PROVISIONS MORNING KICK,Hospitalisation,6,14,708,8,702,42453,43169,26.3461538461538,123.032251031286,TRUE,46.2127276533389,0.5224368434539,16.597947403234,TRUE,0.229609210312956,3.5105935617911,TRUE,3.15524387136988,0.153822989075138,2.38652650144056,TRUE,4,TRUE,no_formulation
ROUNDHOUSE PROVISIONS MORNING KICK STRAWBERRY LEMONADE,Hospitalisation,3,6,708,3,705,42458,43169,30.6120567375887,59.5977054092452,TRUE,60.1821403260099,0.756881469110077,13.6520262865855,TRUE,0.0984039472769812,3.06038759259388,TRUE,2.5481633251784,0.28569112094327,1.5005417283145,TRUE,4,TRUE,no_formulation
ROYAL HONEY,Headache,3,9,2348,6,2345,40815,43169,6.13503909026297,8.73394980389277,TRUE,9.37010314349901,0.663333466955465,2.55330987779776,TRUE,0.489517941115152,0.749842045494228,FALSE,1.82255715169016,0.28569112094327,0.774935554826263,TRUE,3,TRUE,no_formulation
ROYAL HONEY VIP,Death,3,19,1227,16,1224,41926,43169,5.56630546955624,7.32457020455099,TRUE,7.26296447529604,0.589203578947917,2.28862010265615,TRUE,0.540040306701568,0.608231641256838,FALSE,1.75071548104542,0.28569112094327,0.703093884181524,TRUE,3,TRUE,no_formulation
RSP AMINO LEAN,Nausea,3,6,3887,3,3884,39279,43169,5.55651390319259,7.81352207434021,TRUE,10.1118548075685,0.756116038310404,2.29726904057233,TRUE,0.540248789640715,0.607675150331517,FALSE,1.75042631229099,0.28569112094327,0.702804715427092,TRUE,3,TRUE,no_formulation
SAMBUCOL BLACK ELDERBERRY,Dizziness,3,4,2837,1,2834,40331,43169,11.4233415666902,20.3796205796211,TRUE,33.2005056741342,0.976093511301029,4.90091452180474,TRUE,0.262873821492275,1.64595856086728,TRUE,2.19783856035817,0.28569112094327,1.15021696349427,TRUE,4,TRUE,no_formulation
SAMBUCOL BLACK ELDERBERRY,Malaise,3,4,1895,1,1892,41273,43169,17.1108615221987,32.1858002743286,TRUE,50.8876265962131,0.976183170612681,7.51049057985301,TRUE,0.175588964303088,2.22718827759036,TRUE,2.37313725493243,0.28569112094327,1.32551565806853,TRUE,4,TRUE,no_formulation
SCHIFF MOVE FREE ADVANCED,Diarrhoea,3,5,3103,2,3100,40064,43169,8.35432258064516,13.7384260340928,TRUE,18.0907273020481,0.828288460677257,3.56781769983787,TRUE,0.35940142231694,1.19524028590264,TRUE,2.02595085215811,0.28569112094327,0.978329255294213,TRUE,4,TRUE,no_formulation
SCHIFF MOVE FREE ADVANCED,Malaise,3,5,1895,2,1892,41272,43169,13.6883720930233,24.7858553122434,TRUE,30.5318361955086,0.828412286550484,6.01996753995828,TRUE,0.21948620537886,1.90582545289053,TRUE,2.28231599033004,0.28569112094327,1.23469439346615,TRUE,4,TRUE,no_formulation
SENSA,Headache,3,6,2348,3,2345,40818,43169,9.20319829424307,15.312724610971,TRUE,17.4028991686208,0.756227094496487,3.95282971514668,TRUE,0.326345294076768,1.33429719452116,TRUE,2.08253826924801,0.28569112094327,1.03491667238411,TRUE,4,TRUE,no_formulation
SHAKEOLOGY CHOCOLATE,Abdominal Pain,3,18,1676,15,1673,41478,43169,4.29876469416218,4.83182096964471,TRUE,5.59672118507667,0.592327674237025,1.7528073140972,TRUE,0.698834812017883,0.236556317052543,FALSE,1.54572203920262,0.28569112094327,0.498100442338722,TRUE,3,TRUE,no_formulation
SHAKEOLOGY CHOCOLATE,Diarrhoea,4,18,3103,14,3099,40052,43169,3.09425979706715,4.05477564768642,TRUE,4.01035205900841,0.539940125733217,1.39179793020415,TRUE,1.29384512034099,0.085466056896838,FALSE,1.3268696673511,0.222199057451206,0.402964964957749,TRUE,3,TRUE,no_formulation
SHAKEOLOGY CHOCOLATE,Urticaria,4,18,1254,14,1250,41901,43169,7.67128888888889,17.4654454324685,TRUE,10.3989714459044,0.540380685337315,3.60586165407154,TRUE,0.522875211378536,1.39202610648973,TRUE,2.13729485138024,0.222199057451206,1.21339014898689,TRUE,4,TRUE,no_formulation
SHAKEOLOGY CHOCOLATE,Vomiting,5,18,3595,13,3590,39561,43169,3.33882698854844,6.5565890105514,TRUE,4.48897037965413,0.506158123252433,1.66454770815282,TRUE,1.49899233246079,0.39938500441401,FALSE,1.46015868029263,0.181795017047166,0.624465113553963,TRUE,3,TRUE,no_formulation
SHAKEOLOGY CHOCOLATE BAG 30 SERVING,Dehydration,5,19,879,14,874,42276,43169,12.9922919426713,44.6579572891177,TRUE,18.3372370418564,0.501947072349241,6.85595447873743,TRUE,0.386874840742199,2.35248633669929,TRUE,2.63262919341894,0.181795017047166,1.79693562668027,TRUE,4,TRUE,no_formulation
SHAKEOLOGY CHOCOLATE BAG 30 SERVING,Diarrhoea,5,19,3103,14,3098,40052,43169,3.66535285923006,7.75350171186713,TRUE,4.90312331328285,0.501130125913623,1.83612498801095,TRUE,1.36572540480437,0.533678210972845,FALSE,1.55969495092486,0.181795017047166,0.724001384186192,TRUE,3,TRUE,no_formulation
SHAKEOLOGY GREENBERRY,Dehydration,3,3,879,0,876,42290,43169,49.2762557077626,99.4075785366804,TRUE,337.74500855676,1.5122429808066,17.4317796294212,TRUE,0.0610855011698209,3.74520135839795,TRUE,2.64106238387437,0.28569112094327,1.59344078701048,TRUE,4,TRUE,no_formulation
SHAKEOLOGY GREENBERRY,Nausea,3,3,3887,0,3884,39282,43169,11.1138002059732,20.2304733758721,TRUE,70.7883897541511,1.51195144622163,3.6556362919491,TRUE,0.270124394820357,1.60675580093811,TRUE,2.1841915201041,0.28569112094327,1.1365699232402,TRUE,4,TRUE,no_formulation
SHAKEOLOGY GREENBERRY,Vomiting,3,3,3595,0,3592,39574,43169,12.0172605790646,22.1092457549317,TRUE,77.1110647181628,1.51195830372426,3.98209676612986,TRUE,0.249832055410132,1.71927184692318,TRUE,2.22271551461491,0.28569112094327,1.17509391775101,TRUE,4,TRUE,no_formulation
SHAKEOLOGY VANILLA,Dyspnoea,3,7,3460,4,3457,39705,43169,5.35088226786231,7.28591664016267,TRUE,8.93190326986422,0.71291718992027,2.2084961572232,TRUE,0.561050754013297,0.553201896606102,FALSE,1.72186125467203,0.28569112094327,0.674239657808129,TRUE,3,TRUE,no_formulation
SIMILAC PRENATAL(SIMILAC PRENATAL VITAMIN),Abortion Spontaneous,3,3,245,0,242,42924,43169,178.371900826446,364.192451617789,TRUE,1239.05773195876,1.5132287645208,63.8271148485619,TRUE,0.0170261066969353,5.56749067383881,TRUE,2.75904588717597,0.28569112094327,1.71142429031207,TRUE,4,TRUE,no_formulation
SIMILAC PROBIOTIC TRIBLEND,Necrotising Colitis,6,13,18,7,12,43144,43169,1659.84615384615,5573.61508371461,TRUE,2991.352,0.605972495336902,912.122815601745,TRUE,0.00542055641779981,8.82843412397056,TRUE,3.68488347039414,0.153822989075138,2.91616610046482,TRUE,4,TRUE,no_formulation
SKINNY PILL,Cardiac Disorder,3,8,295,5,292,42869,43169,55.4293664383562,110.152362808148,TRUE,93.2669774669775,0.686275890264816,24.2973031090873,TRUE,0.0546688595983229,3.90436248618568,TRUE,2.65765628546796,0.28569112094327,1.61003468860406,TRUE,4,TRUE,no_formulation
SKINNY PILL,Headache,3,8,2348,5,2345,40816,43169,6.902078891258,10.364286609481,TRUE,11.0740295730703,0.684093060741684,2.89730295817792,TRUE,0.435127058769024,0.919640192285123,FALSE,1.90412061493705,0.28569112094327,0.856499018073153,TRUE,3,TRUE,no_formulation
SKINNY PILL,Hyperhidrosis,3,8,755,5,752,42409,43169,21.5231050531915,40.5259781362777,TRUE,35.8642706131078,0.684751743925814,9.37107796821124,TRUE,0.139915216938081,2.55411727153867,TRUE,2.45140224340346,0.28569112094327,1.40378064653956,TRUE,4,TRUE,no_formulation
SKINNY PILL,Vomiting,4,8,3595,4,3591,39570,43169,6.00960735171262,13.1509843497278,TRUE,11.0178198524293,0.666894407676197,2.98142361492954,TRUE,0.666218814427019,1.04270114040211,TRUE,1.94808649860582,0.222199057451206,1.02418179621247,TRUE,4,TRUE,no_formulation
SLIM QUICK,Transaminases Increased,3,3,59,0,56,43110,43169,770.821428571429,1521.51828029554,TRUE,5341.12389380531,1.51770767836354,272.730554302334,TRUE,0.00410016446987421,7.5339682654692,TRUE,2.79557259189776,0.28569112094327,1.74795099503386,TRUE,4,TRUE,no_formulation
SLIMQUICK,Abdominal Pain,3,3,1676,0,1673,41493,43169,25.8015540944411,50.7509760682769,TRUE,173.561099492082,1.51206346954067,8.96103107364483,TRUE,0.116472468669647,2.81796793357211,TRUE,2.50524655086621,0.28569112094327,1.45762495400231,TRUE,4,TRUE,no_formulation
SLOW FE BROWN (NCH) (FERROUS SULFATE) TABLET,Anaemia,3,33,195,30,192,42944,43169,20.4242424242424,37.2737335212937,TRUE,25.6002980625931,0.568963322213272,8.39331774694189,TRUE,0.149065301489495,2.46294326204315,TRUE,2.4309193840276,0.28569112094327,1.3832977871637,TRUE,4,TRUE,no_formulation
SLOW FE BROWN (NCH) (FERROUS SULFATE) TABLET,Blood Iron Decreased,4,33,75,29,71,43065,43169,73.6423388817755,207.240277793601,TRUE,91.8785113191893,0.519740090560907,33.1743370880219,TRUE,0.0573328082651903,4.57336503327688,TRUE,3.01331401391973,0.222199057451206,2.08940931152637,TRUE,4,TRUE,no_formulation
SLOW FE BROWN (NCH) (FERROUS SULFATE) TABLET,Constipation,7,33,920,26,913,42223,43169,10.0219721862657,48.8564798967415,TRUE,13.0816060972209,0.41495488505811,5.800218295994,TRUE,0.703282448053001,2.22669972230555,TRUE,2.63991526766084,0.133310168562317,1.92428663243934,TRUE,4,TRUE,no_formulation
SLOW FE BROWN (NCH) (FERROUS SULFATE) TABLET,Haemoglobin Decreased,5,33,115,28,110,43026,43169,59.4159779614325,222.197656148222,TRUE,75.1435262364055,0.475372397560894,29.5969130994258,TRUE,0.0879103060066251,4.48588934035554,TRUE,3.22576364511254,0.181795017047166,2.39007007837387,TRUE,4,TRUE,no_formulation
SLOW FE BROWN (NCH) (FERROUS SULFATE) TABLET,Overdose,3,33,229,30,226,42910,43169,17.3515687851971,31.0663020603368,TRUE,21.740201932472,0.568277648968504,7.13733157991061,TRUE,0.175056174569714,2.23156390280381,TRUE,2.37427545640952,0.28569112094327,1.32665385954562,TRUE,4,TRUE,no_formulation
SNI PRO WHEY,Diarrhoea,4,4,3103,0,3099,40066,43169,13.9286866731204,38.6764873433277,TRUE,116.340861429263,1.49082856607036,6.26200457417249,TRUE,0.287521137853552,2.25404718753811,TRUE,2.51453444893487,0.222199057451206,1.59062974654151,TRUE,4,TRUE,no_formulation
SPARK ENERGY DRINK 14 CT - MANDARIN ORANGE,Nausea,3,5,3887,2,3884,39280,43169,6.66797116374871,10.2573699402214,TRUE,14.1569571373407,0.828249465455796,2.79222067876519,TRUE,0.450207324700595,0.870525639412634,FALSE,1.88104068909697,0.28569112094327,0.833419092233074,TRUE,3,TRUE,no_formulation
SPARK ENERGY DRINK MANGO-STRAWBERRY 14 CT,Chest Pain,3,7,1313,4,1310,41852,43169,14.1206106870229,25.3431976120189,TRUE,24.8393318919836,0.713248532352688,6.1377684829148,TRUE,0.212907410410248,1.94965967896121,TRUE,2.29556829962492,0.28569112094327,1.24794670276103,TRUE,4,TRUE,no_formulation
STACKER 2,Death,3,20,1227,17,1224,41925,43169,5.28786764705882,6.75814309619189,TRUE,6.84777460187832,0.586257327929236,2.17028687898382,TRUE,0.568463480738493,0.534277060405571,FALSE,1.71181732342614,0.28569112094327,0.664195726562242,TRUE,3,TRUE,no_formulation
STACKER 2,Feeling Jittery,3,20,172,17,169,42980,43169,38.2979289940828,73.8400134322185,TRUE,50.7144542772861,0.590576086746553,15.9376117421912,TRUE,0.0796868122958605,3.36358074888147,TRUE,2.59400935184622,0.28569112094327,1.54638775498232,TRUE,4,TRUE,no_formulation
STACKER 2,Heart Rate Increased,3,20,1482,17,1479,41670,43169,4.37616632860041,4.96194315956184,TRUE,5.63305170665765,0.586137394022063,1.78572062782204,TRUE,0.686603812921309,0.262017258551596,FALSE,1.56051659831879,0.28569112094327,0.512895001454893,TRUE,3,TRUE,no_formulation
STACKER 2,Intensive Care,3,20,12,17,9,43140,43169,719.15,1120.02837005804,TRUE,908.221052631579,0.669435195389582,244.543893432371,TRUE,0.00555954504389724,7.12434706710612,TRUE,2.79140199350044,0.28569112094327,1.74378039663655,TRUE,4,TRUE,no_formulation
STACKER 2,Nervousness,3,20,291,17,288,42861,43169,22.4734375,41.7942465823176,TRUE,29.7133448873484,0.588512258431854,9.37561567006032,TRUE,0.134818967314508,2.60751268919034,TRUE,2.46293778284594,0.28569112094327,1.41531618598204,TRUE,4,TRUE,no_formulation
STACKER 2 EPHEDRA FREE,Anxiety,3,3,1125,0,1122,42044,43169,38.4723707664884,77.0335091235932,TRUE,262.192873051225,1.512160354802,13.5345556686267,TRUE,0.078181102179805,3.39098217869862,TRUE,2.59776156177413,0.28569112094327,1.55013996491023,TRUE,4,TRUE,no_formulation
SUNDOWN NATURALS NIACIN 500 MG TIME RELEASE CAPLETS,Erythema,4,4,719,0,715,42450,43169,60.3706293706294,179.953755201611,TRUE,533.96855345912,1.49118858737248,28.7203898233062,TRUE,0.0666218814427019,4.3579322036487,TRUE,2.98946678046025,0.222199057451206,2.06556207806689,TRUE,4,TRUE,no_formulation
SUPER BETA PROSTATE,Anal Haemorrhage,4,1103,21,1099,17,42049,43169,8.97360140792491,16.8042799904577,TRUE,9.83422334827519,0.529432115743693,3.484001653953,TRUE,0.536565591049133,1.35476248622859,TRUE,2.11811359229132,0.222199057451206,1.19420888989796,TRUE,4,TRUE,no_formulation
SUPER BETA PROSTATE,Anuria,3,1103,11,1100,8,42058,43169,14.3016772438803,17.9823760457721,TRUE,15.7366704973675,0.63584101693598,4.5255779652417,TRUE,0.281058166740022,1.54958250812438,TRUE,2.16385302460514,0.28569112094327,1.11623142774124,TRUE,4,TRUE,no_formulation
SUPER BETA PROSTATE,Bladder Disorder,5,1103,34,1098,29,42037,43169,6.57548379028981,15.5890172399062,TRUE,7.13472917614929,0.465457417449198,2.86531346175377,TRUE,0.868725242650976,1.18616559927576,TRUE,2.00659874899394,0.181795017047166,1.17090518225528,TRUE,4,TRUE,no_formulation
SUPER BETA PROSTATE,Blood Urine,4,1103,15,1099,11,42055,43169,13.8682930849749,26.0194284102734,TRUE,14.9672578444748,0.556877029858696,5.02480188053055,TRUE,0.383261136463666,1.83981898048688,TRUE,2.34901306209813,0.222199057451206,1.42510835970478,TRUE,4,TRUE,no_formulation
SUPER BETA PROSTATE,Blood Urine Present,268,1103,574,835,306,41760,43169,33.4017385739427,4533.24548937791,TRUE,43.7857755805542,0.0905973050971899,36.6619080486832,TRUE,14.666126155343,4.04241007438534,TRUE,4.14599755434755,0.00370123001483106,4.02675559350752,TRUE,4,TRUE,no_formulation
SUPER BETA PROSTATE,Cerebrovascular Accident,43,1103,676,1060,633,41433,43169,2.59071983775399,38.4149610350751,TRUE,2.68277089294227,0.159794005551505,1.96139101841774,TRUE,17.2723018832959,0.926172808461343,FALSE,1.29138484843313,0.0229653409761102,0.994360179602698,TRUE,3,TRUE,no_formulation
SUPER BETA PROSTATE,Cystitis,12,1103,86,1091,74,41992,43169,6.18450907843474,40.4964465856106,TRUE,6.4550815176455,0.307185290949797,3.53525164161687,TRUE,2.19736384905835,1.65752184799521,TRUE,2.21230604905886,0.0799768352289838,1.65801460025628,TRUE,4,TRUE,no_formulation
SUPER BETA PROSTATE,Dysuria,22,1103,186,1081,164,41902,43169,5.11604714415231,60.8278898810697,TRUE,5.29944057771838,0.22687436705352,3.39711826864738,TRUE,4.75243809214946,1.64880450102205,TRUE,2.09886584365321,0.0444212796734282,1.68576925931313,TRUE,4,TRUE,no_formulation
SUPER BETA PROSTATE,Fluid Retention,8,1103,96,1095,88,41978,43169,3.46707327124372,10.6812392828907,TRUE,3.6803590445763,0.360393036508773,1.8160066867898,TRUE,2.45287127336746,0.70141215851182,FALSE,1.52534437584596,0.117623894052513,0.853136110951715,TRUE,3,TRUE,no_formulation
SUPER BETA PROSTATE,Gastric Haemorrhage,9,1103,62,1094,53,42013,43169,6.476231204776,31.0285424442246,TRUE,6.8162093389633,0.353400916464725,3.40974567246993,TRUE,1.58414603071649,1.56979880750728,TRUE,2.18847114637923,0.105239993123721,1.55263315004362,TRUE,4,TRUE,no_formulation
SUPER BETA PROSTATE,Genital Haemorrhage,3,1103,17,1100,14,42052,43169,8.17238699650304,10.0848060985107,TRUE,9.22362875808802,0.596332340753392,2.86611411918578,TRUE,0.434362621325488,0.922174959372669,FALSE,1.90530045581242,0.28569112094327,0.857678858948519,TRUE,3,TRUE,no_formulation
SUPER BETA PROSTATE,Groin Pain,3,1103,23,1100,20,42046,43169,5.72067089755213,6.38951456822737,TRUE,6.52309925643555,0.579160802010353,2.09634308181525,TRUE,0.587667075910955,0.486374218703488,FALSE,1.6861178925222,0.28569112094327,0.638496295658306,TRUE,3,TRUE,no_formulation
SUPER BETA PROSTATE,Haematemesis,9,1103,154,1094,145,41921,43169,2.36717416450433,5.4548834674087,TRUE,2.50081554288154,0.336264068020662,1.29374268318844,TRUE,3.93481433436031,0.257396031476017,FALSE,1.09905380677623,0.105239993123721,0.463215810440619,TRUE,3,TRUE,no_formulation
SUPER BETA PROSTATE,Haematochezia,86,1103,638,1017,552,41514,43169,5.94175962789231,305.969339647784,TRUE,6.38776924188689,0.119906369075268,5.04990091663101,TRUE,16.3013736709213,2.12981501383369,TRUE,2.3641209409829,0.0115375288706023,2.1535916771992,TRUE,4,TRUE,no_formulation
SUPER BETA PROSTATE,Haematospermia,15,1103,22,1088,7,42059,43169,81.7238699650304,354.83758966096,TRUE,79.8557341907824,0.445860890479773,33.3258822147338,TRUE,0.562116333480044,4.0405053072859,TRUE,3.86725451736815,0.0644929642612418,3.36950340335033,TRUE,4,TRUE,no_formulation
SUPER BETA PROSTATE,Haematuria,11,1103,79,1092,68,41998,43169,6.16935096794838,36.6395471052946,TRUE,6.4538609296965,0.320147160017196,3.44591720648149,TRUE,2.01850865204197,1.61357327443136,TRUE,2.19099226884229,0.0869333569681142,1.61309679029214,TRUE,4,TRUE,no_formulation
SUPER BETA PROSTATE,Haemorrhage,92,1103,591,1011,499,41567,43169,7.03141913927583,402.177395336102,TRUE,7.61016825030666,0.117581889827894,6.04375058294611,TRUE,15.1004887766684,2.34690155971506,TRUE,2.56786213496265,0.0107876460397946,2.3642894918436,TRUE,4,TRUE,no_formulation
SUPER BETA PROSTATE,Haemorrhage Urinary Tract,4,1103,16,1099,12,42054,43169,12.7126019945603,23.9954628279693,TRUE,13.7695497953615,0.550595591346793,4.67997261570161,TRUE,0.408811878894577,1.74679057829725,TRUE,2.30787140419142,0.222199057451206,1.38396670179807,TRUE,4,TRUE,no_formulation
SUPER BETA PROSTATE,Haemorrhoids,7,1103,66,1096,59,42007,43169,4.5248244387418,14.1223509870145,TRUE,4.82905884652083,0.388684774591616,2.25427730203493,TRUE,1.68634900044013,0.96538464779004,FALSE,1.77836688306352,0.133310168562317,1.06273824784201,TRUE,3,TRUE,no_formulation
SUPER BETA PROSTATE,Infection,15,1103,157,1088,142,41924,43169,4.02864147714939,28.245513857813,TRUE,4.18944306102878,0.269214079768695,2.47170502929568,TRUE,4.01146656165304,1.20607640856908,TRUE,1.78059981764004,0.0644929642612418,1.28284870362221,TRUE,4,TRUE,no_formulation
SUPER BETA PROSTATE,Myocardial Infarction,34,1103,646,1069,612,41454,43169,2.11876699909338,18.2286838655686,TRUE,2.1832521395655,0.177700026741291,1.54114172234923,TRUE,16.5057796103686,0.60009561555593,FALSE,1.02057121563741,0.0289623424753606,0.687012023209222,TRUE,3,TRUE,no_formulation
SUPER BETA PROSTATE,Penile Haemorrhage,9,1103,17,1094,8,42058,43169,42.905031731641,153.757663347137,TRUE,42.9479751699675,0.473125408670951,16.9906586598674,TRUE,0.434362621325488,3.43570196974736,TRUE,3.3458730471984,0.105239993123721,2.71003505086279,TRUE,4,TRUE,no_formulation
SUPER BETA PROSTATE,Pollakiuria,10,1103,163,1093,153,41913,43169,2.49266705775692,7.04042226763973,TRUE,2.62189961707394,0.320454531285637,1.39907068309405,TRUE,4.16477101623851,0.383690059702226,FALSE,1.17051115881753,0.095214930467079,0.565715592628147,TRUE,3,TRUE,no_formulation
SUPER BETA PROSTATE,Polyuria,5,1103,30,1098,25,42041,43169,7.62756119673617,18.6743303264773,TRUE,8.25468776495578,0.471134785793754,3.27840516102512,TRUE,0.766522272927332,1.3666615734181,TRUE,2.11855917028072,0.181795017047166,1.28286560354205,TRUE,4,TRUE,no_formulation
SUPER BETA PROSTATE,Prostate Cancer,14,1103,97,1089,83,41983,43169,6.43288293700641,50.4115462654951,TRUE,6.69164562110291,0.286152470289162,3.81904726465264,TRUE,2.47842201579837,1.77327429264616,TRUE,2.28343280972205,0.0689423524703631,1.76879804481576,TRUE,4,TRUE,no_formulation
SUPER BETA PROSTATE,Prostatic Disorder,13,1103,34,1090,21,42045,43169,23.6091179898977,159.939283354251,TRUE,24.209686190461,0.348606506371788,12.2250124821737,TRUE,0.868725242650976,3.14706721403346,TRUE,3.30205463252011,0.0740509093030578,2.76869361671691,TRUE,4,TRUE,no_formulation
SUPER BETA PROSTATE,Prostatic Specific Antigen Increased,9,1103,41,1094,32,42034,43169,10.7262579329102,54.4578703886019,TRUE,11.2261376814141,0.370094363441437,5.43500167419015,TRUE,1.04758043966735,2.166282414976,TRUE,2.61791311408926,0.105239993123721,1.98207511775365,TRUE,4,TRUE,no_formulation
SUPER BETA PROSTATE,Prostatomegaly,26,1103,71,1077,45,42021,43169,22.0351767905712,317.887501663243,TRUE,22.7137451875271,0.246304166879901,14.0162040019481,TRUE,1.81410271259469,3.32858999736253,TRUE,3.51746755396293,0.0377126842855875,3.13684037685715,TRUE,4,TRUE,no_formulation
SUPER BETA PROSTATE,Rectal Haemorrhage,27,1103,309,1076,282,41784,43169,3.65149206226732,45.3157906714848,TRUE,3.77846511761732,0.202129483400481,2.5424904331588,TRUE,7.89517941115152,1.27205044269204,TRUE,1.71179855658001,0.0363404715926201,1.33816028810338,TRUE,4,TRUE,no_formulation
SUPER BETA PROSTATE,Renal Disorder,17,1103,258,1086,241,41825,43169,2.69021867934678,15.3739287573757,TRUE,2.78953827274122,0.24945528519982,1.71077028731336,TRUE,6.59209154717506,0.71769249373752,FALSE,1.3030718577807,0.0571196923718409,0.83463721963396,TRUE,3,TRUE,no_formulation
SUPER BETA PROSTATE,Renal Failure,23,1103,352,1080,329,41737,43169,2.66616880736979,20.9851822562327,TRUE,2.75495242957126,0.215725634960687,1.80503129753587,TRUE,8.9938613356807,0.806384919276711,FALSE,1.30759387330135,0.0425300267183455,0.903386809234932,TRUE,3,TRUE,no_formulation
SUPER BETA PROSTATE,Renal Haemorrhage,3,1103,8,1100,5,42061,43169,22.8826835902085,26.4617117856176,TRUE,24.322043699145,0.684444972307491,6.35899878696575,TRUE,0.204405939447289,2.00835176856667,TRUE,2.31287594313214,0.28569112094327,1.26525434626825,TRUE,4,TRUE,no_formulation
SUPER BETA PROSTATE,Renal Impairment,7,1103,112,1096,105,41961,43169,2.54252039891206,4.75935917163016,TRUE,2.72051529748899,0.379140910998015,1.29395720597495,TRUE,2.86168315226204,0.202544908121463,FALSE,1.15770684254001,0.133310168562317,0.442078207318505,TRUE,3,TRUE,no_formulation
SUPER BETA PROSTATE,Renal Pain,9,1103,133,1094,124,41942,43169,2.76806656333168,7.88432023984083,TRUE,2.92410390763603,0.33798341346696,1.50763257141256,TRUE,3.39824874331117,0.46888018900401,FALSE,1.28510136299864,0.105239993123721,0.649263366663026,TRUE,3,TRUE,no_formulation
SUPER BETA PROSTATE,Scrotal Swelling,3,1103,8,1100,5,42061,43169,22.8826835902085,26.4617117856176,TRUE,24.322043699145,0.684444972307491,6.35899878696575,TRUE,0.204405939447289,2.00835176856667,TRUE,2.31287594313214,0.28569112094327,1.26525434626825,TRUE,4,TRUE,no_formulation
SUPER BETA PROSTATE,Testicular Swelling,3,1103,9,1100,6,42060,43169,19.0689029918404,23.001363392617,TRUE,20.5797015342676,0.663696385940306,5.60388614286675,TRUE,0.2299566818782,1.83869658005192,TRUE,2.26147216486162,0.28569112094327,1.21385056799772,TRUE,4,TRUE,no_formulation
SUPER BETA PROSTATE,Urinary Hesitation,7,1103,28,1096,21,42045,43169,12.7126019945603,48.0291102534423,TRUE,13.3762288041231,0.425183181349451,5.81313566307106,TRUE,0.71542078806551,2.20202388295926,TRUE,2.62543472312949,0.133310168562317,1.90980608790798,TRUE,4,TRUE,no_formulation
SUPER BETA PROSTATE,Urinary Retention,66,1103,196,1037,130,41936,43169,19.3622707301764,753.276050736483,TRUE,20.5975331209897,0.15390948714014,15.2336793348536,TRUE,5.00794551645857,3.41011889383596,TRUE,3.59376814682058,0.0150144292139462,3.3536027220228,TRUE,4,TRUE,no_formulation
SUPER BETA PROSTATE,Urinary Tract Infection,28,1103,312,1075,284,41782,43169,3.76006537867276,49.4488158117432,TRUE,3.89176489620637,0.198887886370109,2.63541983185252,TRUE,7.97183163844425,1.32049224408581,TRUE,1.75021609537215,0.0350645545272294,1.38319566995716,TRUE,4,TRUE,no_formulation
SUPER BETA PROSTATE,Urine Output Decreased,4,1103,32,1099,28,42038,43169,5.4482579976687,9.03750824312996,TRUE,6.03697853091118,0.508176380363171,2.22972428328368,TRUE,0.817623757789154,0.747398239821586,FALSE,1.77198652810846,0.222199057451206,0.848081825715109,TRUE,3,TRUE,no_formulation
SUPER BETA PROSTATE,Urogenital Haemorrhage,7,1103,8,1096,1,42065,43169,266.964641885766,199.02204482418,TRUE,191.817145462836,0.894950146742357,33.1963610584416,TRUE,0.204405939447289,4.00764341220525,TRUE,3.41241161668306,0.133310168562317,2.69678298146155,TRUE,4,TRUE,no_formulation
SUPER BETA PROSTATE,Vascular Injury,3,1103,19,1100,16,42050,43169,7.15083862194016,8.58271821164238,TRUE,8.10522765134305,0.589281600870172,2.55363364793701,TRUE,0.48546410618731,0.761830676334976,FALSE,1.82847969237192,0.28569112094327,0.780858095508017,TRUE,3,TRUE,no_formulation
SUPER BETA PROSTATE P3 ADVANCED,Adverse Reaction,3,240,125,237,122,42807,43169,4.3984631147541,4.72838786673365,TRUE,5.14977443609023,0.545995822079851,1.76614835277518,TRUE,0.694943130487155,0.244608890040518,FALSE,1.55041296269382,0.28569112094327,0.502791365829918,TRUE,3,TRUE,no_formulation
SUPER BETA PROSTATE P3 ADVANCED,Blood Urine,5,240,15,235,10,42919,43169,89.4354166666667,235.298475633544,TRUE,95.4634516226873,0.530401603494934,33.755937435636,TRUE,0.0833931756584586,4.56168722307186,TRUE,3.23689120336207,0.181795017047166,2.40119763662341,TRUE,4,TRUE,no_formulation
SUPER BETA PROSTATE P3 ADVANCED,Blood Urine Present,59,240,574,181,515,42414,43169,20.491998381877,976.949782616599,TRUE,26.9727991492386,0.155819785697081,19.8741946569282,TRUE,3.19117885519702,3.87941309081346,TRUE,4.0107361185843,0.0167835579180594,3.75681542998643,TRUE,4,TRUE,no_formulation
SUPER BETA PROSTATE P3 ADVANCED,Cardiac Disorder,6,240,295,234,289,42640,43169,3.71358131487889,9.1980917522452,TRUE,4.08266955378548,0.401980384454706,1.85682775443329,TRUE,1.64006578794969,0.675952784976631,FALSE,1.60278457081846,0.153822989075138,0.834067200889137,TRUE,3,TRUE,no_formulation
SUPER BETA PROSTATE P3 ADVANCED,Cerebrovascular Accident,11,240,676,229,665,42264,43169,2.9587656641604,12.3547748222689,TRUE,3.18231251094644,0.304696751434528,1.75137729550433,TRUE,3.75825244967454,0.716915065419525,FALSE,1.43330047383437,0.0869333569681142,0.855404995284219,TRUE,3,TRUE,no_formulation
SUPER BETA PROSTATE P3 ADVANCED,Drug Interaction,4,240,155,236,151,42778,43169,4.73830022075055,8.15175411607894,TRUE,5.37272099302954,0.482777990723135,2.08566890383208,TRUE,0.861729481804072,0.671631423232206,FALSE,1.72448487226471,0.222199057451206,0.800580169871354,TRUE,3,TRUE,no_formulation
SUPER BETA PROSTATE P3 ADVANCED,Dysuria,6,240,186,234,180,42749,43169,5.96236111111111,19.479018078577,TRUE,6.56484297940452,0.404566563697114,2.97064210015472,TRUE,1.03407537816489,1.34118752586344,TRUE,2.08307034544828,0.153822989075138,1.31435297551896,TRUE,4,TRUE,no_formulation
SUPER BETA PROSTATE P3 ADVANCED,Gastrointestinal Haemorrhage,4,240,143,236,139,42790,43169,5.14736211031175,9.28574348733988,TRUE,5.83652731364659,0.483365679880652,2.26310836110163,TRUE,0.795014941277306,0.787836098672516,FALSE,1.79695625829317,0.222199057451206,0.873051555899814,TRUE,3,TRUE,no_formulation
SUPER BETA PROSTATE P3 ADVANCED,Haematospermia,3,240,22,237,19,42910,43169,28.2427631578947,46.504088008442,TRUE,32.428987854251,0.584149097090445,10.3203789502723,TRUE,0.122309990965739,2.74761778680011,TRUE,2.49164960857759,0.28569112094327,1.4440280117137,TRUE,4,TRUE,no_formulation
SUPER BETA PROSTATE P3 ADVANCED,Haematuria,4,240,79,236,75,42854,43169,9.53977777777778,21.4891441855202,TRUE,10.8001764137603,0.489610988353857,4.13680988419531,TRUE,0.439204058467882,1.64342039314844,TRUE,2.26041445372622,0.222199057451206,1.33650975133286,TRUE,4,TRUE,no_formulation
SUPER BETA PROSTATE P3 ADVANCED,Haemorrhage,12,240,591,228,579,42350,43169,3.70716753022453,20.9374251541037,TRUE,3.99787223196636,0.29347164364934,2.24916234553925,TRUE,3.28569112094327,1.07717369387492,TRUE,1.72329948514149,0.0799768352289838,1.16900803633891,TRUE,4,TRUE,no_formulation
SUPER BETA PROSTATE P3 ADVANCED,Hypertension,10,240,735,230,725,42204,43169,2.46718390804598,7.33747323169803,TRUE,2.6499624015751,0.317771213201815,1.42150173682976,TRUE,4.08626560726447,0.41114196102752,FALSE,1.19499751374163,0.095214930467079,0.590201947552251,TRUE,3,TRUE,no_formulation
SUPER BETA PROSTATE P3 ADVANCED,Infection,6,240,157,234,151,42778,43169,7.10745033112583,24.7566619780672,TRUE,7.82678545040005,0.405875082340573,3.53260910651465,TRUE,0.872848571891867,1.58563681571444,TRUE,2.24326721620216,0.153822989075138,1.47454984627284,TRUE,4,TRUE,no_formulation
SUPER BETA PROSTATE P3 ADVANCED,Myocardial Infarction,12,240,646,228,634,42295,43169,3.38556782334385,17.7782700370208,TRUE,3.64658503654733,0.293216737109745,2.05255697026097,TRUE,3.59146609835762,0.948810540357272,FALSE,1.6112382918825,0.0799768352289838,1.05694684307991,TRUE,3,TRUE,no_formulation
SUPER BETA PROSTATE P3 ADVANCED,Nephrolithiasis,9,240,561,231,552,42377,43169,2.9163722826087,9.45891443924764,TRUE,3.14757190465487,0.333790899368743,1.63624039634717,TRUE,3.11890476962635,0.592619042237349,FALSE,1.39237436931298,0.105239993123721,0.756536372977366,TRUE,3,TRUE,no_formulation
SUPER BETA PROSTATE P3 ADVANCED,Pollakiuria,4,240,163,236,159,42770,43169,4.49989517819706,7.49390722266516,TRUE,5.10228846752868,0.482434995734712,1.9820200790726,TRUE,0.90620584215525,0.599055978532595,FALSE,1.67811720808429,0.222199057451206,0.754212505690933,TRUE,3,TRUE,no_formulation
SUPER BETA PROSTATE P3 ADVANCED,Prostatic Disorder,3,240,34,237,31,42898,43169,17.3100806451613,28.4338653801052,TRUE,20.0694736842105,0.567180883505854,6.60300868674763,TRUE,0.189024531492506,2.12101784101262,TRUE,2.34472766851097,0.28569112094327,1.29710607164707,TRUE,4,TRUE,no_formulation
SUPER BETA PROSTATE P3 ADVANCED,Prostatomegaly,3,240,71,237,68,42861,43169,7.89136029411765,11.3098029790071,TRUE,9.22106799846331,0.551857484444501,3.1262999988711,TRUE,0.394727698116704,1.06010233093627,TRUE,1.9678343383116,0.28569112094327,0.920212741447705,TRUE,4,TRUE,no_formulation
SUPER BETA PROSTATE P3 ADVANCED,Renal Disorder,7,240,258,233,251,42678,43169,4.98842961487384,18.0981342628826,TRUE,5.45061536562211,0.376318432610332,2.60685466525299,TRUE,1.43436262132549,1.19882621149615,TRUE,1.95503232357084,0.133310168562317,1.23940368834934,TRUE,4,TRUE,no_formulation
SUPER BETA PROSTATE P3 ADVANCED,Respiratory Disorder,4,240,49,236,45,42884,43169,15.8996296296296,38.4976099256306,TRUE,17.9337174453454,0.498449488372051,6.75120899992835,TRUE,0.272417707150965,2.33179898225105,TRUE,2.54247185885873,0.222199057451206,1.61856715646538,TRUE,4,TRUE,no_formulation
SUPER BETA PROSTATE P3 ADVANCED,Urinary Retention,23,240,196,217,173,42756,43169,23.7805154142582,424.960824127265,TRUE,26.6263274702706,0.230082527924982,16.9613754393229,TRUE,1.08967082860386,3.8510322806522,TRUE,3.88586079252354,0.0425300267183455,3.48165372845712,TRUE,4,TRUE,no_formulation
SUPER BETA PROSTATE P3 ADVANCED,Urine Output Decreased,3,240,32,237,29,42900,43169,18.5038793103448,30.5009830121677,TRUE,21.4311150758252,0.56907506259408,7.0248700642062,TRUE,0.177905441404712,2.20831660974526,TRUE,2.36819896589952,0.28569112094327,1.32057736903562,TRUE,4,TRUE,no_formulation
SUPER BETA VIRILITY BOOST,Blood Urine Present,28,149,574,121,546,42474,43169,14.8064016520392,334.279393581299,TRUE,18.230840477562,0.212535977372172,12.0196664131047,TRUE,1.98119020593481,3.32884753920763,TRUE,3.52185767891801,0.0350645545272294,3.15483725350302,TRUE,4,TRUE,no_formulation
SUPER BETA VIRILITY BOOST,Cerebrovascular Accident,9,149,676,140,667,42353,43169,3.89583731624121,16.6152971452665,TRUE,4.29027683367321,0.337494198109479,2.21413682559905,TRUE,2.33324839583961,1.01126497521972,TRUE,1.74547042258655,0.105239993123721,1.10963242625094,TRUE,4,TRUE,no_formulation
SUPER BETA VIRILITY BOOST,Dysuria,3,149,186,146,183,42837,43169,4.73319397073385,5.41934045322893,TRUE,5.57722889213343,0.54590581568085,1.91308407730592,TRUE,0.641988463944034,0.358897460301278,FALSE,1.61580684499502,0.28569112094327,0.568185248131124,TRUE,3,TRUE,no_formulation
SUPER BETA VIRILITY BOOST,Haematemesis,3,149,154,146,151,42869,43169,5.73625494466421,7.34128940260831,TRUE,6.76030367541874,0.546959057841024,2.31411669635472,TRUE,0.531538835738609,0.631108912779162,FALSE,1.76255678471803,0.28569112094327,0.714935187854133,TRUE,3,TRUE,no_formulation
SUPER BETA VIRILITY BOOST,Haematochezia,13,149,638,136,625,42395,43169,6.00547651006711,49.0491230772622,TRUE,6.70337576092972,0.288136061318787,3.81089688468337,TRUE,2.20208946234566,1.80551241509187,TRUE,2.32081206112467,0.0740509093030578,1.78745104532146,TRUE,4,TRUE,no_formulation
SUPER BETA VIRILITY BOOST,Haematospermia,3,149,22,146,19,43001,43169,45.5881314023313,77.6917390700641,TRUE,52.6840815612147,0.586383433058628,16.6932062197281,TRUE,0.0759341193912298,3.43286649420973,TRUE,2.60337922448476,0.28569112094327,1.55575762762086,TRUE,4,TRUE,no_formulation
SUPER BETA VIRILITY BOOST,Haematuria,4,149,79,145,75,42945,43169,15.3986577181208,38.4009331035502,TRUE,17.5922031815389,0.492304167050446,6.7028957560665,TRUE,0.272672519632143,2.33045185661115,TRUE,2.54199600741664,0.222199057451206,1.61809130502329,TRUE,4,TRUE,no_formulation
SUPER BETA VIRILITY BOOST,Haemorrhage,7,149,591,142,584,42436,43169,3.46074285188931,9.92161235493526,TRUE,3.82121471343028,0.376942045677283,1.82533211327087,TRUE,2.03986657091895,0.690864084400078,FALSE,1.56213788700863,0.133310168562317,0.846509251787121,TRUE,3,TRUE,no_formulation
SUPER BETA VIRILITY BOOST,Hypertension,8,149,735,141,727,42293,43169,3.17716459108407,9.91210283826353,TRUE,3.49223221983413,0.355123093271438,1.74107001170698,TRUE,2.53688989784336,0.652829486282278,FALSE,1.48486823656939,0.117623894052513,0.812659971675144,TRUE,3,TRUE,no_formulation
SUPER BETA VIRILITY BOOST,Prostatic Disorder,3,149,34,146,31,42989,43169,27.9411127949773,48.5814058970529,TRUE,32.6048540007584,0.569481797356997,10.6789749471857,TRUE,0.117352729968264,2.80713742949491,TRUE,2.50318799536407,0.28569112094327,1.45556639850017,TRUE,4,TRUE,no_formulation
SUPER BETA VIRILITY BOOST,Rectal Haemorrhage,4,149,309,145,305,42715,43169,3.78655517658708,5.61178359935924,TRUE,4.32437950292743,0.482070334685587,1.68103690196908,TRUE,1.06652922235864,0.364125619295795,FALSE,1.52235331915201,0.222199057451206,0.598448616758654,TRUE,3,TRUE,no_formulation
SUPER BETA VIRILITY BOOST,Renal Failure,5,149,352,144,347,42673,43169,4.16030017600526,8.98639371321278,TRUE,4.67410320878246,0.437766751400516,1.98181776087887,TRUE,1.21494591025968,0.702408402544587,FALSE,1.68126854441456,0.181795017047166,0.8455749776759,TRUE,3,TRUE,no_formulation
SUPER BETA VIRILITY BOOST,Thrombosis,4,149,230,145,226,42794,43169,5.11017402150027,9.30638700400834,TRUE,5.8434491704786,0.48325299066042,2.26629280782683,TRUE,0.793856702726494,0.789938547679899,FALSE,1.79824715668806,0.222199057451206,0.874342454294704,TRUE,3,TRUE,no_formulation
SUPER BETA VIRILITY BOOST,Urinary Retention,11,149,196,138,185,42835,43169,17.1674224560131,143.793645364391,TRUE,19.1737911975634,0.315580289384118,10.3295315905462,TRUE,0.676503972758229,3.19020431173451,TRUE,3.28905576386801,0.0869333569681142,2.71116028531786,TRUE,4,TRUE,no_formulation
SUPER DETOX,Abdominal Distension,3,3,715,0,712,42454,43169,60.626404494382,122.877075604936,TRUE,417.096842105263,1.5123297752525,21.5236444044751,TRUE,0.0496884338298316,4.04126618312029,TRUE,2.67066889345777,0.28569112094327,1.62304729659387,TRUE,4,TRUE,no_formulation
SUSTAIN,Blood Pressure Increased,3,16,1929,13,1926,41227,43169,4.20103193146417,4.66692938916413,TRUE,5.54820197825648,0.600276345933771,1.71075068174605,TRUE,0.714957492645185,0.203666358833293,FALSE,1.52644908248397,0.28569112094327,0.478827485620067,TRUE,3,TRUE,no_formulation
SUSTAIN,Chest Pain,3,16,1313,13,1310,41843,43169,6.17647900763359,8.59415211438087,TRUE,8.27799680642107,0.600479246847288,2.55144963948185,TRUE,0.486645509509139,0.758326548812617,FALSE,1.82675118305985,0.28569112094327,0.779129586195948,TRUE,3,TRUE,no_formulation
SUSTAIN,Dehydration,3,16,879,13,876,42277,43169,9.2365154109589,14.8170474198822,TRUE,12.5052291310135,0.600793570491435,3.85199612956798,TRUE,0.325789339572378,1.33675443630434,TRUE,2.08350922260784,0.28569112094327,1.03588762574394,TRUE,4,TRUE,no_formulation
SUSTAIN,Diarrhoea,7,16,3103,9,3096,40057,43169,6.09800952842377,26.8238470365643,TRUE,10.2129314081263,0.48881939466733,3.91795051350173,TRUE,1.15008455141421,1.51741043104791,TRUE,2.18435064460366,0.133310168562317,1.46872200938216,TRUE,4,TRUE,no_formulation
SUSTAIN,Haematemesis,3,16,154,13,151,43002,43169,53.584023178808,104.969600426625,TRUE,73.5894144970053,0.605319976802613,22.467594712813,TRUE,0.0570779957840117,3.8425285688883,TRUE,2.65140368533432,0.28569112094327,1.60378208847042,TRUE,4,TRUE,no_formulation
SUSTAIN,Heart Rate Increased,4,16,1482,12,1478,41675,43169,7.29922192151556,16.420684098462,TRUE,10.1475684815692,0.550384028031491,3.4503698333874,TRUE,0.549283050337047,1.32098869084473,TRUE,2.10052109546756,0.222199057451206,1.17661639307421,TRUE,4,TRUE,no_formulation
SUSTAIN,Nausea,9,16,3887,7,3878,39275,43169,6.25929925219185,38.0281005074636,TRUE,12.8268574620773,0.488753295671108,4.92135919946584,TRUE,1.44066343904191,1.7067395524426,TRUE,2.29137757412803,0.105239993123721,1.65553957779242,TRUE,4,TRUE,no_formulation
SUSTAIN,Vomiting,7,16,3595,9,3588,39565,43169,5.26182761984392,21.8699404015819,TRUE,8.70445062076956,0.488774420095743,3.33955176896274,TRUE,1.33243762885404,1.30514150046646,TRUE,2.03312650179204,0.133310168562317,1.31749786657053,TRUE,4,TRUE,no_formulation
SWANSON PREMIUM NIACIN,Flushing,4,7,358,3,354,42808,43169,69.6723163841808,205.819656490555,TRUE,155.25952045134,0.714689262724964,38.2562554221842,TRUE,0.0580509161666937,4.55551377411349,TRUE,3.01145633780563,0.222199057451206,2.08755163541227,TRUE,4,TRUE,no_formulation
SYNC,Diarrhoea,5,13,3103,8,3098,40058,43169,5.35779907632716,14.6631832956502,TRUE,8.36540451261996,0.547551770101,2.86023337635436,TRUE,0.934443698024045,1.08099804878755,TRUE,1.93894027526098,0.181795017047166,1.10324670852231,TRUE,4,TRUE,no_formulation
SYNC,Heart Rate Increased,3,13,1482,10,1479,41677,43169,6.73365579653612,9.78948330396957,TRUE,9.38999662047989,0.617780121674073,2.79769508662822,TRUE,0.446292478398851,0.883115997012621,FALSE,1.88699685883485,0.28569112094327,0.839375261970955,TRUE,3,TRUE,no_formulation
SYNC,Nausea,6,13,3887,7,3881,39275,43169,5.13222206806335,17.6031727705498,TRUE,8.7694877409936,0.536155369928782,3.06612291469722,TRUE,1.17053904422155,1.16241185361552,TRUE,1.96012601607489,0.153822989075138,1.19140864614558,TRUE,4,TRUE,no_formulation
SYNC,Vomiting,5,13,3595,8,3590,39566,43169,4.62352689093636,11.7709847768996,TRUE,7.13044226185113,0.547511668633304,2.43817641819099,TRUE,1.08260557344391,0.868742761953492,FALSE,1.79712987556905,0.181795017047166,0.961436308830384,TRUE,3,TRUE,no_formulation
THE BODY SHOT BAR STEP 2,Dizziness,3,3,2837,0,2834,40332,43169,15.2314749470713,28.7920830706916,TRUE,99.6039865937555,1.51198276297138,5.14340840957698,TRUE,0.197155366119206,2.06036661566705,TRUE,2.32780280998818,0.28569112094327,1.28018121312428,TRUE,4,TRUE,no_formulation
THE BODY SHOT BAR STEP 2,Heart Rate Increased,3,3,1482,0,1479,41687,43169,29.1859364435429,57.775477396465,TRUE,197.237242311592,1.51208934185183,10.1829236955426,TRUE,0.102990571938196,2.99488763766408,TRUE,2.53714757190807,0.28569112094327,1.48952597504417,TRUE,4,TRUE,no_formulation
THE MASTER'S MIRACLE FORTIFIED MINERAL NEUTRALIZER DIETARY SUPPLEMENT,Malaise,3,5,1895,2,1892,41272,43169,13.6883720930233,24.7858553122434,TRUE,30.5318361955086,0.828412286550484,6.01996753995828,TRUE,0.21948620537886,1.90582545289053,TRUE,2.28231599033004,0.28569112094327,1.23469439346615,TRUE,4,TRUE,no_formulation
THERMOPLUS,Abdominal Pain,4,21,1676,17,1672,41476,43169,4.91547049441786,9.2018748054223,TRUE,6.37691223574632,0.529138069626122,2.26047142835265,TRUE,0.81530728068753,0.751489732064895,FALSE,1.7745251216685,0.222199057451206,0.850620419275144,TRUE,3,TRUE,no_formulation
THINOGENICS,Blood Pressure Increased,4,14,1929,10,1925,41230,43169,6.4051948051948,13.8294216315758,TRUE,9.17694847349483,0.56391836020345,3.03865430042177,TRUE,0.625587806064537,1.13343640493776,TRUE,1.99924639695345,0.222199057451206,1.07534169456009,TRUE,4,TRUE,no_formulation
THINOGENICS,Heart Rate Increased,6,14,1482,8,1476,41679,43169,12.5304878048781,54.3009781253736,TRUE,21.5865620206769,0.521722610804853,7.76397678514003,TRUE,0.480622669044917,2.4459989462156,TRUE,2.72866970025182,0.153822989075138,1.9599523303225,TRUE,4,TRUE,no_formulation
TIANEPTINE,Dependence,3,9,444,6,441,42719,43169,32.6228269085412,63.2755027532591,TRUE,52.1014896768011,0.664717123095705,14.1589648209474,TRUE,0.0925664249808891,3.14829731760909,TRUE,2.56230613193132,0.28569112094327,1.51468453506742,TRUE,4,TRUE,no_formulation
"TOTAL BODY ESSENTIAL NUTRITION TOTAL BODY FORMULA, TROPICAL ORANGE FLAVOR",Blood Selenium Increased,3,3,29,0,26,43140,43169,1660.23076923077,3098.51998323802,TRUE,11395.6037735849,1.52429436620533,574.422948091188,TRUE,0.00201533507841275,8.44732808944886,TRUE,2.80155158204449,0.28569112094327,1.75392998518059,TRUE,4,TRUE,no_formulation
"TOTAL BODY ESSENTIAL NUTRITION TOTAL BODY FORMULA, TROPICAL ORANGE FLAVOR",Fatigue,3,3,1718,0,1715,41451,43169,25.1696793002916,49.4391267128175,TRUE,169.140483823958,1.51205863997564,8.73287552996339,TRUE,0.119391229817693,2.78236409208668,TRUE,2.49843206142367,0.28569112094327,1.45081046455977,TRUE,4,TRUE,no_formulation
TOTAL BODY ESSENTIAL TOTAL BODY FORMULA,Abdominal Pain Upper,3,15,2004,12,2001,41153,43169,4.31324337831085,4.9010656841586,TRUE,5.75717212090932,0.605176181177954,1.75821851284816,TRUE,0.696333016748129,0.24172780871658,FALSE,1.54873588140462,0.28569112094327,0.501114284540725,TRUE,3,TRUE,no_formulation
TOTAL BODY ESSENTIAL TOTAL BODY FORMULA,Arthralgia,8,15,444,7,436,42718,43169,52.7877675840979,353.514847055771,TRUE,110.914776632302,0.503283967520395,41.3604682719793,TRUE,0.154277374968148,4.6892690745825,TRUE,3.69948855323494,0.117623894052513,3.02728028834069,TRUE,4,TRUE,no_formulation
TOTAL BODY ESSENTIAL TOTAL BODY FORMULA,Diarrhoea,8,15,3103,7,3095,40059,43169,7.43633817985999,41.2248288456864,TRUE,14.6666989716255,0.501326644626743,5.49028037524831,TRUE,1.07820426695082,1.88699480587125,TRUE,2.42917889581978,0.117623894052513,1.75697063092553,TRUE,4,TRUE,no_formulation
TOTAL BODY ESSENTIAL TOTAL BODY FORMULA,Hypotrichosis,10,15,116,5,106,43048,43169,271.408805031447,2226.8776298087,TRUE,771.676056338028,0.535228155117881,270.296001888575,TRUE,0.040306701568255,7.06260125012244,TRUE,4.28046694145808,0.095214930467079,3.6756713752687,TRUE,4,TRUE,no_formulation
TOTAL BODY ESSENTIAL TOTAL BODY FORMULA,Muscle Spasms,5,15,623,10,618,42536,43169,23.2761596548004,86.0319015257269,TRUE,36.0242907187127,0.52791722945218,12.800390565377,TRUE,0.216474785146749,3.18914397399647,TRUE,2.94044378082209,0.181795017047166,2.10475021408343,TRUE,4,TRUE,no_formulation
TOTAL BODY FORMULA,Alopecia,4,23,247,19,243,42903,43169,30.8792270531401,86.7597407032379,TRUE,40.6604012004423,0.526910198996648,14.4762689610606,TRUE,0.131599064143251,3.37952120078279,TRUE,2.83284406280868,0.222199057451206,1.90893936041533,TRUE,4,TRUE,no_formulation
TOTAL BODY FORMULA,Arthralgia,14,23,444,9,430,42716,43169,61.0762386248736,751.78731204295,TRUE,151.449171709762,0.420208240834761,66.4627683445094,TRUE,0.236558641617828,5.16052689168406,TRUE,4.29910869903308,0.0689423524703631,3.78447393412679,TRUE,4,TRUE,no_formulation
TOTAL BODY FORMULA,Breath Odour,3,23,18,20,15,43131,43169,375.182608695652,647.330169743187,TRUE,475.091266719119,0.631691449572243,137.74328303913,TRUE,0.00959021520072274,6.37358209074638,TRUE,2.77994544071834,0.28569112094327,1.73232384385444,TRUE,4,TRUE,no_formulation
TOTAL BODY FORMULA,Diarrhoea,15,23,3103,8,3088,40058,43169,9.11227190808741,107.615940908586,TRUE,23.6515631993448,0.427214153695507,10.2378278054436,TRUE,1.65324654265793,2.48472754143829,TRUE,2.84768279556984,0.0644929642612418,2.34993168155201,TRUE,4,TRUE,no_formulation
TOTAL BODY FORMULA,Fatigue,10,23,1718,13,1708,41438,43169,10.9830974442521,83.8950523637155,TRUE,18.8644685071375,0.412215490017267,8.40929649181905,TRUE,0.915332761935648,2.56913534189461,TRUE,2.89117613470088,0.095214930467079,2.28638056851151,TRUE,4,TRUE,no_formulation
TOTAL BODY FORMULA,Hypotrichosis,15,23,116,8,101,43045,43169,278.600947051227,3383.85754399509,TRUE,773.347145754854,0.438222130701571,327.606325548157,TRUE,0.0618036090713243,7.21847348161753,TRUE,4.78605851279181,0.0644929642612418,4.28830739877399,TRUE,4,TRUE,no_formulation
TOTAL BODY FORMULA,Muscle Spasms,9,23,623,14,614,42532,43169,27.4970967285087,204.051561228896,TRUE,45.3476333436211,0.419379930216974,19.9329337381194,TRUE,0.331928003891682,3.82337868487509,TRUE,3.51339692722751,0.105239993123721,2.8775589308919,TRUE,4,TRUE,no_formulation
TOTAL BODY FORMULA,Myalgia,3,23,357,20,354,42792,43169,15.89756816507,28.2983021620498,TRUE,20.6094120884791,0.58080893292992,6.60193217783731,TRUE,0.190205934814334,2.11204536414811,TRUE,2.34225613794059,0.28569112094327,1.2946345410767,TRUE,4,TRUE,no_formulation
TOTAL BODY FORMULA,Nail Discolouration,3,23,29,20,26,43120,43169,216.451505016722,400.004261543835,TRUE,277.812701334561,0.610126063532347,84.0237978030342,TRUE,0.0154509022678311,5.704633310445,TRUE,2.7634480024032,0.28569112094327,1.7158264055393,TRUE,4,TRUE,no_formulation
TOTAL BODY FORMULA,Onychoclasis,3,23,26,20,23,43123,43169,244.684310018904,446.701768722554,TRUE,313.299948105864,0.614061197455843,94.0287968955855,TRUE,0.0138525330677106,5.85854749910924,TRUE,2.76792862705262,0.28569112094327,1.72030703018872,TRUE,4,TRUE,no_formulation
TOTAL BODY FORMULA,Rash,3,23,1290,20,1287,41859,43169,4.3727576771055,4.93076202475366,TRUE,5.55086905043808,0.579046942818942,1.78429341912874,TRUE,0.687298756051797,0.260558511138402,FALSE,1.55967192082461,0.28569112094327,0.512050323960713,TRUE,3,TRUE,no_formulation
TOTAL BODY FORMULA PEACH NECTAR,Diarrhoea,3,3,3103,0,3100,40066,43169,13.9245161290323,26.0749756326973,TRUE,90.4581519109821,1.51197280823604,4.67122163615282,TRUE,0.215640853390164,1.93128487119372,TRUE,2.29004726887732,0.28569112094327,1.24242567201342,TRUE,4,TRUE,no_formulation
TOTAL BODY FORMULA PEACH NECTAR,Fatigue,3,3,1718,0,1715,41451,43169,25.1696793002916,49.4391267128175,TRUE,169.140483823958,1.51205863997564,8.73287552996339,TRUE,0.119391229817693,2.78236409208668,TRUE,2.49843206142367,0.28569112094327,1.45081046455977,TRUE,4,TRUE,no_formulation
TOTAL BODY FORMULA TROPICAL ORANGE,Alopecia,4,10,247,6,243,42916,43169,71.043621399177,208.394854686598,TRUE,122.018164586953,0.616602346176559,36.4386245183354,TRUE,0.0572169844101091,4.5762650683079,TRUE,3.01361386324551,0.222199057451206,2.08970916085216,TRUE,4,TRUE,no_formulation
TOTAL BODY FORMULA TROPICAL ORANGE,Diarrhoea,7,10,3103,3,3096,40063,43169,9.75817183462532,50.1097677892637,TRUE,27.72496597541,0.647607539088144,7.79141533414422,TRUE,0.718802844633881,2.19522307225642,TRUE,2.62142582327883,0.133310168562317,1.90579718805732,TRUE,4,TRUE,no_formulation
TOTAL BODY FORMULA TROPICAL ORANGE,Hypotrichosis,7,10,116,3,109,43050,43169,277.167889908257,1563.90975773176,TRUE,842.47553816047,0.654372422763119,233.638413401195,TRUE,0.0268711343788367,6.91899779805713,TRUE,3.83136854936727,0.133310168562317,3.11573991414576,TRUE,4,TRUE,no_formulation
TOTAL BODY FORMULA TROPICAL ORANGE,Nail Discolouration,4,10,29,6,25,43134,43169,690.544,1818.16711786936,TRUE,1171.07239819005,0.644443361081203,331.148263119044,TRUE,0.00671778359470917,7.60314429802623,TRUE,3.15067063424704,0.222199057451206,2.22676593185369,TRUE,4,TRUE,no_formulation
TOTAL BODY FORMULA TROPICAL ORANGE,Nausea,5,10,3887,5,3882,39277,43169,5.55886141164348,15.8176299565141,TRUE,10.1165486155827,0.603257316164946,3.10119716783954,TRUE,0.900414649401191,1.13449616194291,TRUE,1.9735775599931,0.181795017047166,1.13788399325443,TRUE,4,TRUE,no_formulation
TOTAL BODY FORMULA TROPICAL ORANGE,Vomiting,5,10,3595,5,3590,39569,43169,6.01100278551532,17.6202153490982,TRUE,11.0206099429049,0.603274521563866,3.37822049014491,TRUE,0.832773518033774,1.24711667004467,TRUE,2.0449999786232,0.181795017047166,1.20930641188454,TRUE,4,TRUE,no_formulation
TOTAL CONTROL,Constipation,3,17,920,14,917,42235,43169,8.30431714670601,12.8930770879432,TRUE,11.1114723292305,0.59648419759169,3.45170768753546,TRUE,0.36229701869397,1.18367451519811,TRUE,2.02109812490605,0.28569112094327,0.973476528042147,TRUE,4,TRUE,no_formulation
TOTAL LEAN CLA,Dizziness,3,4,2837,1,2834,40331,43169,11.4233415666902,20.3796205796211,TRUE,33.2005056741342,0.976093511301029,4.90091452180474,TRUE,0.262873821492275,1.64595856086728,TRUE,2.19783856035817,0.28569112094327,1.15021696349427,TRUE,4,TRUE,no_formulation
TRIBULUS TERRESTRIS,Insomnia,3,3,853,0,850,42316,43169,50.7835294117647,102.526389816827,TRUE,348.283950617284,1.51225450771748,17.9753120196694,TRUE,0.0592786490305543,3.78827212396031,TRUE,2.64571576176128,0.28569112094327,1.59809416489738,TRUE,4,TRUE,no_formulation
TRIM,Nausea,5,8,3887,3,3882,39279,43169,6.94889876352396,21.7988568821454,TRUE,15.8982430319198,0.683970388325616,4.16046414291361,TRUE,0.720331719520953,1.45628628188872,TRUE,2.1721582535887,0.181795017047166,1.33646468685004,TRUE,4,TRUE,no_formulation
TRIM,Vomiting,3,8,3595,5,3592,39569,43169,4.50595072383074,5.50707081454603,TRUE,7.00921110900234,0.68398545102355,1.83420963621385,TRUE,0.666218814427019,0.30547688641976,FALSE,1.58551641922111,0.28569112094327,0.537894822357213,TRUE,3,TRUE,no_formulation
TRIPLE ACTION VIRILITY,Blood Pressure Increased,9,98,1929,89,1920,41151,43169,2.06015625,4.06850745045187,TRUE,2.27442661434479,0.342025350578019,1.16341342962021,TRUE,4.37911464245176,0.103065193580043,FALSE,0.961308131398437,0.105239993123721,0.325470135062825,TRUE,3,TRUE,no_formulation
TRIPLE ACTION VIRILITY,Blood Urine Present,16,98,574,82,558,42513,43169,12.6021505376344,157.117161986514,TRUE,15.2241718889884,0.273022535631762,8.91522287275308,TRUE,1.30306469920545,2.94616293505816,TRUE,3.19394295356537,0.0605828958350444,2.71151653156933,TRUE,4,TRUE,no_formulation
TRIPLE ACTION VIRILITY,Cardiac Disorder,3,98,295,95,292,42779,43169,4.51541095890411,5.04819990971404,TRUE,5.36011992661207,0.547382561837559,1.83329799512599,TRUE,0.669693530079455,0.29797582321288,FALSE,1.58122434143876,0.28569112094327,0.533602744574863,TRUE,3,TRUE,no_formulation
TRIPLE ACTION VIRILITY,Cerebrovascular Accident,9,98,676,89,667,42404,43169,5.93028485757122,32.1907062904207,TRUE,6.74312556232084,0.343450217638472,3.439620426432,TRUE,1.53461975028377,1.61561278719273,TRUE,2.22316831877473,0.105239993123721,1.58733032243912,TRUE,4,TRUE,no_formulation
TRIPLE ACTION VIRILITY,Haematochezia,10,98,638,88,628,42443,43169,6.9984076433121,45.5352778624962,TRUE,8.012202850478,0.328864988858048,4.20548807840508,TRUE,1.4483541430193,1.90728898499038,TRUE,2.43006148974192,0.095214930467079,1.82526592355254,TRUE,4,TRUE,no_formulation
TRIPLE ACTION VIRILITY,Haemorrhage,14,98,591,84,577,42494,43169,10.6637781629116,111.964659438554,TRUE,12.6267629806091,0.287323808544906,7.18980422586677,TRUE,1.3416572077185,2.65851012102767,TRUE,2.97697644116149,0.0689423524703631,2.4623416762552,TRUE,4,TRUE,no_formulation
TRIPLE ACTION VIRILITY,Rectal Haemorrhage,3,98,309,95,306,42765,43169,4.30882352941176,4.65507795984306,TRUE,5.11361171135007,0.547239907150497,1.74947497627992,TRUE,0.701475595913735,0.231117557010692,FALSE,1.54254757697043,0.28569112094327,0.49492598010653,TRUE,3,TRUE,no_formulation
TRIVEREX,Chest Pain,8,49,1313,41,1305,41815,43169,5.39463601532567,25.0216977185679,TRUE,6.56041400377458,0.377535890989132,3.13015763203793,TRUE,1.49035187287174,1.42009981535189,TRUE,2.09443933491794,0.117623894052513,1.42223107002369,TRUE,4,TRUE,no_formulation
TRIVEREX,Dyspnoea,11,49,3460,38,3449,39671,43169,2.80661061177153,11.9717158185813,TRUE,3.43525976849647,0.336519912950603,1.7762661941789,TRUE,3.92735527809308,0.653424625956146,FALSE,1.37711680729323,0.0869333569681142,0.79922132874308,TRUE,3,TRUE,no_formulation
TRIVEREX,Heart Rate Irregular,3,49,304,46,301,42819,43169,8.77076411960133,13.5685708767855,TRUE,10.6897947538294,0.557278893813118,3.58594806780612,TRUE,0.345062429057889,1.2539215790928,TRUE,2.05022509239592,0.28569112094327,1.00260349553202,TRUE,4,TRUE,no_formulation
TRIVEREX,Hypertension,4,49,735,45,731,42389,43169,4.81532147742818,8.6749930234796,TRUE,5.73119361841166,0.495571275344512,2.16973300264458,TRUE,0.83427922814983,0.718317165476556,FALSE,1.7538643867097,0.222199057451206,0.82995968431635,TRUE,3,TRUE,no_formulation
TRIVEREX,Swelling,4,49,827,45,823,42297,43169,4.27703523693803,7.13317887334658,TRUE,5.07986548970156,0.495417213409717,1.92373199066903,TRUE,0.938706015891033,0.548240352099818,FALSE,1.64515317847202,0.222199057451206,0.721248476078669,TRUE,3,TRUE,no_formulation
TRIVEREX,Syncope,4,49,552,45,548,42572,43169,6.42335766423358,13.3635926038175,TRUE,7.67633005098821,0.496031135714759,2.90351057797483,TRUE,0.626560726447219,1.13119568747341,TRUE,1.99799991833241,0.222199057451206,1.07409521593905,TRUE,4,TRUE,no_formulation
TRIVEREX,Thrombosis,3,49,230,46,227,42893,43169,11.6299559471366,19.3260713258649,TRUE,14.1913978494624,0.558245985215875,4.75156417943675,TRUE,0.261066969353008,1.65589602907881,TRUE,2.20125960907354,0.28569112094327,1.15363801220965,TRUE,4,TRUE,no_formulation
TRIVEREX MALE ENHANCEMENT,Chest Pain,4,27,1313,23,1309,41833,43169,4.88266417678182,9.01790016351852,TRUE,6.11735029611757,0.5153280200484,2.22795945803252,TRUE,0.821214297296671,0.741079269755887,FALSE,1.76806051474181,0.222199057451206,0.844155812348455,TRUE,3,TRUE,no_formulation
TRIVEREX MALE ENHANCEMENT,Hypertension,5,27,735,22,730,42412,43169,10.9441907661086,36.1473773875583,TRUE,14.192334017796,0.477132193014478,5.57071193985501,TRUE,0.459704880817253,2.10384868384696,TRUE,2.51876888314773,0.181795017047166,1.68307531640906,TRUE,4,TRUE,no_formulation
TRIVEREX MALE ENHANCEMENT SUPPLEMENT,Hypertension,3,9,735,6,732,42428,43169,19.6539162112933,36.5704183378963,TRUE,31.1892360199527,0.664040056274467,8.48716078471223,TRUE,0.153234960272418,2.42323279943146,TRUE,2.42168101284579,0.28569112094327,1.37405941598189,TRUE,4,TRUE,no_formulation
TRUBIOTICS (BIFIDOBACTERIUM + LACTOBACILLUS) CAPSULE,Diarrhoea,6,32,3103,26,3097,40040,43169,2.61162011624152,4.79968064114587,TRUE,3.17070370201167,0.438097955503866,1.34350458054854,TRUE,2.30016910282842,0.188053519907606,FALSE,1.21492576366896,0.153822989075138,0.44620839373964,TRUE,3,TRUE,no_formulation
TRUBIOTICS (BIFIDOBACTERIUM + LACTOBACILLUS) CAPSULE,Haematochezia,4,32,638,28,634,42503,43169,8.50492902208202,19.6804099134269,TRUE,10.5769565758368,0.508831517423903,3.90152675690869,TRUE,0.472931965067525,1.53675978825651,TRUE,2.20951417219835,0.222199057451206,1.285609469805,TRUE,4,TRUE,no_formulation
TRUBIOTICS (BIFIDOBACTERIUM + LACTOBACILLUS) CAPSULE,Haemorrhage,3,32,591,29,588,42549,43169,6.87771045918367,9.8464983939027,TRUE,8.57815762567861,0.566864470735227,2.82402959349602,TRUE,0.438092149459103,0.909850292085511,FALSE,1.89955337028333,0.28569112094327,0.851931773419432,TRUE,3,TRUE,no_formulation
TRUBIOTICS (BIFIDOBACTERIUM + LACTOBACILLUS) CAPSULE,Urinary Tract Infection,3,32,312,29,309,42828,43169,13.087682038835,22.4337877698464,TRUE,16.4179239341749,0.568213830795974,5.39069625811085,TRUE,0.231277073826125,1.83044876261501,TRUE,2.25886488395761,0.28569112094327,1.21124328709371,TRUE,4,TRUE,no_formulation
TRUBIOTICS BIFIDOBACTERIUM + LACTOBACILLUS CAPSULE,Fungal Infection,3,6,67,3,64,43099,43169,337.2109375,667.297412961241,TRUE,668.209302325581,0.766130308448164,148.856990052141,TRUE,0.00931223794852788,6.41452435512436,TRUE,2.78073263366685,0.28569112094327,1.73311103680295,TRUE,4,TRUE,no_formulation
TRUCONTROL,Heart Rate Increased,4,11,1482,7,1478,41680,43169,10.6182802312708,26.7412233440232,TRUE,16.9146432194792,0.596871769115501,5.2504355863565,TRUE,0.37763209710672,1.86114598252434,TRUE,2.35823680681246,0.222199057451206,1.4343321044191,TRUE,4,TRUE,no_formulation
TRUFIX,Headache,3,11,2348,8,2345,40813,43169,5.01934483427021,6.39387858007612,TRUE,7.16502188170088,0.635462189717957,2.06205946440992,TRUE,0.598299705807408,0.460519964069752,FALSE,1.67208312902426,0.28569112094327,0.624461532160366,TRUE,3,TRUE,no_formulation
TRUFIX,Heart Rate Increased,6,11,1482,5,1476,41682,43169,15.9490022172949,71.9705229816626,TRUE,33.3634516516332,0.579970347425515,10.7050881658668,TRUE,0.37763209710672,2.79364037219018,TRUE,2.88875152351124,0.153822989075138,2.12003415358192,TRUE,4,TRUE,no_formulation
TRUFIX,Vomiting,4,11,3595,7,3591,39567,43169,4.37031973874079,7.95281801102465,TRUE,6.61019072810803,0.596539406927125,2.05319120954159,TRUE,0.916050869837152,0.58347294821606,FALSE,1.66805190809516,0.222199057451206,0.744147205701806,TRUE,3,TRUE,no_formulation
TRUVISION HEALTH TRUCONTROL,Adverse Event,4,6,193,2,189,42974,43169,152.250440917108,451.776018949548,TRUE,408.201055408971,0.792163200792917,86.4114303120024,TRUE,0.0268248048368042,5.65938841137276,TRUE,3.094529821782,0.222199057451206,2.17062511938865,TRUE,4,TRUE,no_formulation
TRUVISION HEALTH TRUFIX,Adverse Event,3,6,193,3,190,42973,43169,113.586842105263,229.075981926467,TRUE,225.582677165354,0.759408444393039,50.9195114942765,TRUE,0.0268248048368042,4.92216415739041,TRUE,2.73195974239729,0.28569112094327,1.68433814553339,TRUE,4,TRUE,no_formulation
TRUVISION TRUCONTROL,Nausea,3,5,3887,2,3884,39280,43169,6.66797116374871,10.2573699402214,TRUE,14.1569571373407,0.828249465455796,2.79222067876519,TRUE,0.450207324700595,0.870525639412634,FALSE,1.88104068909697,0.28569112094327,0.833419092233074,TRUE,3,TRUE,no_formulation
TRUVY ALTER,Abdominal Pain Upper,5,15,2004,10,1999,41155,43169,7.19593129898283,21.7963004449519,TRUE,10.7815168077734,0.526859279292384,3.83891231010807,TRUE,0.696333016748129,1.50514651063599,TRUE,2.20081257798432,0.181795017047166,1.36511901124565,TRUE,4,TRUE,no_formulation
TRUVY ALTER,Blood Pressure Increased,6,15,1929,9,1923,41231,43169,8.97639105564223,36.4416467378226,TRUE,14.6665070526589,0.509562018470307,5.40230063423234,TRUE,0.670272649354861,1.96644807263986,TRUE,2.47359503102694,0.153822989075138,1.70487766109762,TRUE,4,TRUE,no_formulation
TRUVY ALTER,Heart Rate Increased,3,15,1482,12,1479,41675,43169,5.83556457065585,7.92677356762393,TRUE,7.887218654951,0.605321554753334,2.40804041315596,TRUE,0.514952859690982,0.676813540769601,FALSE,1.78594220023276,0.28569112094327,0.738320603368861,TRUE,3,TRUE,no_formulation
TRUVY ALTER,Hyperhidrosis,4,15,755,11,751,42403,43169,15.3232134931203,40.6826906263314,TRUE,22.0794064045821,0.557254877869778,7.40700205574762,TRUE,0.262341031758901,2.38610598444543,TRUE,2.56141656742703,0.222199057451206,1.63751186503368,TRUE,4,TRUE,no_formulation
TRUVY ALTER,Vomiting,5,15,3595,10,3590,39564,43169,4.00687093779016,9.23179008135126,TRUE,5.77197100814981,0.526649850452648,2.05603611102903,TRUE,1.24916027705066,0.66235309544489,FALSE,1.65276912794154,0.181795017047166,0.81707556120288,TRUE,3,TRUE,no_formulation
TRUVY TRIM,Insomnia,3,9,853,6,850,42310,43169,16.9254901960784,30.9402754710861,TRUE,26.7872744539411,0.663897471985804,7.29134403411855,TRUE,0.177835947091663,2.20887918268573,TRUE,2.36834686888713,0.28569112094327,1.32072527202324,TRUE,4,TRUE,no_formulation
TRUVY TRIM,Palpitations,5,9,1189,4,1184,41976,43169,20.2515015015015,75.0200736561357,TRUE,43.3133061301065,0.636324182291389,12.4443224580949,TRUE,0.247886214644768,2.99395550474763,TRUE,2.87854092209459,0.181795017047166,2.04284735535592,TRUE,4,TRUE,no_formulation
TRUVY TRIM,Vomiting,3,9,3595,6,3592,39568,43169,4.00519673348181,4.46076462689038,TRUE,5.9307210534768,0.663222488972253,1.61644569172859,TRUE,0.749496166230397,0.135634758958032,FALSE,1.48600844717871,0.28569112094327,0.438386850314811,TRUE,3,TRUE,no_formulation
TRUVY TRU,Asthenia,4,22,1267,18,1263,41884,43169,6.21132944648384,13.0056517711985,TRUE,8.06341244291383,0.52639491237267,2.87370695610785,TRUE,0.645694827306632,1.08782106081457,TRUE,1.97370218925193,0.222199057451206,1.04979748685857,TRUE,4,TRUE,no_formulation
TRUVY TRU,Blood Pressure Increased,4,22,1929,18,1925,41222,43169,4.07527744982291,6.74893522408316,TRUE,5.20752770428179,0.526136750757281,1.85684197668749,TRUE,0.98306655238713,0.481648558811125,FALSE,1.60134166147545,0.222199057451206,0.677436959082096,TRUE,3,TRUE,no_formulation
TRUVY TRU,Dizziness,9,22,2837,13,2828,40319,43169,6.24152951009387,36.8577127973496,TRUE,10.0311053496487,0.423928741824728,4.37011998947862,TRUE,1.44580601820751,1.70160011801108,TRUE,2.28755962167983,0.105239993123721,1.65172162534422,TRUE,4,TRUE,no_formulation
TRUVY TRU,Headache,4,22,2348,18,2344,40803,43169,3.34680421967111,4.69137224954373,TRUE,4.23338693780153,0.526048775452269,1.50975406590829,TRUE,1.19659941161482,0.198159509858314,FALSE,1.40727903473455,0.222199057451206,0.483374332341194,TRUE,3,TRUE,no_formulation
TRUVY TRU,Migraine,3,22,279,19,276,42871,43169,21.3176877470356,39.3732938936713,TRUE,27.8296007789679,0.583640556373227,8.86547695362988,TRUE,0.142185364497672,2.53095376847143,TRUE,2.44629323074648,0.28569112094327,1.39867163388258,TRUE,4,TRUE,no_formulation
TRUVY TRU,Nausea,7,22,3887,15,3880,39267,43169,3.53829662605436,11.3353804436809,TRUE,4.89638016384653,0.445120913312702,2.04635303178051,TRUE,1.98091222868262,0.733166661958662,FALSE,1.59601990007356,0.133310168562317,0.880391264852049,TRUE,3,TRUE,no_formulation
TRUVY TRU,Syncope,3,22,552,19,549,42598,43169,10.717088922007,17.7342494544812,TRUE,13.9142577168055,0.582099345658511,4.44597562006674,TRUE,0.2813129792212,1.54827672720483,TRUE,2.16338243641339,0.28569112094327,1.11576083954949,TRUE,4,TRUE,no_formulation
TRUVY TRU+,Heart Rate Increased,3,5,1482,2,1479,41685,43169,17.5107505070994,32.7093266994654,TRUE,39.4455559310578,0.828501164086579,7.77613251589702,TRUE,0.171650953230327,2.25984775555428,TRUE,2.38157133582978,0.28569112094327,1.33394973896588,TRUE,4,TRUE,no_formulation
TRUVY TRUFIX,Dizziness,4,13,2837,9,2833,40323,43169,4.68717586684406,8.77183437661839,TRUE,6.74099356384609,0.572593311144985,2.19443462046191,TRUE,0.854339919849892,0.684051282631529,FALSE,1.73233512136631,0.222199057451206,0.808430418972954,TRUE,3,TRUE,no_formulation
TRUVY TRUFIX,Headache,3,13,2348,10,2345,40811,43169,4.24694111858291,4.80917751261137,TRUE,5.79997157677823,0.617578523085471,1.72875087775667,TRUE,0.707081470499664,0.219639633928019,FALSE,1.53583186972669,0.28569112094327,0.48821027286279,TRUE,3,TRUE,no_formulation
TRUVY TRUFIX,Hyperhidrosis,3,13,755,10,752,42404,43169,13.2434533551555,23.1278725884983,TRUE,18.7838316722038,0.618308068045111,5.59074565419802,TRUE,0.227362227524381,1.85504147172885,TRUE,2.26660900946075,0.28569112094327,1.21898741259685,TRUE,4,TRUE,no_formulation
TRUVY TRUFIX,Nausea,4,13,3887,9,3883,39273,43169,3.41971909110719,5.09605571965367,TRUE,4.79032749893273,0.572510560825781,1.5596759592442,TRUE,1.17053904422155,0.229917463949678,FALSE,1.42961129937611,0.222199057451206,0.50570659698276,TRUE,3,TRUE,no_formulation
TRUVY TRUFIX,Palpitations,4,13,1189,9,1185,41971,43169,11.2057124310289,28.3598222400233,TRUE,16.7703389642389,0.5730207079562,5.4547740656065,TRUE,0.358057865597999,1.93786271285373,TRUE,2.39077815303811,0.222199057451206,1.46687345064475,TRUE,4,TRUE,no_formulation
TRUVY TRUFIX,Vomiting,6,13,3595,7,3589,39567,43169,5.54977816833487,19.6677619080798,TRUE,9.55337326461438,0.53617473903533,3.34007020103266,TRUE,1.08260557344391,1.27504270368227,TRUE,2.03813797507284,0.153822989075138,1.26942060514352,TRUE,4,TRUE,no_formulation
TRUVY VY BOOST,Dizziness,6,10,2837,4,2831,40328,43169,9.14708583539385,38.205979244178,TRUE,20.5729393529146,0.613552232598261,6.18059294523587,TRUE,0.657184553730686,1.99488280220915,TRUE,2.48982074693763,0.153822989075138,1.72110337700831,TRUE,4,TRUE,no_formulation
TRUVY VY BOOST,Nausea,4,10,3887,6,3883,39276,43169,4.44594385784188,8.24982282751384,TRUE,7.00178269007933,0.613474804913457,2.10381879898931,TRUE,0.900414649401191,0.608301714005852,FALSE,1.68407094279811,0.222199057451206,0.760166240404759,TRUE,3,TRUE,no_formulation
TRUVY VY BOOST,Syncope,3,10,552,7,549,42610,43169,23.5841530054645,44.5861303646392,TRUE,36.1872611464968,0.648761068234138,10.1465674003328,TRUE,0.127869536009637,2.68366368942341,TRUE,2.4788182019451,0.28569112094327,1.4311966050812,TRUE,4,TRUE,no_formulation
TRUVY VY BOOST,Vomiting,4,10,3595,6,3591,39568,43169,4.80746310219995,9.32085037949312,TRUE,7.62733591064372,0.613491714606696,2.29170220840394,TRUE,0.832773518033774,0.720922222107606,FALSE,1.75549336142822,0.222199057451206,0.831588659034864,TRUE,3,TRUE,no_formulation
TURMERIC,Fatigue,3,9,1718,6,1715,41445,43169,8.38872691933916,13.3414289122513,TRUE,13.0089231666031,0.663451194937206,3.54405367290361,TRUE,0.35817368945308,1.20017230274002,TRUE,2.0280133464313,0.28569112094327,0.980391749567402,TRUE,4,TRUE,no_formulation
ULTIMATE MALE,Blood Pressure Increased,3,8,1929,5,1926,41235,43169,8.4036214953271,13.4441662200812,TRUE,13.6209565155841,0.684160649647381,3.56318445085724,TRUE,0.357478746322593,1.20297150153775,TRUE,2.02918210420762,0.28569112094327,0.981560507343721,TRUE,4,TRUE,no_formulation
ULTIMATE POWER MEAL,Blood Calcium Increased,4,7,123,3,119,43043,43169,207.260504201681,609.046848911066,TRUE,463.109982068141,0.718559629456614,113.248859583138,TRUE,0.0199448678449814,6.08064034922741,TRUE,3.11349444058254,0.222199057451206,2.18958973818918,TRUE,4,TRUE,no_formulation
ULTIMATE POWER MEAL,Decreased Appetite,4,7,606,3,602,42560,43169,40.9700996677741,119.457240199548,TRUE,90.8226437462952,0.713876568419514,22.4145558124714,TRUE,0.0982649586508837,3.79964387089047,TRUE,2.91106853185107,0.222199057451206,1.98716382945771,TRUE,4,TRUE,no_formulation
ULTIMATE POWER MEAL,Hypervitaminosis D,4,7,19,3,15,43147,43169,1644.26666666667,3971.48686591785,TRUE,3579.05529953917,0.756621314319504,812.305406392843,TRUE,0.00308091454515972,8.64697878844804,TRUE,3.16106263740261,0.222199057451206,2.23715793500926,TRUE,4,TRUE,no_formulation
UMARY,Abdominal Pain Upper,6,48,2004,42,1998,41123,43169,2.69776026026026,5.04331545321465,TRUE,3.14709855921353,0.421782239892442,1.37683549429792,TRUE,2.22826565359401,0.233865234087615,FALSE,1.25245559047144,0.153822989075138,0.483738220542124,TRUE,3,TRUE,no_formulation
UMARY,Arthralgia,5,48,444,43,439,42682,43169,10.231824221716,32.885957038544,TRUE,12.2790396610568,0.455088375182824,5.03251822912591,TRUE,0.493687599898075,2.00103264655728,TRUE,2.4685673515929,0.181795017047166,1.63287378485424,TRUE,4,TRUE,no_formulation
UMARY,Contusion,4,48,179,44,175,42946,43169,20.5338095238095,55.0361609617784,TRUE,24.7458945548833,0.500415250384263,9.27985301648776,TRUE,0.199031712571521,2.78394925871227,TRUE,2.6864951893243,0.222199057451206,1.76259048693095,TRUE,4,TRUE,no_formulation
UMARY,Haemorrhage,4,48,591,44,587,42534,43169,6.12166382737081,12.4831633601682,TRUE,7.32126225197227,0.49640685966359,2.76717046948447,TRUE,0.657138224188654,1.06249006850036,TRUE,1.95936379175871,0.222199057451206,1.03545908936535,TRUE,4,TRUE,no_formulation
UMARY HYALURONIC ACID,Contusion,5,17,179,12,174,42978,43169,72.9411764705883,279.612726041977,TRUE,108.369856733524,0.517273726658959,39.31843416688,TRUE,0.0704903982024138,4.80310347518015,TRUE,3.26915710848719,0.181795017047166,2.43346354174852,TRUE,4,TRUE,no_formulation
UMARY HYALURONIC ACID,Diarrhoea,4,17,3103,13,3099,40053,43169,3.27635100506805,4.57750892596295,TRUE,4.30752271871807,0.544650250698694,1.48119393035531,TRUE,1.2219648358776,0.167905620679159,FALSE,1.38586931958037,0.222199057451206,0.461964617187019,TRUE,3,TRUE,no_formulation
UMARY HYALURONIC ACID,Hepatic Enzyme Increased,4,17,563,13,559,42593,43169,18.1635273071662,49.1339510300851,TRUE,25.3759308906762,0.545991835245995,8.70290714946225,TRUE,0.221710023396419,2.62852866542804,TRUE,2.64043380470324,0.222199057451206,1.71652910230989,TRUE,4,TRUE,no_formulation
UMARY HYALURONIC ACID,Weight Increased,3,17,268,14,265,42887,43169,28.7360710321865,54.6864272269824,TRUE,38.9911682576791,0.59872330680847,12.0593161318838,TRUE,0.105538696749983,2.95974400203009,TRUE,2.53106385913034,0.28569112094327,1.48344226226644,TRUE,4,TRUE,no_formulation
UMARY USA HYALURONIC ACID,Dizziness,3,8,2837,5,2834,40327,43169,5.71114149611856,7.9365309837663,TRUE,9.05378533972642,0.684039516705581,2.36899422420723,TRUE,0.525747642984549,0.646903242807789,FALSE,1.77067908292188,0.28569112094327,0.723057486057978,TRUE,3,TRUE,no_formulation
UNSPECIFIED HYDROXYCUT,Convulsion,3,11,820,8,817,42341,43169,14.4068098364304,25.6138887980912,TRUE,21.3268933261378,0.63608820427606,6.13025282757165,TRUE,0.208946234566471,1.97670988812211,TRUE,2.30360679718897,0.28569112094327,1.25598520032507,TRUE,4,TRUE,no_formulation
UNSPECIFIED HYDROXYCUT,Emotional Distress,4,11,252,7,248,42910,43169,63.2815249266862,184.962889421174,TRUE,103.606841046278,0.599669079363132,31.9845177484122,TRUE,0.0642127452570131,4.41079011860215,TRUE,2.99561384034698,0.222199057451206,2.07170913795363,TRUE,4,TRUE,no_formulation
UNSPECIFIED HYDROXYCUT,Hypertension,3,11,735,8,732,42426,43169,16.0797317436662,29.0605665179086,TRUE,23.8494679783176,0.636199734694559,6.85384925918887,TRUE,0.187287173666288,2.13431486619501,TRUE,2.34836998128369,0.28569112094327,1.30074838441979,TRUE,4,TRUE,no_formulation
UNSPECIFIED HYDROXYCUT,Liver Injury,3,11,330,8,327,42831,43169,35.9949958298582,69.9633964175743,TRUE,53.8519083969466,0.637525001043192,15.4357900159597,TRUE,0.0840881187889458,3.28634494657644,TRUE,2.58309697840529,0.28569112094327,1.53547538154139,TRUE,4,TRUE,no_formulation
UNSPECIFIED HYDROXYCUT,Renal Disorder,3,11,258,8,255,42903,43169,46.1582887700535,90.699934931813,TRUE,69.143432715552,0.638199457054284,19.7926794818817,TRUE,0.0657416201440849,3.63979763556735,TRUE,2.62913970672564,0.28569112094327,1.58151810986174,TRUE,4,TRUE,no_formulation
UQORA DEFEND,Nephrolithiasis,3,16,561,13,558,42595,43169,14.5003360215054,25.6087202240139,TRUE,19.7731025564508,0.601333806418803,6.08427939853313,TRUE,0.207926984641757,1.98375300151177,TRUE,2.30568244805953,0.28569112094327,1.25806085119563,TRUE,4,TRUE,no_formulation
UQORA DEFEND PART 2,Hospitalisation,4,9,708,5,704,42456,43169,27.2474747474748,77.4245471780456,TRUE,49.3075037099168,0.636775787837278,14.1539782130657,TRUE,0.147605920915472,3.21432849955803,TRUE,2.79673692039219,0.222199057451206,1.87283221799884,TRUE,4,TRUE,no_formulation
UQORA DEFEND PART 2,Urinary Tract Infection,3,9,312,6,309,42851,43169,46.5587918015102,91.8326125129819,TRUE,74.5521312290295,0.665443306177917,20.231276501246,TRUE,0.0650466770135977,3.6550489199004,TRUE,2.6309129672675,0.28569112094327,1.5832913704036,TRUE,4,TRUE,no_formulation
UQORA FLUSH,Loss Of Consciousness,3,16,995,13,992,42161,43169,8.15643901209677,12.6116641053409,TRUE,11.0133594551731,0.600682640655313,3.39319194856944,TRUE,0.368783154578517,1.15809880381888,TRUE,2.01028688691692,0.28569112094327,0.962665290053026,TRUE,4,TRUE,no_formulation
UQORA PROMOTE PART 3,Hospitalisation,3,8,708,5,705,42456,43169,22.9579787234043,43.4876423348567,TRUE,38.2959216545326,0.684816366258583,10.0051836974721,TRUE,0.131205263035975,2.6466092753347,TRUE,2.47117378224593,0.28569112094327,1.42355218538203,TRUE,4,TRUE,no_formulation
UQORA PROMOTE PART 3,Urinary Tract Infection,3,8,312,5,309,42852,43169,52.379854368932,103.923489226767,TRUE,88.1091202819797,0.686139068385156,22.9597681976354,TRUE,0.0578192684565313,3.82402389225793,TRUE,2.64948524746479,0.28569112094327,1.60186365060089,TRUE,4,TRUE,no_formulation
USP LABS OXYELITE PRO,Liver Function Test Abnormal,3,9,495,6,492,42668,43169,29.2411924119241,56.3232105502499,TRUE,46.6504490433425,0.664540693190564,12.681988955388,TRUE,0.103199054877343,2.99197987364486,TRUE,2.53664884882387,0.28569112094327,1.48902725195997,TRUE,4,TRUE,no_formulation
VANILLA PROTEIN,Gastric Disorder,4,4,233,0,229,42936,43169,188.493449781659,563.518756016122,TRUE,1683.78431372549,1.49218055573205,90.3892385414663,TRUE,0.0215895665871343,5.96819148456045,TRUE,3.10893808485797,0.222199057451206,2.18503338246462,TRUE,4,TRUE,no_formulation
VANILLA PROTEIN TIN,Gastric Disorder,3,3,233,0,230,42936,43169,187.678260869565,383.099321513451,TRUE,1303.9284164859,1.51329969626503,67.1594364465577,TRUE,0.0161921749403507,5.63846922044936,TRUE,2.76137474544783,0.28569112094327,1.71375314858393,TRUE,4,TRUE,no_formulation
VANILLA PROTEIN TIN,Vomiting,3,3,3595,0,3592,39574,43169,12.0172605790646,22.1092457549317,TRUE,77.1110647181628,1.51195830372426,3.98209676612986,TRUE,0.249832055410132,1.71927184692318,TRUE,2.22271551461491,0.28569112094327,1.17509391775101,TRUE,4,TRUE,no_formulation
VITAL PROTEINS COLLAGEN PEPTIDES,Headache,3,4,2348,1,2345,40820,43169,13.8054371002132,25.3244424792001,TRUE,40.6087543523058,0.976131035364959,5.99404717053995,TRUE,0.217563529384512,1.91849900208183,TRUE,2.28617645070284,0.28569112094327,1.23855485383894,TRUE,4,TRUE,no_formulation
VITAMIN B6,Anxiety,6,35,1125,29,1119,42015,43169,6.60804289544236,23.7135781170285,TRUE,8.26945291860016,0.434351833873098,3.52979134427966,TRUE,0.912112858764391,1.52218036653825,TRUE,2.20258432197317,0.153822989075138,1.43386695204386,TRUE,4,TRUE,no_formulation
VITAMIN B6,Arthralgia,8,35,444,27,436,42698,43169,22.6128440366972,143.206238031891,TRUE,30.2353222951161,0.395379647880603,13.9303058462649,TRUE,0.359980541592346,3.46871512571853,TRUE,3.30508691919019,0.117623894052513,2.63287865429595,TRUE,4,TRUE,no_formulation
VITAMIN B6,Burning Sensation,3,35,564,32,561,42573,43169,6.5903743315508,9.25357076613255,TRUE,8.16534009178711,0.564170142043833,2.70235847110729,TRUE,0.457272579860548,0.848077806342739,FALSE,1.87035323160718,0.28569112094327,0.822731634743278,TRUE,3,TRUE,no_formulation
VITAMIN B6,Dizziness,7,35,2837,28,2830,40304,43169,3.04833922261484,8.21462025960832,TRUE,3.7471992115955,0.410851747261502,1.67487621221427,TRUE,2.3001459380574,0.517641047030996,FALSE,1.4213885760722,0.133310168562317,0.705759940850689,TRUE,3,TRUE,no_formulation
VITAMIN B6,Fatigue,5,35,1718,30,1713,41421,43169,3.59719789842382,7.22405635604414,TRUE,4.3591776012093,0.463910346869907,1.75596600577664,TRUE,1.39289768120642,0.505263467310483,FALSE,1.53883518900382,0.181795017047166,0.703141622265151,TRUE,3,TRUE,no_formulation
VITAMIN B6,Hypervitaminosis,8,35,116,27,108,43026,43169,91.2888888888889,585.232519757198,TRUE,122.572350230415,0.404042728606302,55.5219102262118,TRUE,0.0940489703259283,5.40125394757898,TRUE,3.83880907188892,0.117623894052513,3.16660080699467,TRUE,4,TRUE,no_formulation
VITAMIN B6,Hypoaesthesia,10,35,611,25,601,42533,43169,20.5058236272879,166.163900797938,TRUE,29.1168647009926,0.368971276365728,14.1276496830401,TRUE,0.49537862818226,3.45443983662602,TRUE,3.39900010648651,0.095214930467079,2.79420454029713,TRUE,4,TRUE,no_formulation
VITAMIN B6,Insomnia,6,35,853,29,847,42287,43169,8.73010625737899,34.1333230772463,TRUE,10.9942002899855,0.434681547323859,4.6898099283628,TRUE,0.691584238689801,1.92131399292986,TRUE,2.4475587721151,0.153822989075138,1.67884140218578,TRUE,4,TRUE,no_formulation
VITAMIN B6,Muscle Twitching,8,35,106,27,98,43036,43169,100.604081632653,641.697105314469,TRUE,135.047623442547,0.405198982651019,61.0343900408874,TRUE,0.0859413004702449,5.53081770522492,TRUE,3.85863479326873,0.117623894052513,3.18642652837448,TRUE,4,TRUE,no_formulation
VITAMIN B6,Neuropathy Peripheral,19,35,226,16,207,42927,43169,113.11884057971,1842.15000973115,TRUE,244.493975903615,0.341658724588009,125.153323040694,TRUE,0.183233338738447,6.08378647016013,TRUE,4.83495193999271,0.051258886511035,4.3911996009332,TRUE,4,TRUE,no_formulation
VITAMIN B6,Paraesthesia,13,35,621,22,608,42526,43169,26.3506578947368,290.246869971913,TRUE,41.9324568611339,0.346677686968768,21.2545690708798,TRUE,0.503486298037944,3.93359973797487,TRUE,3.74986658440431,0.0740509093030578,3.21650556860111,TRUE,4,TRUE,no_formulation
VITAMIN B6,Temperature Intolerance,3,35,15,32,12,43122,43169,308.1,509.518828980673,TRUE,371.516923076923,0.629687784726405,108.137802019804,TRUE,0.0121615047835252,6.04151461512345,TRUE,2.77268419615522,0.28569112094327,1.72506259929132,TRUE,4,TRUE,no_formulation
VITAMIN B6,Tinnitus,5,35,140,30,135,42999,43169,45.6444444444444,170.205545027559,TRUE,57.2251527433307,0.471177670257404,22.7254468060343,TRUE,0.113507377979569,4.11847836782535,TRUE,3.16427901982306,0.181795017047166,2.3285854530844,TRUE,4,TRUE,no_formulation
VITAMIN B6,Tremor,3,35,796,32,793,42341,43169,4.66229508196721,5.43425762577771,TRUE,5.74650768261354,0.563708589095576,1.90355554356702,TRUE,0.645370520512405,0.3513212104187,FALSE,1.61154054501494,0.28569112094327,0.56391894815104,TRUE,3,TRUE,no_formulation
VITAMIN B6,Visual Impairment,3,35,307,32,304,42830,43169,12.1618421052632,20.5212989428129,TRUE,15.14783377542,0.565500607056277,5.00019217542722,TRUE,0.248905464569483,1.72462514297853,TRUE,2.22449940026965,0.28569112094327,1.17687780340575,TRUE,4,TRUE,no_formulation
VITAMIN B6,Vitamin B6 Increased,3,35,95,32,92,43042,43169,40.1869565217391,76.4518519527934,TRUE,50.1118503118503,0.572116736466937,16.328445504278,TRUE,0.077022863628993,3.41242013916169,TRUE,2.60065453240582,0.28569112094327,1.55303293554192,TRUE,4,TRUE,no_formulation
VITAMIN C,Chills,3,17,450,14,447,42705,43169,17.0359257797079,30.7788388800564,TRUE,23.0351377383934,0.59744276379816,7.14228648336328,TRUE,0.177210498274225,2.21395223538197,TRUE,2.3696786785449,0.28569112094327,1.322057081681,TRUE,4,TRUE,no_formulation
VITAMIN D,Hospitalisation,3,45,708,42,705,42419,43169,4.07791962174941,4.2811274072935,TRUE,4.95162379622295,0.557390981256841,1.66068345774072,TRUE,0.738029604577359,0.157866868334495,FALSE,1.49930910842119,0.28569112094327,0.451687511557296,TRUE,3,TRUE,no_formulation
VITAMIN D,Hypoaesthesia,3,45,611,42,608,42516,43169,4.72850877192983,5.53384710113749,TRUE,5.75408187925951,0.557593582399604,1.92904695160849,TRUE,0.636915379091478,0.370336960924466,FALSE,1.62223004400007,0.28569112094327,0.574608447136168,TRUE,3,TRUE,no_formulation
VITAMIN D,Muscle Spasms,4,45,623,41,619,42505,43169,6.19264045952253,12.7087481146493,TRUE,7.43991948423233,0.497952145427251,2.80351453662157,TRUE,0.649424355440246,1.07951645857137,TRUE,1.9690134772063,0.222199057451206,1.04510877481295,TRUE,4,TRUE,no_formulation
VITAMIN D,Renal Disorder,3,45,258,42,255,42869,43169,11.2742483660131,18.6387768135908,TRUE,13.8177276390008,0.559625694917004,4.61395781664541,TRUE,0.268942991498529,1.61307126786967,TRUE,2.18640637445499,0.28569112094327,1.13878477759109,TRUE,4,TRUE,no_formulation
VITAMIN D3,Erythema,3,33,719,30,716,42420,43169,5.47689182326054,7.04351354024718,TRUE,6.7940352121538,0.565615079255054,2.24215957457176,TRUE,0.549630521902291,0.582852661204037,FALSE,1.73747334466728,0.28569112094327,0.689851747803383,TRUE,3,TRUE,no_formulation
VITAMIN D3,Gait Disturbance,3,33,361,30,358,42778,43169,10.9537836465211,18.0889956412631,TRUE,13.6931888332533,0.566845611668504,4.50812419126195,TRUE,0.275961917116449,1.57594943054755,TRUE,2.17329716779989,0.28569112094327,1.125675570936,TRUE,4,TRUE,no_formulation
VITAMIN D3,Loss Of Consciousness,3,33,995,30,992,42144,43169,3.95307917888563,4.0746057480299,TRUE,4.87280009910394,0.565272019052619,1.60919746139519,TRUE,0.760615256318191,0.114398673226104,FALSE,1.47322689420856,0.28569112094327,0.425605297344662,TRUE,3,TRUE,no_formulation
VITAMIN D3,Pruritus,4,33,1457,29,1453,41683,43169,3.59849006235792,5.29493463052441,TRUE,4.37461300309598,0.506786456124202,1.6201465456948,TRUE,1.11378535523176,0.301597657588284,FALSE,1.47947629862322,0.222199057451206,0.555571596229864,TRUE,3,TRUE,no_formulation
VITAMIN E,Diarrhoea,4,13,3103,9,3099,40057,43169,4.284856157073,7.59166028722654,TRUE,6.12182779905078,0.572567006483727,1.99297675771189,TRUE,0.934443698024045,0.554803600850485,FALSE,1.64943365806599,0.222199057451206,0.725528955672639,TRUE,3,TRUE,no_formulation
VITAMIN E,Nausea,4,13,3887,9,3883,39273,43169,3.41971909110719,5.09605571965367,TRUE,4.79032749893273,0.572510560825781,1.5596759592442,TRUE,1.17053904422155,0.229917463949678,FALSE,1.42961129937611,0.222199057451206,0.50570659698276,TRUE,3,TRUE,no_formulation
VITAPEARL,Abortion Spontaneous,19,24,245,5,226,42919,43169,151.134771386431,2491.33809813,TRUE,671.828416616496,0.487379260505019,258.459659302767,TRUE,0.136208853575482,6.510713363596,TRUE,4.93782986497724,0.051258886511035,4.49407752591772,TRUE,4,TRUE,no_formulation
VITAPEARL PRENATAL MULTIVITAMIN WITH DHA,Abortion Spontaneous,5,9,245,4,240,42920,43169,99.9074074074074,389.794107887028,TRUE,218.122199122199,0.638922301291962,62.3502537348039,TRUE,0.0510783200908059,5.26515428292134,TRUE,3.31910234213852,0.181795017047166,2.48340877539985,TRUE,4,TRUE,no_formulation
VIVAZEN,Anxiety,4,6,1125,2,1121,42042,43169,25.669342848647,73.4234850225764,TRUE,67.4779313419527,0.789390695808369,14.3621293715575,TRUE,0.15636220435961,3.13137545123274,TRUE,2.7773609305324,0.222199057451206,1.85345622813904,TRUE,4,TRUE,no_formulation
VIVAZEN,Diarrhoea,4,6,3103,2,3099,40064,43169,9.28536086909756,23.5293199302405,TRUE,23.2670108081949,0.789030933903933,4.9556873752475,TRUE,0.431281706780328,1.66966047816919,TRUE,2.27263545647311,0.222199057451206,1.34873075407976,TRUE,4,TRUE,no_formulation
VIVAZEN,Drug Dependence,3,6,258,3,255,42908,43169,84.6333333333334,170.371064866592,TRUE,167.939334637965,0.758528688421943,37.9734253254295,TRUE,0.0358590655331372,4.5080113449732,TRUE,2.70742940467994,0.28569112094327,1.65980780781604,TRUE,4,TRUE,no_formulation
VIVAZEN,Drug Withdrawal Syndrome,4,6,95,2,91,43072,43169,316.212454212454,922.927064995741,TRUE,847.327868852459,0.795722565119543,178.122494755397,TRUE,0.0132039194792559,6.66323616951149,TRUE,3.13232090760182,0.222199057451206,2.20841620520847,TRUE,4,TRUE,no_formulation
VIVAZEN,Dysphoria,4,6,5,2,1,43162,43169,28775.3333333333,17624.8331053357,TRUE,51795,1.13530262800206,5596.27091911819,TRUE,0.000694943130487155,10.367349962725,TRUE,3.16792121162382,0.222199057451206,2.24401650923047,TRUE,4,TRUE,no_formulation
VIVAZEN,Insomnia,4,6,853,2,849,42314,43169,33.8932076953278,98.4019078109684,TRUE,89.6599175985874,0.789571414009047,19.0766266147329,TRUE,0.118557298061109,3.52967153047277,TRUE,2.86294585553408,0.222199057451206,1.93904115314073,TRUE,4,TRUE,no_formulation
VIVAZEN,Irritability,4,6,154,2,150,43013,43169,191.835555555556,567.44055164735,TRUE,514.447176079734,0.793025843847254,108.718527486795,TRUE,0.0214042484190044,5.98043236157213,TRUE,3.10945075828156,0.222199057451206,2.18554605588821,TRUE,4,TRUE,no_formulation
VIVAZEN,Restless Legs Syndrome,4,6,36,2,32,43131,43169,899.229166666667,2443.62407017096,TRUE,2388.82153846154,0.808093211147522,490.140825763559,TRUE,0.00500359053950752,8.00424862180661,TRUE,3.15555945096994,0.222199057451206,2.23165474857659,TRUE,4,TRUE,no_formulation
VIVAZEN,Tremor,4,6,796,2,792,42371,43169,36.3324915824916,105.80044796056,TRUE,96.2381072555205,0.789625007610957,20.4740942038946,TRUE,0.110634946373555,3.62914946478844,TRUE,2.88154293960986,0.222199057451206,1.95763823721651,TRUE,4,TRUE,no_formulation
WOMENS BALANCE HAIR GROWTH NUTRACEUTICAL,Dehydration,4,20,879,16,875,42274,43169,9.86262857142857,23.98733761967,TRUE,13.1689424225118,0.53291100777229,4.63369976950971,TRUE,0.407236674465473,1.75235550394712,TRUE,2.3103741348414,0.222199057451206,1.38646943244804,TRUE,4,TRUE,no_formulation
WOMENS BALANCE HAIR GROWTH NUTRACEUTICAL,Diarrhoea,5,20,3103,15,3098,40051,43169,3.48200451904455,7.03201341798032,TRUE,4.58667825742945,0.4966709328242,1.73270027206795,TRUE,1.43760568926776,0.459695826097522,FALSE,1.50515661239295,0.181795017047166,0.669463045654282,TRUE,3,TRUE,no_formulation
WOMENS BALANCE HAIR GROWTH NUTRACEUTICAL,Emergency Care,5,20,140,15,135,43014,43169,79.9055555555556,304.396984835103,TRUE,112.643613855493,0.503723766191053,41.9689640273731,TRUE,0.0648613588454678,4.92256200835374,TRUE,3.28346290166135,0.181795017047166,2.44776933492269,TRUE,4,TRUE,no_formulation
WOMENS ULTRA MEGA ENERGY AND METABOLISM VITAPAK PACKET,Dyspnoea,3,4,3460,1,3457,39708,43169,9.36469482210009,16.107676583586,TRUE,26.7977343938298,0.976061146765655,3.95601616020795,TRUE,0.320600430864741,1.35989279706171,TRUE,2.09260310521237,0.28569112094327,1.04498150834847,TRUE,4,TRUE,no_formulation
XENADRINE,Fatigue,3,13,1718,10,1715,41441,43169,5.80704193765418,7.91516750638364,TRUE,8.05236568541727,0.617704971474593,2.39950910807895,TRUE,0.517361995876671,0.670084322019474,FALSE,1.7825218144137,0.28569112094327,0.734900217549801,TRUE,3,TRUE,no_formulation
XENADRINE,Headache,3,13,2348,10,2345,40811,43169,4.24694111858291,4.80917751261137,TRUE,5.79997157677823,0.617578523085471,1.72875087775667,TRUE,0.707081470499664,0.219639633928019,FALSE,1.53583186972669,0.28569112094327,0.48821027286279,TRUE,3,TRUE,no_formulation
YOHIMBE 451,Tremor,3,3,796,0,793,42373,43169,54.4337957124842,110.076740295361,TRUE,373.805293005671,1.51228242230584,19.2914406363534,TRUE,0.0553174731867776,3.88745247367406,TRUE,2.65597022558346,0.28569112094327,1.60834862871956,TRUE,4,TRUE,no_formulation
YOUTHEORY TURMERIC,Chromaturia,3,6,441,3,438,42725,43169,49.2728310502283,98.043958502055,TRUE,97.4355758266819,0.75745130428651,22.0781149130989,TRUE,0.0612939841089671,3.74031339538999,TRUE,2.64052642021891,0.28569112094327,1.59290482335501,TRUE,4,TRUE,no_formulation
YOUTHEORY TURMERIC,Fatigue,3,6,1718,3,1715,41448,43169,12.5839650145773,22.3038385216571,TRUE,24.1611774992714,0.756330363125382,5.48676921959778,TRUE,0.238782459635387,1.78444162659717,TRUE,2.24413340305754,0.28569112094327,1.19651180619364,TRUE,4,TRUE,no_formulation
YOUTHEORY TURMERIC,Jaundice,4,6,578,2,574,42589,43169,50.1312427409988,147.561967055816,TRUE,133.439686684073,0.789928063956609,28.3716550531031,TRUE,0.0803354258843151,4.08915982440287,TRUE,2.95496609715122,0.222199057451206,2.03106139475787,TRUE,4,TRUE,no_formulation
YOUTHEORY TURMERIC,Nausea,3,6,3887,3,3884,39279,43169,5.55651390319259,7.81352207434021,TRUE,10.1118548075685,0.756116038310404,2.29726904057233,TRUE,0.540248789640715,0.607675150331517,FALSE,1.75042631229099,0.28569112094327,0.702804715427092,TRUE,3,TRUE,no_formulation
ZANTREX 3,Erythema,4,18,719,14,715,42436,43169,13.4113442113442,34.7536696424578,TRUE,18.4066363044893,0.540933386030863,6.37562312707574,TRUE,0.299798466492159,2.19379293412215,TRUE,2.49221658135602,0.222199057451206,1.56831187896267,TRUE,4,TRUE,no_formulation
ZANTREX 3,Headache,4,18,2348,14,2344,40807,43169,4.09091770951839,6.86758734678158,TRUE,5.40174730293203,0.540035901528669,1.87433158684937,TRUE,0.979035882230304,0.487573829653634,FALSE,1.60526794799941,0.222199057451206,0.681363245606053,TRUE,3,TRUE,no_formulation
ZANTREX 3,Nausea,5,18,3887,13,3882,39269,43169,3.08768389718931,5.62346905968778,TRUE,4.12071736901099,0.506137616611452,1.52805783221765,TRUE,1.62074636892214,0.286744576759164,FALSE,1.37485952684853,0.181795017047166,0.539165960109865,TRUE,3,TRUE,no_formulation
ZANTREX 3,Paraesthesia,3,18,621,15,618,42533,43169,11.6372707659115,19.6874939068681,TRUE,15.5284376874332,0.59318693554469,4.85508514307132,TRUE,0.258935810419514,1.66770581188343,TRUE,2.20530514699008,0.28569112094327,1.15768355012619,TRUE,4,TRUE,no_formulation
ZANTREX 3,Urticaria,4,18,1254,14,1250,41901,43169,7.67128888888889,17.4654454324685,TRUE,10.3989714459044,0.540380685337315,3.60586165407154,TRUE,0.522875211378536,1.39202610648973,TRUE,2.13729485138024,0.222199057451206,1.21339014898689,TRUE,4,TRUE,no_formulation
ZENWISE HEALTH CALMING SLEEP SUPPORT WITH MELATONIN,Insomnia,3,4,853,1,850,42315,43169,38.0867647058824,75.6565378073005,TRUE,116.091906721536,0.976514394843705,17.1228522946603,TRUE,0.0790381987074058,3.37532069058812,TRUE,2.59562449210187,0.28569112094327,1.54800289523797,TRUE,4,TRUE,no_formulation
ZENWISE HEALTH CALMING SLEEP SUPPORT WITH MELATONIN,Nausea,3,4,3887,1,3884,39281,43169,8.3351570545829,13.9725708771689,TRUE,23.5955292401425,0.976045000523228,3.4834007864391,TRUE,0.360165859760476,1.19217790312469,TRUE,2.02466814552255,0.28569112094327,0.977046548658649,TRUE,4,TRUE,no_formulation
